Email,First Name,Last Name,Company,Website,Phone,Address,Title,fitScore,fitLabel,status,sentAt,LinkedIn,Segment,Priority,EmailType,resendId,resendStatus,deliveryStatus,resendCreatedAt,resendScheduledAt,resendLastSyncedAt,resendSubject,resendFrom,resendTo,resendError
info@baysideplumbing.com.au,,,Baysideplumbing,https://baysideplumbing.com.au/?utm_source=google&utm_medium=businesslisting&utm_campaign=local, 0411 724 011,Sydney CBD NSW Australia,Business Owner / Managing Director,92,High,sent,2026-08-19,,Plumbing & Trades,High,Personalized,e8090b32-8577-4852-aac0-1612caa29fb3,sent,sent,,,,AI Integration & Web growth for Baysideplumbing Sydney CBD NSW Australia?,WP Pro <hello@email.wppro.com.au>,info@baysideplumbing.com.au,
contact@cleanandclearplumbing.com.au,,,Cleanandclearplumbing,/aclk?sa=L&ai=DChsSEwiKmtvzrKuWAxXmLIMDHQszEFMYACICCAEQARoCc2Y&co=1&ase=2&gclid=EAIaIQobChMIiprb86yrlgMV5iyDAx0LMxBTEBAYASAAEgKPefD_BwE&cid=CAASuwHkaCL6g-gEl6j403H2e-bf-9tjUiFe43p4zPrw9jAJ1c5N1LzT89563eSaUCux9oW9aQ1NXFzfVU5Vm2lagY5RaIRsSufsCMso_AO1MU7CTsTxlsjJvTM2LuvQ1suewc4rvNj2ezGecvuOCIpMA7i4NuhrcEcW8LBrrP9CVVnHAb-T4LLTfh4TviO0rCsgFTKCsqVGdc3wOD2sxxfiwGuAXLfeAYI0je0u55G10HE_GIirssiSErzOvL1B&cce=2&category=acrcp_v1_32&sig=AOD64_3L1V54VEAiesf4udBsoFcEzhztag&adurl&q&ctype=99&nis=6, 1300 213 069,", 443 Chapel Rd, Bankstown NSW 2200",Business Owner / Managing Director,92,High,sent,2026-08-19,,Plumbing & Trades,High,Personalized,bc1a8e93-9b9f-494c-91b7-ef1afe0e6b1d,sent,sent,,,,AI Integration & Web growth for Cleanandclearplumbing ?,WP Pro <hello@email.wppro.com.au>,contact@cleanandclearplumbing.com.au,
contact@surryhillsplumbinganddrains.com.au,,,Surryhillsplumbinganddrains,/aclk?sa=L&ai=DChsSEwiKmtvzrKuWAxXmLIMDHQszEFMYACICCAEQARoCc2Y&co=1&ase=2&gclid=EAIaIQobChMIiprb86yrlgMV5iyDAx0LMxBTEBAYASAAEgKPefD_BwE&cid=CAASuwHkaCL6g-gEl6j403H2e-bf-9tjUiFe43p4zPrw9jAJ1c5N1LzT89563eSaUCux9oW9aQ1NXFzfVU5Vm2lagY5RaIRsSufsCMso_AO1MU7CTsTxlsjJvTM2LuvQ1suewc4rvNj2ezGecvuOCIpMA7i4NuhrcEcW8LBrrP9CVVnHAb-T4LLTfh4TviO0rCsgFTKCsqVGdc3wOD2sxxfiwGuAXLfeAYI0je0u55G10HE_GIirssiSErzOvL1B&cce=2&category=acrcp_v1_32&sig=AOD64_3L1V54VEAiesf4udBsoFcEzhztag&adurl&q&ctype=99&nis=6, 0485 828 573,Surry Hills NSW Australia,Business Owner / Managing Director,92,High,sent,2026-08-19,,Plumbing & Trades,High,Personalized,3cc46a6d-8309-40bc-85f4-cb0a6490b8fc,sent,sent,,,,AI Integration & Web growth for Surryhillsplumbinganddrains Surry Hills NSW Australia?,WP Pro <hello@email.wppro.com.au>,contact@surryhillsplumbinganddrains.com.au,
contact@ngoplumbing.com.au,,,Ngoplumbing,/aclk?sa=L&ai=DChsSEwiKmtvzrKuWAxXmLIMDHQszEFMYACICCAEQARoCc2Y&co=1&ase=2&gclid=EAIaIQobChMIiprb86yrlgMV5iyDAx0LMxBTEBAYASAAEgKPefD_BwE&cid=CAASuwHkaCL6g-gEl6j403H2e-bf-9tjUiFe43p4zPrw9jAJ1c5N1LzT89563eSaUCux9oW9aQ1NXFzfVU5Vm2lagY5RaIRsSufsCMso_AO1MU7CTsTxlsjJvTM2LuvQ1suewc4rvNj2ezGecvuOCIpMA7i4NuhrcEcW8LBrrP9CVVnHAb-T4LLTfh4TviO0rCsgFTKCsqVGdc3wOD2sxxfiwGuAXLfeAYI0je0u55G10HE_GIirssiSErzOvL1B&cce=2&category=acrcp_v1_32&sig=AOD64_3L1V54VEAiesf4udBsoFcEzhztag&adurl&q&ctype=99&nis=6, 0404 646 646,", 566 Crown St, Surry Hills NSW 2010",Business Owner / Managing Director,92,High,sent,2026-08-19,,Plumbing & Trades,High,Personalized,b3943f5f-cb9e-4b97-9353-7aae6b1420d9,sent,sent,,,,AI Integration & Web growth for Ngoplumbing ?,WP Pro <hello@email.wppro.com.au>,contact@ngoplumbing.com.au,
contact@mrplumber.com.au,,,Mrplumber,/aclk?sa=L&ai=DChsSEwiKmtvzrKuWAxXmLIMDHQszEFMYACICCAEQARoCc2Y&co=1&ase=2&gclid=EAIaIQobChMIiprb86yrlgMV5iyDAx0LMxBTEBAYASAAEgKPefD_BwE&cid=CAASuwHkaCL6g-gEl6j403H2e-bf-9tjUiFe43p4zPrw9jAJ1c5N1LzT89563eSaUCux9oW9aQ1NXFzfVU5Vm2lagY5RaIRsSufsCMso_AO1MU7CTsTxlsjJvTM2LuvQ1suewc4rvNj2ezGecvuOCIpMA7i4NuhrcEcW8LBrrP9CVVnHAb-T4LLTfh4TviO0rCsgFTKCsqVGdc3wOD2sxxfiwGuAXLfeAYI0je0u55G10HE_GIirssiSErzOvL1B&cce=2&category=acrcp_v1_32&sig=AOD64_3L1V54VEAiesf4udBsoFcEzhztag&adurl&q&ctype=99&nis=6, 1800 247 474,", 249 Cleveland St, Surry Hills NSW 2010",Business Owner / Managing Director,92,High,sent,2026-08-19,,Plumbing & Trades,High,Personalized,84846ddd-e7a5-4fea-94f9-1036c3ced3f9,sent,sent,,,,AI Integration & Web growth for Mrplumber ?,WP Pro <hello@email.wppro.com.au>,contact@mrplumber.com.au,
contact@civicplumbing.com.au,,,Civicplumbing,/aclk?sa=L&ai=DChsSEwiKmtvzrKuWAxXmLIMDHQszEFMYACICCAEQARoCc2Y&co=1&ase=2&gclid=EAIaIQobChMIiprb86yrlgMV5iyDAx0LMxBTEBAYASAAEgKPefD_BwE&cid=CAASuwHkaCL6g-gEl6j403H2e-bf-9tjUiFe43p4zPrw9jAJ1c5N1LzT89563eSaUCux9oW9aQ1NXFzfVU5Vm2lagY5RaIRsSufsCMso_AO1MU7CTsTxlsjJvTM2LuvQ1suewc4rvNj2ezGecvuOCIpMA7i4NuhrcEcW8LBrrP9CVVnHAb-T4LLTfh4TviO0rCsgFTKCsqVGdc3wOD2sxxfiwGuAXLfeAYI0je0u55G10HE_GIirssiSErzOvL1B&cce=2&category=acrcp_v1_32&sig=AOD64_3L1V54VEAiesf4udBsoFcEzhztag&adurl&q&ctype=99&nis=6, 0410 790 630,", 23 Turner St, Redfern NSW 2016",Business Owner / Managing Director,92,High,sent,2026-08-19,,Plumbing & Trades,High,Personalized,17d701d3-3573-4110-bb3b-c149ed3b6da8,sent,sent,,,,AI Integration & Web growth for Civicplumbing ?,WP Pro <hello@email.wppro.com.au>,contact@civicplumbing.com.au,
contact@karuso.com.au,,,Karuso,/aclk?sa=L&ai=DChsSEwiKmtvzrKuWAxXmLIMDHQszEFMYACICCAEQARoCc2Y&co=1&ase=2&gclid=EAIaIQobChMIiprb86yrlgMV5iyDAx0LMxBTEBAYASAAEgKPefD_BwE&cid=CAASuwHkaCL6g-gEl6j403H2e-bf-9tjUiFe43p4zPrw9jAJ1c5N1LzT89563eSaUCux9oW9aQ1NXFzfVU5Vm2lagY5RaIRsSufsCMso_AO1MU7CTsTxlsjJvTM2LuvQ1suewc4rvNj2ezGecvuOCIpMA7i4NuhrcEcW8LBrrP9CVVnHAb-T4LLTfh4TviO0rCsgFTKCsqVGdc3wOD2sxxfiwGuAXLfeAYI0je0u55G10HE_GIirssiSErzOvL1B&cce=2&category=acrcp_v1_32&sig=AOD64_3L1V54VEAiesf4udBsoFcEzhztag&adurl&q&ctype=99&nis=6, 0401 788 078,", 81-83 Campbell St, Surry Hills NSW 2010",Business Owner / Managing Director,92,High,sent,2026-08-19,,Plumbing & Trades,High,Personalized,9237095c-252d-4ed9-b777-ff323d5a307d,sent,sent,,,,AI Integration & Web growth for Karuso ?,WP Pro <hello@email.wppro.com.au>,contact@karuso.com.au,
contact@swansonplumbing.com.au,,,Swansonplumbing,/aclk?sa=L&ai=DChsSEwjyxfL4rKuWAxUBjGYCHc0DDRAYACICCAEQABoCc20&co=1&ase=2&gclid=EAIaIQobChMI8sXy-KyrlgMVAYxmAh3NAw0QEBAYASAAEgK2t_D_BwE&cid=CAASuwHkaHSRwAHcaq6GXLX8HH7hd99UwAcMgTBb6fkHNNeRUWZaZMCn_kodlNn3PokjuIqF25DmLRmoLFBWtB-1UUwCBXk6zJzlnppqE-t9Jf8w3AlIWTEVIhBPx1LzWW5dUQU7A2QA1U7aBoSOChDuRpMhtxk-1XaY4K-bqtRgizCqHMOislKcdUK4r4X-IJQRIyAiVWpWRsWl_Xb9-65-3jq_Wb12e40LxKyi4ceO4mc6hD1DcOSn4_aEUnKC&cce=2&category=acrcp_v1_32&sig=AOD64_3yr-AU0b-i8IvnQV8uKxbo43qHaA&adurl&q&ctype=99&nis=6, 0402 796 448,", Bunn St, Pyrmont NSW 2009",Business Owner / Managing Director,92,High,sent,2026-08-19,,Plumbing & Trades,High,Personalized,57a91edd-fa4b-4d75-8134-f080b768ebe9,sent,sent,,,,AI Integration & Web growth for Swansonplumbing ?,WP Pro <hello@email.wppro.com.au>,contact@swansonplumbing.com.au,
contact@michaelsrepairingservices.com.au,,,Michaelsrepairingservices,/aclk?sa=L&ai=DChsSEwjyxfL4rKuWAxUBjGYCHc0DDRAYACICCAEQABoCc20&co=1&ase=2&gclid=EAIaIQobChMI8sXy-KyrlgMVAYxmAh3NAw0QEBAYASAAEgK2t_D_BwE&cid=CAASuwHkaHSRwAHcaq6GXLX8HH7hd99UwAcMgTBb6fkHNNeRUWZaZMCn_kodlNn3PokjuIqF25DmLRmoLFBWtB-1UUwCBXk6zJzlnppqE-t9Jf8w3AlIWTEVIhBPx1LzWW5dUQU7A2QA1U7aBoSOChDuRpMhtxk-1XaY4K-bqtRgizCqHMOislKcdUK4r4X-IJQRIyAiVWpWRsWl_Xb9-65-3jq_Wb12e40LxKyi4ceO4mc6hD1DcOSn4_aEUnKC&cce=2&category=acrcp_v1_32&sig=AOD64_3yr-AU0b-i8IvnQV8uKxbo43qHaA&adurl&q&ctype=99&nis=6, 0439 645 142,", 282 Harris St, Pyrmont NSW 2009",Business Owner / Managing Director,92,High,sent,2026-08-19,,Plumbing & Trades,High,Personalized,7c242d37-52ca-4df5-b2ee-903be4d42be9,sent,sent,,,,AI Integration & Web growth for Michaelsrepairingservices ?,WP Pro <hello@email.wppro.com.au>,contact@michaelsrepairingservices.com.au,
contact@acceleratedplumbingsolutions.com.au,,,Acceleratedplumbingsolutions,/aclk?sa=L&ai=DChsSEwjyxfL4rKuWAxUBjGYCHc0DDRAYACICCAEQABoCc20&co=1&ase=2&gclid=EAIaIQobChMI8sXy-KyrlgMVAYxmAh3NAw0QEBAYASAAEgK2t_D_BwE&cid=CAASuwHkaHSRwAHcaq6GXLX8HH7hd99UwAcMgTBb6fkHNNeRUWZaZMCn_kodlNn3PokjuIqF25DmLRmoLFBWtB-1UUwCBXk6zJzlnppqE-t9Jf8w3AlIWTEVIhBPx1LzWW5dUQU7A2QA1U7aBoSOChDuRpMhtxk-1XaY4K-bqtRgizCqHMOislKcdUK4r4X-IJQRIyAiVWpWRsWl_Xb9-65-3jq_Wb12e40LxKyi4ceO4mc6hD1DcOSn4_aEUnKC&cce=2&category=acrcp_v1_32&sig=AOD64_3yr-AU0b-i8IvnQV8uKxbo43qHaA&adurl&q&ctype=99&nis=6, 0408 472 243,", Unit 7/1-5 Harwood St, Pyrmont NSW 2009",Business Owner / Managing Director,92,High,sent,2026-08-19,,Plumbing & Trades,High,Personalized,a76027b7-0364-49a0-a4fa-813462f2c1ee,sent,sent,,,,AI Integration & Web growth for Acceleratedplumbingsolutions ?,WP Pro <hello@email.wppro.com.au>,contact@acceleratedplumbingsolutions.com.au,
contact@hpsemergencyplumbingsydney.com.au,,,Hpsemergencyplumbingsydney,/aclk?sa=L&ai=DChsSEwjyxfL4rKuWAxUBjGYCHc0DDRAYACICCAEQABoCc20&co=1&ase=2&gclid=EAIaIQobChMI8sXy-KyrlgMVAYxmAh3NAw0QEBAYASAAEgK2t_D_BwE&cid=CAASuwHkaHSRwAHcaq6GXLX8HH7hd99UwAcMgTBb6fkHNNeRUWZaZMCn_kodlNn3PokjuIqF25DmLRmoLFBWtB-1UUwCBXk6zJzlnppqE-t9Jf8w3AlIWTEVIhBPx1LzWW5dUQU7A2QA1U7aBoSOChDuRpMhtxk-1XaY4K-bqtRgizCqHMOislKcdUK4r4X-IJQRIyAiVWpWRsWl_Xb9-65-3jq_Wb12e40LxKyi4ceO4mc6hD1DcOSn4_aEUnKC&cce=2&category=acrcp_v1_32&sig=AOD64_3yr-AU0b-i8IvnQV8uKxbo43qHaA&adurl&q&ctype=99&nis=6, 0485 900 380,Pyrmont NSW Australia,Business Owner / Managing Director,92,High,sent,2026-08-19,,Plumbing & Trades,High,Personalized,97e014eb-6776-4e9f-a379-67e7ecd0de5c,sent,sent,,,,AI Integration & Web growth for Hpsemergencyplumbingsydney Pyrmont NSW Australia?,WP Pro <hello@email.wppro.com.au>,contact@hpsemergencyplumbingsydney.com.au,
info@twinplumbing.com.au,,,Twinplumbing,http://www.twinplumbing.com.au/, 1300 765 701,", 6/616 Harris St, Ultimo NSW 2007",Business Owner / Managing Director,92,High,sent,2026-08-19,,Plumbing & Trades,High,Personalized,4925bb5f-86bd-40a4-81db-a46ec5cc6101,sent,sent,,,,AI Integration & Web growth for Twinplumbing ?,WP Pro <hello@email.wppro.com.au>,info@twinplumbing.com.au,
info@servicetoday.com.au,,,Servicetoday,https://www.servicetoday.com.au/plumbers/plumber-sydney/plumber-darlinghurst/, 0488 823 025,Darlinghurst NSW Australia,Business Owner / Managing Director,92,High,sent,2026-08-19,,Plumbing & Trades,High,Personalized,80678900-f667-491c-9a56-b222082c6700,sent,sent,,,,AI Integration & Web growth for Servicetoday Darlinghurst NSW Australia?,WP Pro <hello@email.wppro.com.au>,info@servicetoday.com.au,
contact@yassplumbing.com.au,,,Yassplumbing,/aclk?sa=L&ai=DChsSEwjl_5SGrauWAxUjk2YCHXaAAhoYACICCAEQAxoCc20&co=1&ase=2&gclid=EAIaIQobChMI5f-Uhq2rlgMVI5NmAh12gAIaEBAYASAAEgIFlvD_BwE&cid=CAASuwHkaKj34785QaOF_STHoiAWGkUonk948dzzZPs8bjESr-ybb1lx3C3-aJvKyFDtLCVKuF3LahJNigBDN3wiRiL9B8sQ8_vEDYaDWHQWayb5fb_0UtF8mWxT1bSh2jzXipEZ2O0Z4o1VVkWTCguXBKA61toEYP27dc4z1joKKkc-WCpqZqns6m6wT3OVzk70D8xeKK2uCW3pjgWKggHBGVYQV-fToWbOfkX7EIZeO0tLwRT8DQlxmHDhbErc&cce=2&category=acrcp_v1_32&sig=AOD64_1y3AnNgZfdEmNeNuQidjAiLsKLAg&adurl&q&ctype=99&nis=6, 0416 733 100,", Ste 311/79-83 Longueville Rd, Lane Cove NSW 2066",Business Owner / Managing Director,92,High,sent,2026-08-19,,Plumbing & Trades,High,Personalized,776de97e-af27-418f-9868-441503b4f1b1,sent,sent,,,,AI Integration & Web growth for Yassplumbing ?,WP Pro <hello@email.wppro.com.au>,contact@yassplumbing.com.au,
contact@paddoplumbingbathrooms.com.au,,,Paddoplumbingbathrooms,/aclk?sa=L&ai=DChsSEwjl_5SGrauWAxUjk2YCHXaAAhoYACICCAEQAxoCc20&co=1&ase=2&gclid=EAIaIQobChMI5f-Uhq2rlgMVI5NmAh12gAIaEBAYASAAEgIFlvD_BwE&cid=CAASuwHkaKj34785QaOF_STHoiAWGkUonk948dzzZPs8bjESr-ybb1lx3C3-aJvKyFDtLCVKuF3LahJNigBDN3wiRiL9B8sQ8_vEDYaDWHQWayb5fb_0UtF8mWxT1bSh2jzXipEZ2O0Z4o1VVkWTCguXBKA61toEYP27dc4z1joKKkc-WCpqZqns6m6wT3OVzk70D8xeKK2uCW3pjgWKggHBGVYQV-fToWbOfkX7EIZeO0tLwRT8DQlxmHDhbErc&cce=2&category=acrcp_v1_32&sig=AOD64_1y3AnNgZfdEmNeNuQidjAiLsKLAg&adurl&q&ctype=99&nis=6, 0452 071 699,", Oxford St, Paddington NSW 2021",Business Owner / Managing Director,92,High,sent,2026-08-19,,Plumbing & Trades,High,Personalized,21b9bd5b-3767-43e4-8c8a-927881fe78be,sent,sent,,,,AI Integration & Web growth for Paddoplumbingbathrooms ?,WP Pro <hello@email.wppro.com.au>,contact@paddoplumbingbathrooms.com.au,
info@zetlandplumbing.com.au,,,Zetlandplumbing,http://www.zetlandplumbing.com.au/, 0433 755 648,", 9 Grandstand Parade, Zetland NSW 2017",Business Owner / Managing Director,92,High,sent,2026-08-19,,Plumbing & Trades,High,Personalized,e000aaf7-d3d3-44d9-a0cb-f7b8a99fb1b4,sent,sent,,,,AI Integration & Web growth for Zetlandplumbing ?,WP Pro <hello@email.wppro.com.au>,info@zetlandplumbing.com.au,
info@sydneyparkplumbing.com.au,,,Sydneyparkplumbing,http://www.sydneyparkplumbing.com.au/, 1300 313 434,", 53 Bourke Rd, Alexandria NSW 2015",Business Owner / Managing Director,92,High,sent,2026-08-19,,Plumbing & Trades,High,Personalized,c2e2c604-0c4f-404b-8b0b-31c91ba8502a,sent,sent,,,,AI Integration & Web growth for Sydneyparkplumbing ?,WP Pro <hello@email.wppro.com.au>,info@sydneyparkplumbing.com.au,
contact@sydneyinlineplumbing.com.au,,,Sydneyinlineplumbing,/aclk?sa=L&ai=DChsSEwiRh7mUrauWAxVdhmYCHRRjLw4YACICCAEQABoCc20&co=1&ase=2&gclid=EAIaIQobChMIkYe5lK2rlgMVXYZmAh0UYy8OEBAYASAAEgIC6vD_BwE&cid=CAASuwHkaEYJNO5h0uSNRwDQyqR7vYUDnC4ovCMydYLngP-Lx655VeEQdcNetZ4td41O_jwB_QndVBbYYDXJRzu0Ulhcl_AHOXmhxAAhvTuMqhWfKpihTaTF6qT33daCWY5UeVaLDJl0Lu1aECzvgjSGwiZTwtSaXb8fHyC18LHrMHu7Qdoiuj8GCt_Z5xBFJkJVIalZs_Q_53Ewr6M1v-3ULr4QqL73MDRQpsJemZnhp1bEZV1JmhpFlKfNqX7G&cce=2&category=acrcp_v1_32&sig=AOD64_1c1XOosqmveQuJyx_FOKTOostmbA&adurl&q&ctype=99&nis=6, 0480 872 786,", 41-51 Wentworth Ave, Pagewood NSW 2035",Business Owner / Managing Director,92,High,sent,2026-08-19,,Plumbing & Trades,High,Personalized,1834579a-96cd-40fc-8779-2c380f5cd4c2,sent,sent,,,,AI Integration & Web growth for Sydneyinlineplumbing ?,WP Pro <hello@email.wppro.com.au>,contact@sydneyinlineplumbing.com.au,
contact@plumberooplumbing.com.au,,,Plumberooplumbing,/aclk?sa=L&ai=DChsSEwiRh7mUrauWAxVdhmYCHRRjLw4YACICCAEQABoCc20&co=1&ase=2&gclid=EAIaIQobChMIkYe5lK2rlgMVXYZmAh0UYy8OEBAYASAAEgIC6vD_BwE&cid=CAASuwHkaEYJNO5h0uSNRwDQyqR7vYUDnC4ovCMydYLngP-Lx655VeEQdcNetZ4td41O_jwB_QndVBbYYDXJRzu0Ulhcl_AHOXmhxAAhvTuMqhWfKpihTaTF6qT33daCWY5UeVaLDJl0Lu1aECzvgjSGwiZTwtSaXb8fHyC18LHrMHu7Qdoiuj8GCt_Z5xBFJkJVIalZs_Q_53Ewr6M1v-3ULr4QqL73MDRQpsJemZnhp1bEZV1JmhpFlKfNqX7G&cce=2&category=acrcp_v1_32&sig=AOD64_1c1XOosqmveQuJyx_FOKTOostmbA&adurl&q&ctype=99&nis=6, (02) 9191 8787,", Unit 10/20 Ricketty St, Mascot NSW 2020",Business Owner / Managing Director,92,High,sent,2026-08-19,,Plumbing & Trades,High,Personalized,f17d8bbf-6087-49c0-ab0f-35a724f97031,sent,sent,,,,AI Integration & Web growth for Plumberooplumbing ?,WP Pro <hello@email.wppro.com.au>,contact@plumberooplumbing.com.au,
contact@servicetodayplumbermascot.com.au,,,Servicetodayplumbermascot,/aclk?sa=L&ai=DChsSEwiRh7mUrauWAxVdhmYCHRRjLw4YACICCAEQABoCc20&co=1&ase=2&gclid=EAIaIQobChMIkYe5lK2rlgMVXYZmAh0UYy8OEBAYASAAEgIC6vD_BwE&cid=CAASuwHkaEYJNO5h0uSNRwDQyqR7vYUDnC4ovCMydYLngP-Lx655VeEQdcNetZ4td41O_jwB_QndVBbYYDXJRzu0Ulhcl_AHOXmhxAAhvTuMqhWfKpihTaTF6qT33daCWY5UeVaLDJl0Lu1aECzvgjSGwiZTwtSaXb8fHyC18LHrMHu7Qdoiuj8GCt_Z5xBFJkJVIalZs_Q_53Ewr6M1v-3ULr4QqL73MDRQpsJemZnhp1bEZV1JmhpFlKfNqX7G&cce=2&category=acrcp_v1_32&sig=AOD64_1c1XOosqmveQuJyx_FOKTOostmbA&adurl&q&ctype=99&nis=6, 0488 823 216,Mascot NSW Australia,Business Owner / Managing Director,92,High,sent,2026-08-19,,Plumbing & Trades,High,Personalized,d31a8b4f-654d-432d-94ce-2ca47dd2e7c6,sent,sent,,,,AI Integration & Web growth for Servicetodayplumbermascot Mascot NSW Australia?,WP Pro <hello@email.wppro.com.au>,contact@servicetodayplumbermascot.com.au,
contact@allaustralianplumbingandmaintenance.com.au,,,Allaustralianplumbingandmaintenance,/aclk?sa=L&ai=DChsSEwiRh7mUrauWAxVdhmYCHRRjLw4YACICCAEQABoCc20&co=1&ase=2&gclid=EAIaIQobChMIkYe5lK2rlgMVXYZmAh0UYy8OEBAYASAAEgIC6vD_BwE&cid=CAASuwHkaEYJNO5h0uSNRwDQyqR7vYUDnC4ovCMydYLngP-Lx655VeEQdcNetZ4td41O_jwB_QndVBbYYDXJRzu0Ulhcl_AHOXmhxAAhvTuMqhWfKpihTaTF6qT33daCWY5UeVaLDJl0Lu1aECzvgjSGwiZTwtSaXb8fHyC18LHrMHu7Qdoiuj8GCt_Z5xBFJkJVIalZs_Q_53Ewr6M1v-3ULr4QqL73MDRQpsJemZnhp1bEZV1JmhpFlKfNqX7G&cce=2&category=acrcp_v1_32&sig=AOD64_1c1XOosqmveQuJyx_FOKTOostmbA&adurl&q&ctype=99&nis=6, 0406 022 729,", 25 George St, Eastlakes NSW 2018",Business Owner / Managing Director,92,High,pending,,,Plumbing & Trades,High,Personalized,,,,,,,,,,
contact@mremergencyplumbingmascot.com.au,,,Mremergencyplumbingmascot,/aclk?sa=L&ai=DChsSEwiRh7mUrauWAxVdhmYCHRRjLw4YACICCAEQABoCc20&co=1&ase=2&gclid=EAIaIQobChMIkYe5lK2rlgMVXYZmAh0UYy8OEBAYASAAEgIC6vD_BwE&cid=CAASuwHkaEYJNO5h0uSNRwDQyqR7vYUDnC4ovCMydYLngP-Lx655VeEQdcNetZ4td41O_jwB_QndVBbYYDXJRzu0Ulhcl_AHOXmhxAAhvTuMqhWfKpihTaTF6qT33daCWY5UeVaLDJl0Lu1aECzvgjSGwiZTwtSaXb8fHyC18LHrMHu7Qdoiuj8GCt_Z5xBFJkJVIalZs_Q_53Ewr6M1v-3ULr4QqL73MDRQpsJemZnhp1bEZV1JmhpFlKfNqX7G&cce=2&category=acrcp_v1_32&sig=AOD64_1c1XOosqmveQuJyx_FOKTOostmbA&adurl&q&ctype=99&nis=6, 1300 164 064,Mascot NSW Australia,Business Owner / Managing Director,92,High,pending,,,Plumbing & Trades,High,Personalized,,,,,,,,,,
contact@jetsetplumbingsydney.com.au,,,Jetsetplumbingsydney,/aclk?sa=L&ai=DChsSEwiRh7mUrauWAxVdhmYCHRRjLw4YACICCAEQABoCc20&co=1&ase=2&gclid=EAIaIQobChMIkYe5lK2rlgMVXYZmAh0UYy8OEBAYASAAEgIC6vD_BwE&cid=CAASuwHkaEYJNO5h0uSNRwDQyqR7vYUDnC4ovCMydYLngP-Lx655VeEQdcNetZ4td41O_jwB_QndVBbYYDXJRzu0Ulhcl_AHOXmhxAAhvTuMqhWfKpihTaTF6qT33daCWY5UeVaLDJl0Lu1aECzvgjSGwiZTwtSaXb8fHyC18LHrMHu7Qdoiuj8GCt_Z5xBFJkJVIalZs_Q_53Ewr6M1v-3ULr4QqL73MDRQpsJemZnhp1bEZV1JmhpFlKfNqX7G&cce=2&category=acrcp_v1_32&sig=AOD64_1c1XOosqmveQuJyx_FOKTOostmbA&adurl&q&ctype=99&nis=6, 1300 753 644,Mascot NSW Australia,Business Owner / Managing Director,92,High,pending,,,Plumbing & Trades,High,Personalized,,,,,,,,,,
contact@aquaflushprofessionalplumbingservices.com.au,,,Aquaflushprofessionalplumbingservices,/aclk?sa=L&ai=DChsSEwiRh7mUrauWAxVdhmYCHRRjLw4YACICCAEQABoCc20&co=1&ase=2&gclid=EAIaIQobChMIkYe5lK2rlgMVXYZmAh0UYy8OEBAYASAAEgIC6vD_BwE&cid=CAASuwHkaEYJNO5h0uSNRwDQyqR7vYUDnC4ovCMydYLngP-Lx655VeEQdcNetZ4td41O_jwB_QndVBbYYDXJRzu0Ulhcl_AHOXmhxAAhvTuMqhWfKpihTaTF6qT33daCWY5UeVaLDJl0Lu1aECzvgjSGwiZTwtSaXb8fHyC18LHrMHu7Qdoiuj8GCt_Z5xBFJkJVIalZs_Q_53Ewr6M1v-3ULr4QqL73MDRQpsJemZnhp1bEZV1JmhpFlKfNqX7G&cce=2&category=acrcp_v1_32&sig=AOD64_1c1XOosqmveQuJyx_FOKTOostmbA&adurl&q&ctype=99&nis=6, (02) 9705 7806,", 10/28 Ricketty St, Mascot NSW 2020",Business Owner / Managing Director,92,High,pending,,,Plumbing & Trades,High,Personalized,,,,,,,,,,
info@easysolutionsplumbing.com.au,,,Easysolutionsplumbing,https://easysolutionsplumbing.com.au/?utm_source=google&utm_medium=organic&utm_campaign=gmb-alexandria, 0405 271 066,Rosebery NSW Australia,Business Owner / Managing Director,92,High,pending,,,Plumbing & Trades,High,Personalized,,,,,,,,,,
contact@quintessentialplumbingredfern.com.au,,,Quintessentialplumbingredfern,/aclk?sa=L&ai=DChsSEwjIuqufrauWAxWewzwCHQ0TFXQYACICCAEQABoCc2Y&co=1&ase=2&gclid=EAIaIQobChMIyLqrn62rlgMVnsM8Ah0NExV0EBAYASAAEgJZffD_BwE&cid=CAASuwHkaFHzylAUKdTkeuiaUIdASaC_KZl9tNk22EWkEoRJTelKb56PGIBgTDz5Dl6rniy4E6tI3QGjWCpG3_EYNR69auwps1w1BT_ifg134uOk9X_eQE7PvtqJsIvDhXDab9Yh4dEirxg9vIVrnl--TagNmH-1308mkPtEIRozjbJLTOPCdmTanN9RhNTBeYJVuv7DKd6rFuaXOfJw1yk0k8RpkW-NA4GrYfQUFA2EkJIhKFOU1uysSsqRuQiw&cce=2&category=acrcp_v1_32&sig=AOD64_27oIerPft7ERL3d7AShkEJNrmDMg&adurl&q&ctype=99&nis=6, (02) 9002 7385,Redfern NSW Australia,Business Owner / Managing Director,92,High,pending,,,Plumbing & Trades,High,Personalized,,,,,,,,,,
contact@circuitup.com.au,,,Circuitup,/aclk?sa=L&ai=DChsSEwjIuqufrauWAxWewzwCHQ0TFXQYACICCAEQABoCc2Y&co=1&ase=2&gclid=EAIaIQobChMIyLqrn62rlgMVnsM8Ah0NExV0EBAYASAAEgJZffD_BwE&cid=CAASuwHkaFHzylAUKdTkeuiaUIdASaC_KZl9tNk22EWkEoRJTelKb56PGIBgTDz5Dl6rniy4E6tI3QGjWCpG3_EYNR69auwps1w1BT_ifg134uOk9X_eQE7PvtqJsIvDhXDab9Yh4dEirxg9vIVrnl--TagNmH-1308mkPtEIRozjbJLTOPCdmTanN9RhNTBeYJVuv7DKd6rFuaXOfJw1yk0k8RpkW-NA4GrYfQUFA2EkJIhKFOU1uysSsqRuQiw&cce=2&category=acrcp_v1_32&sig=AOD64_27oIerPft7ERL3d7AShkEJNrmDMg&adurl&q&ctype=99&nis=6,,", 81 Redfern St, Redfern NSW 2016",Business Owner / Managing Director,92,High,pending,,,Plumbing & Trades,High,Personalized,,,,,,,,,,
contact@mulberrysplumbing.com.au,,,Mulberrysplumbing,/aclk?sa=L&ai=DChsSEwikicGirauWAxWUmWYCHXA1GX8YACICCAEQABoCc20&co=1&ase=2&gclid=EAIaIQobChMIpInBoq2rlgMVlJlmAh1wNRl_EBAYASAAEgJ0vvD_BwE&cid=CAASuwHkaBJ69bFegDqd_1sNQkpa-w_t-TkZ0-xxmwviqc90otVifjjwRqFPtviP8LS7HpNn1_h5f9ChZ7oimwVQMxZOgyJa9phPlpd1JxWmkhmePmR3XApjQQfJGzTRkfSg-4loLSDo7hwhEE_XJWau1v456_9h4DXcO-qhF9khh-nAGhcVDi9usce2_F4G_UiDeJsgpJJBtaLiA3etnwt1GNexZF8eceyqqRd7VkyVKJm14H7_3uhzpicpjq9T&cce=2&category=acrcp_v1_32&sig=AOD64_2-GnvAi_AQqYrtYhS98fXut6YxJQ&adurl&q&ctype=99&nis=6, 0490 093 200,", 2 Baird Ave, Matraville NSW 2036",Business Owner / Managing Director,92,High,pending,,,Plumbing & Trades,High,Personalized,,,,,,,,,,
contact@obrienplumbingmoorepark.com.au,,,Obrienplumbingmoorepark,/aclk?sa=L&ai=DChsSEwikicGirauWAxWUmWYCHXA1GX8YACICCAEQABoCc20&co=1&ase=2&gclid=EAIaIQobChMIpInBoq2rlgMVlJlmAh1wNRl_EBAYASAAEgJ0vvD_BwE&cid=CAASuwHkaBJ69bFegDqd_1sNQkpa-w_t-TkZ0-xxmwviqc90otVifjjwRqFPtviP8LS7HpNn1_h5f9ChZ7oimwVQMxZOgyJa9phPlpd1JxWmkhmePmR3XApjQQfJGzTRkfSg-4loLSDo7hwhEE_XJWau1v456_9h4DXcO-qhF9khh-nAGhcVDi9usce2_F4G_UiDeJsgpJJBtaLiA3etnwt1GNexZF8eceyqqRd7VkyVKJm14H7_3uhzpicpjq9T&cce=2&category=acrcp_v1_32&sig=AOD64_2-GnvAi_AQqYrtYhS98fXut6YxJQ&adurl&q&ctype=99&nis=6, (02) 9134 9012,", 813-851 South Dowling St, Moore Park NSW 2021",Business Owner / Managing Director,92,High,pending,,,Plumbing & Trades,High,Personalized,,,,,,,,,,
contact@fordflowplumbing.com.au,,,Fordflowplumbing,/aclk?sa=L&ai=DChsSEwikicGirauWAxWUmWYCHXA1GX8YACICCAEQABoCc20&co=1&ase=2&gclid=EAIaIQobChMIpInBoq2rlgMVlJlmAh1wNRl_EBAYASAAEgJ0vvD_BwE&cid=CAASuwHkaBJ69bFegDqd_1sNQkpa-w_t-TkZ0-xxmwviqc90otVifjjwRqFPtviP8LS7HpNn1_h5f9ChZ7oimwVQMxZOgyJa9phPlpd1JxWmkhmePmR3XApjQQfJGzTRkfSg-4loLSDo7hwhEE_XJWau1v456_9h4DXcO-qhF9khh-nAGhcVDi9usce2_F4G_UiDeJsgpJJBtaLiA3etnwt1GNexZF8eceyqqRd7VkyVKJm14H7_3uhzpicpjq9T&cce=2&category=acrcp_v1_32&sig=AOD64_2-GnvAi_AQqYrtYhS98fXut6YxJQ&adurl&q&ctype=99&nis=6, 0426 262 246,Moore Park NSW Australia,Business Owner / Managing Director,92,High,pending,,,Plumbing & Trades,High,Personalized,,,,,,,,,,
contact@jbsplumbingdrainsptyltd.com.au,,,Jbsplumbingdrainsptyltd,/aclk?sa=L&ai=DChsSEwjO9ualrauWAxWRkWYCHRKfBdsYACICCAEQARoCc20&co=1&ase=2&gclid=EAIaIQobChMIzvbmpa2rlgMVkZFmAh0SnwXbEBAYASAAEgLiTfD_BwE&cid=CAASuwHkaFgC-qDpirGPnrDnv7R27KgE00gUJWCumi08u2_0fyNKMQj5TFP02FU2Bveq1jJZ6PNr7B7XQ01EcdTrmRWTkm8o5gRQVxwCUIPJQGWbYUTo3uxAgTkKwGCJTmusWyj8oLYqcV1FBzp75gE3w9Lf5R5w1vrs1tlaEjkQV85HgjXy0dZUT9oPsWAguJep1E2y1ChsWNn5HBzuREB5OGfswKtiVdBMcUXzUofCEl9J-nxO33zQbJFetA8H&cce=2&category=acrcp_v1_32&sig=AOD64_0hXtwNHe9015UWCuGvf9ktcRtasA&adurl&q&ctype=99&nis=6, 0402 556 935,Bondi NSW Australia,Business Owner / Managing Director,92,High,pending,,,Plumbing & Trades,High,Personalized,,,,,,,,,,
contact@servicetodayplumberbondi.com.au,,,Servicetodayplumberbondi,/aclk?sa=L&ai=DChsSEwjO9ualrauWAxWRkWYCHRKfBdsYACICCAEQARoCc20&co=1&ase=2&gclid=EAIaIQobChMIzvbmpa2rlgMVkZFmAh0SnwXbEBAYASAAEgLiTfD_BwE&cid=CAASuwHkaFgC-qDpirGPnrDnv7R27KgE00gUJWCumi08u2_0fyNKMQj5TFP02FU2Bveq1jJZ6PNr7B7XQ01EcdTrmRWTkm8o5gRQVxwCUIPJQGWbYUTo3uxAgTkKwGCJTmusWyj8oLYqcV1FBzp75gE3w9Lf5R5w1vrs1tlaEjkQV85HgjXy0dZUT9oPsWAguJep1E2y1ChsWNn5HBzuREB5OGfswKtiVdBMcUXzUofCEl9J-nxO33zQbJFetA8H&cce=2&category=acrcp_v1_32&sig=AOD64_0hXtwNHe9015UWCuGvf9ktcRtasA&adurl&q&ctype=99&nis=6, 0488 823 050,Bondi NSW Australia,Business Owner / Managing Director,92,High,pending,,,Plumbing & Trades,High,Personalized,,,,,,,,,,
contact@choiceplumbing.com.au,,,Choiceplumbing,/aclk?sa=L&ai=DChsSEwjO9ualrauWAxWRkWYCHRKfBdsYACICCAEQARoCc20&co=1&ase=2&gclid=EAIaIQobChMIzvbmpa2rlgMVkZFmAh0SnwXbEBAYASAAEgLiTfD_BwE&cid=CAASuwHkaFgC-qDpirGPnrDnv7R27KgE00gUJWCumi08u2_0fyNKMQj5TFP02FU2Bveq1jJZ6PNr7B7XQ01EcdTrmRWTkm8o5gRQVxwCUIPJQGWbYUTo3uxAgTkKwGCJTmusWyj8oLYqcV1FBzp75gE3w9Lf5R5w1vrs1tlaEjkQV85HgjXy0dZUT9oPsWAguJep1E2y1ChsWNn5HBzuREB5OGfswKtiVdBMcUXzUofCEl9J-nxO33zQbJFetA8H&cce=2&category=acrcp_v1_32&sig=AOD64_0hXtwNHe9015UWCuGvf9ktcRtasA&adurl&q&ctype=99&nis=6, 0416 043 559,Bondi NSW Australia,Business Owner / Managing Director,92,High,pending,,,Plumbing & Trades,High,Personalized,,,,,,,,,,
contact@flowlineplumbinggasptyltd.com.au,,,Flowlineplumbinggasptyltd,/aclk?sa=L&ai=DChsSEwjO9ualrauWAxWRkWYCHRKfBdsYACICCAEQARoCc20&co=1&ase=2&gclid=EAIaIQobChMIzvbmpa2rlgMVkZFmAh0SnwXbEBAYASAAEgLiTfD_BwE&cid=CAASuwHkaFgC-qDpirGPnrDnv7R27KgE00gUJWCumi08u2_0fyNKMQj5TFP02FU2Bveq1jJZ6PNr7B7XQ01EcdTrmRWTkm8o5gRQVxwCUIPJQGWbYUTo3uxAgTkKwGCJTmusWyj8oLYqcV1FBzp75gE3w9Lf5R5w1vrs1tlaEjkQV85HgjXy0dZUT9oPsWAguJep1E2y1ChsWNn5HBzuREB5OGfswKtiVdBMcUXzUofCEl9J-nxO33zQbJFetA8H&cce=2&category=acrcp_v1_32&sig=AOD64_0hXtwNHe9015UWCuGvf9ktcRtasA&adurl&q&ctype=99&nis=6, 0485 812 776,Bondi NSW Australia,Business Owner / Managing Director,92,High,pending,,,Plumbing & Trades,High,Personalized,,,,,,,,,,
contact@easternsuburbsplumbingdrains.com.au,,,Easternsuburbsplumbingdrains,/aclk?sa=L&ai=DChsSEwjO9ualrauWAxWRkWYCHRKfBdsYACICCAEQARoCc20&co=1&ase=2&gclid=EAIaIQobChMIzvbmpa2rlgMVkZFmAh0SnwXbEBAYASAAEgLiTfD_BwE&cid=CAASuwHkaFgC-qDpirGPnrDnv7R27KgE00gUJWCumi08u2_0fyNKMQj5TFP02FU2Bveq1jJZ6PNr7B7XQ01EcdTrmRWTkm8o5gRQVxwCUIPJQGWbYUTo3uxAgTkKwGCJTmusWyj8oLYqcV1FBzp75gE3w9Lf5R5w1vrs1tlaEjkQV85HgjXy0dZUT9oPsWAguJep1E2y1ChsWNn5HBzuREB5OGfswKtiVdBMcUXzUofCEl9J-nxO33zQbJFetA8H&cce=2&category=acrcp_v1_32&sig=AOD64_0hXtwNHe9015UWCuGvf9ktcRtasA&adurl&q&ctype=99&nis=6, 0485 824 788,Bondi NSW Australia,Business Owner / Managing Director,92,High,pending,,,Plumbing & Trades,High,Personalized,,,,,,,,,,
contact@cliffordplumbing.com.au,,,Cliffordplumbing,/aclk?sa=L&ai=DChsSEwjO9ualrauWAxWRkWYCHRKfBdsYACICCAEQARoCc20&co=1&ase=2&gclid=EAIaIQobChMIzvbmpa2rlgMVkZFmAh0SnwXbEBAYASAAEgLiTfD_BwE&cid=CAASuwHkaFgC-qDpirGPnrDnv7R27KgE00gUJWCumi08u2_0fyNKMQj5TFP02FU2Bveq1jJZ6PNr7B7XQ01EcdTrmRWTkm8o5gRQVxwCUIPJQGWbYUTo3uxAgTkKwGCJTmusWyj8oLYqcV1FBzp75gE3w9Lf5R5w1vrs1tlaEjkQV85HgjXy0dZUT9oPsWAguJep1E2y1ChsWNn5HBzuREB5OGfswKtiVdBMcUXzUofCEl9J-nxO33zQbJFetA8H&cce=2&category=acrcp_v1_32&sig=AOD64_0hXtwNHe9015UWCuGvf9ktcRtasA&adurl&q&ctype=99&nis=6, 0485 071 378,Bondi NSW Australia,Business Owner / Managing Director,92,High,pending,,,Plumbing & Trades,High,Personalized,,,,,,,,,,
contact@tideplumbingco.com.au,,,Tideplumbingco,/aclk?sa=L&ai=DChsSEwiKifCqrauWAxU3lGYCHbLjBAsYACICCAEQARoCc20&co=1&ase=2&gclid=EAIaIQobChMIionwqq2rlgMVN5RmAh2y4wQLEBAYASAAEgK5j_D_BwE&cid=CAASuwHkaN0vFBmv8CUWDZGhAXRbPFv0eVdqKxtHdphA5nLUtCBp2ySDuiVCPDTfnnJDvMCkmIo-zSne38S9T9u0v5xTd9oMaRNTYVxapo6vC_j4oq6HzOKRFX4uADnScHN_37yvE0qjpl9aJpbVuPqwEfYdbmPb4bbxCMtnt6-xNR7uJDEoIg5GjbWXKS6cXO7WQ3cfZMOPo_KnGtxBmAN0HhlMEkf-soRdGs0QOo5TCtF8KSZRPrJ9tzJCGRyo&cce=2&category=acrcp_v1_32&sig=AOD64_3FozzSwd7V73BhbawseHqsMVPQjA&adurl&q&ctype=99&nis=6, 0438 663 333,Bondi Junction NSW Australia,Business Owner / Managing Director,92,High,pending,,,Plumbing & Trades,High,Personalized,,,,,,,,,,
contact@emergencyplumberbondi.com.au,,,Emergencyplumberbondi,/aclk?sa=L&ai=DChsSEwiKifCqrauWAxU3lGYCHbLjBAsYACICCAEQARoCc20&co=1&ase=2&gclid=EAIaIQobChMIionwqq2rlgMVN5RmAh2y4wQLEBAYASAAEgK5j_D_BwE&cid=CAASuwHkaN0vFBmv8CUWDZGhAXRbPFv0eVdqKxtHdphA5nLUtCBp2ySDuiVCPDTfnnJDvMCkmIo-zSne38S9T9u0v5xTd9oMaRNTYVxapo6vC_j4oq6HzOKRFX4uADnScHN_37yvE0qjpl9aJpbVuPqwEfYdbmPb4bbxCMtnt6-xNR7uJDEoIg5GjbWXKS6cXO7WQ3cfZMOPo_KnGtxBmAN0HhlMEkf-soRdGs0QOo5TCtF8KSZRPrJ9tzJCGRyo&cce=2&category=acrcp_v1_32&sig=AOD64_3FozzSwd7V73BhbawseHqsMVPQjA&adurl&q&ctype=99&nis=6, (02) 8599 6107,", Ste 32a/30 Denison St, Bondi Junction NSW 2022",Business Owner / Managing Director,92,High,pending,,,Plumbing & Trades,High,Personalized,,,,,,,,,,
contact@hillsemergencyplumber.com.au,,,Hillsemergencyplumber,/aclk?sa=L&ai=DChsSEwiKifCqrauWAxU3lGYCHbLjBAsYACICCAEQARoCc20&co=1&ase=2&gclid=EAIaIQobChMIionwqq2rlgMVN5RmAh2y4wQLEBAYASAAEgK5j_D_BwE&cid=CAASuwHkaN0vFBmv8CUWDZGhAXRbPFv0eVdqKxtHdphA5nLUtCBp2ySDuiVCPDTfnnJDvMCkmIo-zSne38S9T9u0v5xTd9oMaRNTYVxapo6vC_j4oq6HzOKRFX4uADnScHN_37yvE0qjpl9aJpbVuPqwEfYdbmPb4bbxCMtnt6-xNR7uJDEoIg5GjbWXKS6cXO7WQ3cfZMOPo_KnGtxBmAN0HhlMEkf-soRdGs0QOo5TCtF8KSZRPrJ9tzJCGRyo&cce=2&category=acrcp_v1_32&sig=AOD64_3FozzSwd7V73BhbawseHqsMVPQjA&adurl&q&ctype=99&nis=6, (02) 8294 8568,", Ste 42C/30 Denison St, Bondi Junction NSW 2022",Business Owner / Managing Director,92,High,pending,,,Plumbing & Trades,High,Personalized,,,,,,,,,,
contact@servicetodayplumbercoogee.com.au,,,Servicetodayplumbercoogee,/aclk?sa=L&ai=DChsSEwjKg6qurauWAxW2kmYCHda8G7wYACICCAEQABoCc20&co=1&ase=2&gclid=EAIaIQobChMIyoOqrq2rlgMVtpJmAh3WvBu8EBAYASAAEgJGVfD_BwE&cid=CAASuwHkaIqWeoytjAa-AvekZm8E65Bq5T9jpbIZjpVIK12U8dkEvx4GbSr6A9_VEeKNU7auboicZ2vuBGJ1ENxAObyACNVLleznATfz2gNUfZOf3bTKPvyg4moKJn5KvkvQBN4VEQWCJU-tusu6ktn5c39brB41XotJ0CAgzbgPHq1eyv94NQNWkGU_aDJ0L2uR3nh-pionP4cuFVNGlMQZwypeakFqO9C8I_I-oIwlKGMYSiEn7XJaXpTQFcla&cce=2&category=acrcp_v1_32&sig=AOD64_1yw7OcvDPvfiNVQ2tDSm4R0n8d1g&adurl&q&ctype=99&nis=6, 0480 099 043,Coogee NSW Australia,Business Owner / Managing Director,92,High,pending,,,Plumbing & Trades,High,Personalized,,,,,,,,,,
contact@skicoplumbing.com.au,,,Skicoplumbing,/aclk?sa=L&ai=DChsSEwjKg6qurauWAxW2kmYCHda8G7wYACICCAEQABoCc20&co=1&ase=2&gclid=EAIaIQobChMIyoOqrq2rlgMVtpJmAh3WvBu8EBAYASAAEgJGVfD_BwE&cid=CAASuwHkaIqWeoytjAa-AvekZm8E65Bq5T9jpbIZjpVIK12U8dkEvx4GbSr6A9_VEeKNU7auboicZ2vuBGJ1ENxAObyACNVLleznATfz2gNUfZOf3bTKPvyg4moKJn5KvkvQBN4VEQWCJU-tusu6ktn5c39brB41XotJ0CAgzbgPHq1eyv94NQNWkGU_aDJ0L2uR3nh-pionP4cuFVNGlMQZwypeakFqO9C8I_I-oIwlKGMYSiEn7XJaXpTQFcla&cce=2&category=acrcp_v1_32&sig=AOD64_1yw7OcvDPvfiNVQ2tDSm4R0n8d1g&adurl&q&ctype=99&nis=6, 0459 053 060,", Arden St, Coogee NSW 2034",Business Owner / Managing Director,92,High,pending,,,Plumbing & Trades,High,Personalized,,,,,,,,,,
contact@cottsplumbing.com.au,,,Cottsplumbing,/aclk?sa=L&ai=DChsSEwjKg6qurauWAxW2kmYCHda8G7wYACICCAEQABoCc20&co=1&ase=2&gclid=EAIaIQobChMIyoOqrq2rlgMVtpJmAh3WvBu8EBAYASAAEgJGVfD_BwE&cid=CAASuwHkaIqWeoytjAa-AvekZm8E65Bq5T9jpbIZjpVIK12U8dkEvx4GbSr6A9_VEeKNU7auboicZ2vuBGJ1ENxAObyACNVLleznATfz2gNUfZOf3bTKPvyg4moKJn5KvkvQBN4VEQWCJU-tusu6ktn5c39brB41XotJ0CAgzbgPHq1eyv94NQNWkGU_aDJ0L2uR3nh-pionP4cuFVNGlMQZwypeakFqO9C8I_I-oIwlKGMYSiEn7XJaXpTQFcla&cce=2&category=acrcp_v1_32&sig=AOD64_1yw7OcvDPvfiNVQ2tDSm4R0n8d1g&adurl&q&ctype=99&nis=6, 0418 226 489,Coogee NSW Australia,Business Owner / Managing Director,92,High,pending,,,Plumbing & Trades,High,Personalized,,,,,,,,,,
contact@barranceplumbing.com.au,,,Barranceplumbing,/aclk?sa=L&ai=DChsSEwjKg6qurauWAxW2kmYCHda8G7wYACICCAEQABoCc20&co=1&ase=2&gclid=EAIaIQobChMIyoOqrq2rlgMVtpJmAh3WvBu8EBAYASAAEgJGVfD_BwE&cid=CAASuwHkaIqWeoytjAa-AvekZm8E65Bq5T9jpbIZjpVIK12U8dkEvx4GbSr6A9_VEeKNU7auboicZ2vuBGJ1ENxAObyACNVLleznATfz2gNUfZOf3bTKPvyg4moKJn5KvkvQBN4VEQWCJU-tusu6ktn5c39brB41XotJ0CAgzbgPHq1eyv94NQNWkGU_aDJ0L2uR3nh-pionP4cuFVNGlMQZwypeakFqO9C8I_I-oIwlKGMYSiEn7XJaXpTQFcla&cce=2&category=acrcp_v1_32&sig=AOD64_1yw7OcvDPvfiNVQ2tDSm4R0n8d1g&adurl&q&ctype=99&nis=6, 0438 684 699,Coogee NSW Australia,Business Owner / Managing Director,92,High,pending,,,Plumbing & Trades,High,Personalized,,,,,,,,,,
contact@nortonplumbing.com.au,,,Nortonplumbing,/aclk?sa=L&ai=DChsSEwjKg6qurauWAxW2kmYCHda8G7wYACICCAEQABoCc20&co=1&ase=2&gclid=EAIaIQobChMIyoOqrq2rlgMVtpJmAh3WvBu8EBAYASAAEgJGVfD_BwE&cid=CAASuwHkaIqWeoytjAa-AvekZm8E65Bq5T9jpbIZjpVIK12U8dkEvx4GbSr6A9_VEeKNU7auboicZ2vuBGJ1ENxAObyACNVLleznATfz2gNUfZOf3bTKPvyg4moKJn5KvkvQBN4VEQWCJU-tusu6ktn5c39brB41XotJ0CAgzbgPHq1eyv94NQNWkGU_aDJ0L2uR3nh-pionP4cuFVNGlMQZwypeakFqO9C8I_I-oIwlKGMYSiEn7XJaXpTQFcla&cce=2&category=acrcp_v1_32&sig=AOD64_1yw7OcvDPvfiNVQ2tDSm4R0n8d1g&adurl&q&ctype=99&nis=6, 0477 858 951,", Unit 10/11a-15 Berwick St, Coogee NSW 2034",Business Owner / Managing Director,92,High,pending,,,Plumbing & Trades,High,Personalized,,,,,,,,,,
contact@thelonedrainerandpronto.com.au,,,Thelonedrainerandpronto,/aclk?sa=L&ai=DChsSEwjKg6qurauWAxW2kmYCHda8G7wYACICCAEQABoCc20&co=1&ase=2&gclid=EAIaIQobChMIyoOqrq2rlgMVtpJmAh3WvBu8EBAYASAAEgJGVfD_BwE&cid=CAASuwHkaIqWeoytjAa-AvekZm8E65Bq5T9jpbIZjpVIK12U8dkEvx4GbSr6A9_VEeKNU7auboicZ2vuBGJ1ENxAObyACNVLleznATfz2gNUfZOf3bTKPvyg4moKJn5KvkvQBN4VEQWCJU-tusu6ktn5c39brB41XotJ0CAgzbgPHq1eyv94NQNWkGU_aDJ0L2uR3nh-pionP4cuFVNGlMQZwypeakFqO9C8I_I-oIwlKGMYSiEn7XJaXpTQFcla&cce=2&category=acrcp_v1_32&sig=AOD64_1yw7OcvDPvfiNVQ2tDSm4R0n8d1g&adurl&q&ctype=99&nis=6, (02) 9664 4990,", 69 Melody St, Coogee NSW 2034",Business Owner / Managing Director,92,High,pending,,,Plumbing & Trades,High,Personalized,,,,,,,,,,
contact@maximiseplumbingplumberhomewaterfiltration.com.au,,,Maximiseplumbingplumberhomewaterfiltration,/aclk?sa=L&ai=DChsSEwjKg6qurauWAxW2kmYCHda8G7wYACICCAEQABoCc20&co=1&ase=2&gclid=EAIaIQobChMIyoOqrq2rlgMVtpJmAh3WvBu8EBAYASAAEgJGVfD_BwE&cid=CAASuwHkaIqWeoytjAa-AvekZm8E65Bq5T9jpbIZjpVIK12U8dkEvx4GbSr6A9_VEeKNU7auboicZ2vuBGJ1ENxAObyACNVLleznATfz2gNUfZOf3bTKPvyg4moKJn5KvkvQBN4VEQWCJU-tusu6ktn5c39brB41XotJ0CAgzbgPHq1eyv94NQNWkGU_aDJ0L2uR3nh-pionP4cuFVNGlMQZwypeakFqO9C8I_I-oIwlKGMYSiEn7XJaXpTQFcla&cce=2&category=acrcp_v1_32&sig=AOD64_1yw7OcvDPvfiNVQ2tDSm4R0n8d1g&adurl&q&ctype=99&nis=6, 0423 485 216,", 9 Marian St, South Coogee NSW 2034",Business Owner / Managing Director,92,High,pending,,,Plumbing & Trades,High,Personalized,,,,,,,,,,
contact@servicetodayplumbermaroubra.com.au,,,Servicetodayplumbermaroubra,/aclk?sa=L&ai=DChsSEwjyj_uzrauWAxV0GYMDHZ8fFwwYACICCAEQABoCc2Y&co=1&ase=2&gclid=EAIaIQobChMI8o_7s62rlgMVdBmDAx2fHxcMEBAYASAAEgI3p_D_BwE&cid=CAASuwHkaJgVcaPZYMkEbmVsPFPsnXz3MPYGqaa3dOHeDLS2tM7fhnFym1Fai_m6AEYaNaLGx6WTK1zUQgjHVILDhupfAEDWKMbfv6ncV7xgWlvWharnb9b43cAhx6fdKGrAZOMd_sywS73dCGumVhNYdDFR_5-ev2U_iETWXsgBg3gVTp7Z2PFzK9Y_oUh1GLrPJFr0nWKU7fl9VeGb-6CcDpnPo6J5rAM_wsUh36APLpanm11ab2Ghl-5EAwec&cce=2&category=acrcp_v1_32&sig=AOD64_09FDEDpqCBnZN7UW1rh0_qowsorA&adurl&q&ctype=99&nis=6, 0488 823 208,Maroubra NSW Australia,Business Owner / Managing Director,92,High,pending,,,Plumbing & Trades,High,Personalized,,,,,,,,,,
contact@seasideplumbinggasfittingservices.com.au,,,Seasideplumbinggasfittingservices,/aclk?sa=L&ai=DChsSEwjyj_uzrauWAxV0GYMDHZ8fFwwYACICCAEQABoCc2Y&co=1&ase=2&gclid=EAIaIQobChMI8o_7s62rlgMVdBmDAx2fHxcMEBAYASAAEgI3p_D_BwE&cid=CAASuwHkaJgVcaPZYMkEbmVsPFPsnXz3MPYGqaa3dOHeDLS2tM7fhnFym1Fai_m6AEYaNaLGx6WTK1zUQgjHVILDhupfAEDWKMbfv6ncV7xgWlvWharnb9b43cAhx6fdKGrAZOMd_sywS73dCGumVhNYdDFR_5-ev2U_iETWXsgBg3gVTp7Z2PFzK9Y_oUh1GLrPJFr0nWKU7fl9VeGb-6CcDpnPo6J5rAM_wsUh36APLpanm11ab2Ghl-5EAwec&cce=2&category=acrcp_v1_32&sig=AOD64_09FDEDpqCBnZN7UW1rh0_qowsorA&adurl&q&ctype=99&nis=6, 0423 273 829,Maroubra NSW Australia,Business Owner / Managing Director,92,High,pending,,,Plumbing & Trades,High,Personalized,,,,,,,,,,
contact@yourmaroubraplumber.com.au,,,Yourmaroubraplumber,/aclk?sa=L&ai=DChsSEwjyj_uzrauWAxV0GYMDHZ8fFwwYACICCAEQABoCc2Y&co=1&ase=2&gclid=EAIaIQobChMI8o_7s62rlgMVdBmDAx2fHxcMEBAYASAAEgI3p_D_BwE&cid=CAASuwHkaJgVcaPZYMkEbmVsPFPsnXz3MPYGqaa3dOHeDLS2tM7fhnFym1Fai_m6AEYaNaLGx6WTK1zUQgjHVILDhupfAEDWKMbfv6ncV7xgWlvWharnb9b43cAhx6fdKGrAZOMd_sywS73dCGumVhNYdDFR_5-ev2U_iETWXsgBg3gVTp7Z2PFzK9Y_oUh1GLrPJFr0nWKU7fl9VeGb-6CcDpnPo6J5rAM_wsUh36APLpanm11ab2Ghl-5EAwec&cce=2&category=acrcp_v1_32&sig=AOD64_09FDEDpqCBnZN7UW1rh0_qowsorA&adurl&q&ctype=99&nis=6, 0401 758 373,", 737 Anzac Parade, Maroubra NSW 2035",Business Owner / Managing Director,92,High,pending,,,Plumbing & Trades,High,Personalized,,,,,,,,,,
contact@larsolssonplumbingptyltd.com.au,,,Larsolssonplumbingptyltd,/aclk?sa=L&ai=DChsSEwjyj_uzrauWAxV0GYMDHZ8fFwwYACICCAEQABoCc2Y&co=1&ase=2&gclid=EAIaIQobChMI8o_7s62rlgMVdBmDAx2fHxcMEBAYASAAEgI3p_D_BwE&cid=CAASuwHkaJgVcaPZYMkEbmVsPFPsnXz3MPYGqaa3dOHeDLS2tM7fhnFym1Fai_m6AEYaNaLGx6WTK1zUQgjHVILDhupfAEDWKMbfv6ncV7xgWlvWharnb9b43cAhx6fdKGrAZOMd_sywS73dCGumVhNYdDFR_5-ev2U_iETWXsgBg3gVTp7Z2PFzK9Y_oUh1GLrPJFr0nWKU7fl9VeGb-6CcDpnPo6J5rAM_wsUh36APLpanm11ab2Ghl-5EAwec&cce=2&category=acrcp_v1_32&sig=AOD64_09FDEDpqCBnZN7UW1rh0_qowsorA&adurl&q&ctype=99&nis=6, 0414 627 052,", 61 Torrington Rd, Maroubra NSW 2035",Business Owner / Managing Director,92,High,pending,,,Plumbing & Trades,High,Personalized,,,,,,,,,,
contact@maxedoutplumbing.com.au,,,Maxedoutplumbing,/aclk?sa=L&ai=DChsSEwjyj_uzrauWAxV0GYMDHZ8fFwwYACICCAEQABoCc2Y&co=1&ase=2&gclid=EAIaIQobChMI8o_7s62rlgMVdBmDAx2fHxcMEBAYASAAEgI3p_D_BwE&cid=CAASuwHkaJgVcaPZYMkEbmVsPFPsnXz3MPYGqaa3dOHeDLS2tM7fhnFym1Fai_m6AEYaNaLGx6WTK1zUQgjHVILDhupfAEDWKMbfv6ncV7xgWlvWharnb9b43cAhx6fdKGrAZOMd_sywS73dCGumVhNYdDFR_5-ev2U_iETWXsgBg3gVTp7Z2PFzK9Y_oUh1GLrPJFr0nWKU7fl9VeGb-6CcDpnPo6J5rAM_wsUh36APLpanm11ab2Ghl-5EAwec&cce=2&category=acrcp_v1_32&sig=AOD64_09FDEDpqCBnZN7UW1rh0_qowsorA&adurl&q&ctype=99&nis=6, 0401 875 211,", 365Q+9PG, Maroubra NSW 2035",Business Owner / Managing Director,92,High,pending,,,Plumbing & Trades,High,Personalized,,,,,,,,,,
contact@servicetodayplumbermatraville.com.au,,,Servicetodayplumbermatraville,/aclk?sa=L&ai=DChsSEwjyj_uzrauWAxV0GYMDHZ8fFwwYACICCAEQABoCc2Y&co=1&ase=2&gclid=EAIaIQobChMI8o_7s62rlgMVdBmDAx2fHxcMEBAYASAAEgI3p_D_BwE&cid=CAASuwHkaJgVcaPZYMkEbmVsPFPsnXz3MPYGqaa3dOHeDLS2tM7fhnFym1Fai_m6AEYaNaLGx6WTK1zUQgjHVILDhupfAEDWKMbfv6ncV7xgWlvWharnb9b43cAhx6fdKGrAZOMd_sywS73dCGumVhNYdDFR_5-ev2U_iETWXsgBg3gVTp7Z2PFzK9Y_oUh1GLrPJFr0nWKU7fl9VeGb-6CcDpnPo6J5rAM_wsUh36APLpanm11ab2Ghl-5EAwec&cce=2&category=acrcp_v1_32&sig=AOD64_09FDEDpqCBnZN7UW1rh0_qowsorA&adurl&q&ctype=99&nis=6, 0485 879 526,Maroubra NSW Australia,Business Owner / Managing Director,92,High,pending,,,Plumbing & Trades,High,Personalized,,,,,,,,,,
contact@smallbrosplumbing.com.au,,,Smallbrosplumbing,/aclk?sa=L&ai=DChsSEwjyj_uzrauWAxV0GYMDHZ8fFwwYACICCAEQABoCc2Y&co=1&ase=2&gclid=EAIaIQobChMI8o_7s62rlgMVdBmDAx2fHxcMEBAYASAAEgI3p_D_BwE&cid=CAASuwHkaJgVcaPZYMkEbmVsPFPsnXz3MPYGqaa3dOHeDLS2tM7fhnFym1Fai_m6AEYaNaLGx6WTK1zUQgjHVILDhupfAEDWKMbfv6ncV7xgWlvWharnb9b43cAhx6fdKGrAZOMd_sywS73dCGumVhNYdDFR_5-ev2U_iETWXsgBg3gVTp7Z2PFzK9Y_oUh1GLrPJFr0nWKU7fl9VeGb-6CcDpnPo6J5rAM_wsUh36APLpanm11ab2Ghl-5EAwec&cce=2&category=acrcp_v1_32&sig=AOD64_09FDEDpqCBnZN7UW1rh0_qowsorA&adurl&q&ctype=99&nis=6, 0422 244 419,Maroubra NSW Australia,Business Owner / Managing Director,92,High,pending,,,Plumbing & Trades,High,Personalized,,,,,,,,,,
contact@servicetodayplumberrandwick.com.au,,,Servicetodayplumberrandwick,/aclk?sa=L&ai=DChsSEwi80sO5rauWAxXihGYCHb6wILUYACICCAEQABoCc20&co=1&ase=2&gclid=EAIaIQobChMIvNLDua2rlgMV4oRmAh2-sCC1EBAYASAAEgJRhvD_BwE&cid=CAASuwHkaKad4Rv1-J-bYqejUE_AYL9-Pnhw_Z5wjH1C8rOQzFxlfx4SO8nMvJMfuH4m5pH_7H13y7lAJlPH7BPIQ158wGll0TG7QCbuNyD1SMKYj22-DheYQejsTqyjxtkpJLqW9Al4dhktIlr2YrbM4VQr_9T39_F0i1_wNjLbDpUMFlOA_YOchWxru9lms9P1qT0Mk9IGrv4uIx4TdESRF8SPR9M4OS8TeevloTPIMqRkEW811cYTeaCgz3rN&cce=2&category=acrcp_v1_32&sig=AOD64_1miGGPe-qiy3YgyNiVDYcW6JugTg&adurl&q&ctype=99&nis=6, 0485 879 539,Randwick NSW Australia,Business Owner / Managing Director,92,High,pending,,,Plumbing & Trades,High,Personalized,,,,,,,,,,
contact@harveyplumbinggroup.com.au,,,Harveyplumbinggroup,/aclk?sa=L&ai=DChsSEwi80sO5rauWAxXihGYCHb6wILUYACICCAEQABoCc20&co=1&ase=2&gclid=EAIaIQobChMIvNLDua2rlgMV4oRmAh2-sCC1EBAYASAAEgJRhvD_BwE&cid=CAASuwHkaKad4Rv1-J-bYqejUE_AYL9-Pnhw_Z5wjH1C8rOQzFxlfx4SO8nMvJMfuH4m5pH_7H13y7lAJlPH7BPIQ158wGll0TG7QCbuNyD1SMKYj22-DheYQejsTqyjxtkpJLqW9Al4dhktIlr2YrbM4VQr_9T39_F0i1_wNjLbDpUMFlOA_YOchWxru9lms9P1qT0Mk9IGrv4uIx4TdESRF8SPR9M4OS8TeevloTPIMqRkEW811cYTeaCgz3rN&cce=2&category=acrcp_v1_32&sig=AOD64_1miGGPe-qiy3YgyNiVDYcW6JugTg&adurl&q&ctype=99&nis=6, 0438 261 680,", 59 Avoca St, Randwick NSW 2031",Business Owner / Managing Director,92,High,pending,,,Plumbing & Trades,High,Personalized,,,,,,,,,,
contact@lastdripplumbing.com.au,,,Lastdripplumbing,/aclk?sa=L&ai=DChsSEwi80sO5rauWAxXihGYCHb6wILUYACICCAEQABoCc20&co=1&ase=2&gclid=EAIaIQobChMIvNLDua2rlgMV4oRmAh2-sCC1EBAYASAAEgJRhvD_BwE&cid=CAASuwHkaKad4Rv1-J-bYqejUE_AYL9-Pnhw_Z5wjH1C8rOQzFxlfx4SO8nMvJMfuH4m5pH_7H13y7lAJlPH7BPIQ158wGll0TG7QCbuNyD1SMKYj22-DheYQejsTqyjxtkpJLqW9Al4dhktIlr2YrbM4VQr_9T39_F0i1_wNjLbDpUMFlOA_YOchWxru9lms9P1qT0Mk9IGrv4uIx4TdESRF8SPR9M4OS8TeevloTPIMqRkEW811cYTeaCgz3rN&cce=2&category=acrcp_v1_32&sig=AOD64_1miGGPe-qiy3YgyNiVDYcW6JugTg&adurl&q&ctype=99&nis=6, 0478 885 677,", 76 Wentworth St, Randwick NSW 2031",Business Owner / Managing Director,92,High,pending,,,Plumbing & Trades,High,Personalized,,,,,,,,,,
contact@mcelroyplumbing.com.au,,,Mcelroyplumbing,/aclk?sa=L&ai=DChsSEwi80sO5rauWAxXihGYCHb6wILUYACICCAEQABoCc20&co=1&ase=2&gclid=EAIaIQobChMIvNLDua2rlgMV4oRmAh2-sCC1EBAYASAAEgJRhvD_BwE&cid=CAASuwHkaKad4Rv1-J-bYqejUE_AYL9-Pnhw_Z5wjH1C8rOQzFxlfx4SO8nMvJMfuH4m5pH_7H13y7lAJlPH7BPIQ158wGll0TG7QCbuNyD1SMKYj22-DheYQejsTqyjxtkpJLqW9Al4dhktIlr2YrbM4VQr_9T39_F0i1_wNjLbDpUMFlOA_YOchWxru9lms9P1qT0Mk9IGrv4uIx4TdESRF8SPR9M4OS8TeevloTPIMqRkEW811cYTeaCgz3rN&cce=2&category=acrcp_v1_32&sig=AOD64_1miGGPe-qiy3YgyNiVDYcW6JugTg&adurl&q&ctype=99&nis=6, (02) 9398 1397,", 103 Avoca St, Randwick NSW 2031",Business Owner / Managing Director,92,High,pending,,,Plumbing & Trades,High,Personalized,,,,,,,,,,
contact@sterlinggasfittingplumbing.com.au,,,Sterlinggasfittingplumbing,/aclk?sa=L&ai=DChsSEwi80sO5rauWAxXihGYCHb6wILUYACICCAEQABoCc20&co=1&ase=2&gclid=EAIaIQobChMIvNLDua2rlgMV4oRmAh2-sCC1EBAYASAAEgJRhvD_BwE&cid=CAASuwHkaKad4Rv1-J-bYqejUE_AYL9-Pnhw_Z5wjH1C8rOQzFxlfx4SO8nMvJMfuH4m5pH_7H13y7lAJlPH7BPIQ158wGll0TG7QCbuNyD1SMKYj22-DheYQejsTqyjxtkpJLqW9Al4dhktIlr2YrbM4VQr_9T39_F0i1_wNjLbDpUMFlOA_YOchWxru9lms9P1qT0Mk9IGrv4uIx4TdESRF8SPR9M4OS8TeevloTPIMqRkEW811cYTeaCgz3rN&cce=2&category=acrcp_v1_32&sig=AOD64_1miGGPe-qiy3YgyNiVDYcW6JugTg&adurl&q&ctype=99&nis=6, 0477 113 726,", 7A William St, Randwick NSW 2031",Business Owner / Managing Director,92,High,pending,,,Plumbing & Trades,High,Personalized,,,,,,,,,,
contact@davedelaneyplumbing.com.au,,,Davedelaneyplumbing,/aclk?sa=L&ai=DChsSEwi80sO5rauWAxXihGYCHb6wILUYACICCAEQABoCc20&co=1&ase=2&gclid=EAIaIQobChMIvNLDua2rlgMV4oRmAh2-sCC1EBAYASAAEgJRhvD_BwE&cid=CAASuwHkaKad4Rv1-J-bYqejUE_AYL9-Pnhw_Z5wjH1C8rOQzFxlfx4SO8nMvJMfuH4m5pH_7H13y7lAJlPH7BPIQ158wGll0TG7QCbuNyD1SMKYj22-DheYQejsTqyjxtkpJLqW9Al4dhktIlr2YrbM4VQr_9T39_F0i1_wNjLbDpUMFlOA_YOchWxru9lms9P1qT0Mk9IGrv4uIx4TdESRF8SPR9M4OS8TeevloTPIMqRkEW811cYTeaCgz3rN&cce=2&category=acrcp_v1_32&sig=AOD64_1miGGPe-qiy3YgyNiVDYcW6JugTg&adurl&q&ctype=99&nis=6, 0416 310 068,", 3 Frances St, Randwick NSW 2031",Business Owner / Managing Director,92,High,pending,,,Plumbing & Trades,High,Personalized,,,,,,,,,,
info@proximityplumbing.com.au,,,Proximityplumbing,https://proximityplumbing.com.au/plumber/vaucluse/, 0468 173 061,Vaucluse NSW Australia,Business Owner / Managing Director,92,High,pending,,,Plumbing & Trades,High,Personalized,,,,,,,,,,
contact@networkplumbingrosebay.com.au,,,Networkplumbingrosebay,/aclk?sa=L&ai=DChsSEwjWp9fHrauWAxXsK4MDHX7cE0oYACICCAEQARoCc2Y&co=1&ase=2&gclid=EAIaIQobChMI1qfXx62rlgMV7CuDAx1-3BNKEBAYASAAEgJetvD_BwE&cid=CAASuwHkaBjxRB0NOena0AxPHt-dYpEUTC48gjVTAaJiexvU_llyQNZMueQbc0iXLzeEjAPcMbqavdetyEiewcJWDJFTx6TlhHiNIn4omhVtOAHd919fPSShOadXlX6y0yi-jvkxj3XTn1A7EIl3LZGdrcbVUQDlytVHxzdm5Jm3B_sGQYFfzbx3npDjR2gt2ABA7_UkC8-pFYOwX3JHLR9I4LrWfJWdxQpAk9QudkT1nVX5HqXJr9VOS4EGMQ7a&cce=2&category=acrcp_v1_32&sig=AOD64_1CIscBXaN6C4-B2y5OwSoCbs1ULg&adurl&q&ctype=99&nis=6, 1300 674 140,", 120 Blair St, North Bondi NSW 2026",Business Owner / Managing Director,92,High,pending,,,Plumbing & Trades,High,Personalized,,,,,,,,,,
contact@neowhousecoplumbingservices.com.au,,,Neowhousecoplumbingservices,/aclk?sa=L&ai=DChsSEwjWp9fHrauWAxXsK4MDHX7cE0oYACICCAEQARoCc2Y&co=1&ase=2&gclid=EAIaIQobChMI1qfXx62rlgMV7CuDAx1-3BNKEBAYASAAEgJetvD_BwE&cid=CAASuwHkaBjxRB0NOena0AxPHt-dYpEUTC48gjVTAaJiexvU_llyQNZMueQbc0iXLzeEjAPcMbqavdetyEiewcJWDJFTx6TlhHiNIn4omhVtOAHd919fPSShOadXlX6y0yi-jvkxj3XTn1A7EIl3LZGdrcbVUQDlytVHxzdm5Jm3B_sGQYFfzbx3npDjR2gt2ABA7_UkC8-pFYOwX3JHLR9I4LrWfJWdxQpAk9QudkT1nVX5HqXJr9VOS4EGMQ7a&cce=2&category=acrcp_v1_32&sig=AOD64_1CIscBXaN6C4-B2y5OwSoCbs1ULg&adurl&q&ctype=99&nis=6, 0418 427 670,", Strickland St, Rose Bay NSW 2029",Business Owner / Managing Director,92,High,pending,,,Plumbing & Trades,High,Personalized,,,,,,,,,,
contact@servicetodayplumberrosebay.com.au,,,Servicetodayplumberrosebay,/aclk?sa=L&ai=DChsSEwjWp9fHrauWAxXsK4MDHX7cE0oYACICCAEQARoCc2Y&co=1&ase=2&gclid=EAIaIQobChMI1qfXx62rlgMV7CuDAx1-3BNKEBAYASAAEgJetvD_BwE&cid=CAASuwHkaBjxRB0NOena0AxPHt-dYpEUTC48gjVTAaJiexvU_llyQNZMueQbc0iXLzeEjAPcMbqavdetyEiewcJWDJFTx6TlhHiNIn4omhVtOAHd919fPSShOadXlX6y0yi-jvkxj3XTn1A7EIl3LZGdrcbVUQDlytVHxzdm5Jm3B_sGQYFfzbx3npDjR2gt2ABA7_UkC8-pFYOwX3JHLR9I4LrWfJWdxQpAk9QudkT1nVX5HqXJr9VOS4EGMQ7a&cce=2&category=acrcp_v1_32&sig=AOD64_1CIscBXaN6C4-B2y5OwSoCbs1ULg&adurl&q&ctype=99&nis=6, 0488 881 866,Rose Bay NSW Australia,Business Owner / Managing Director,92,High,pending,,,Plumbing & Trades,High,Personalized,,,,,,,,,,
contact@yourrosebayplumber.com.au,,,Yourrosebayplumber,/aclk?sa=L&ai=DChsSEwjWp9fHrauWAxXsK4MDHX7cE0oYACICCAEQARoCc2Y&co=1&ase=2&gclid=EAIaIQobChMI1qfXx62rlgMV7CuDAx1-3BNKEBAYASAAEgJetvD_BwE&cid=CAASuwHkaBjxRB0NOena0AxPHt-dYpEUTC48gjVTAaJiexvU_llyQNZMueQbc0iXLzeEjAPcMbqavdetyEiewcJWDJFTx6TlhHiNIn4omhVtOAHd919fPSShOadXlX6y0yi-jvkxj3XTn1A7EIl3LZGdrcbVUQDlytVHxzdm5Jm3B_sGQYFfzbx3npDjR2gt2ABA7_UkC8-pFYOwX3JHLR9I4LrWfJWdxQpAk9QudkT1nVX5HqXJr9VOS4EGMQ7a&cce=2&category=acrcp_v1_32&sig=AOD64_1CIscBXaN6C4-B2y5OwSoCbs1ULg&adurl&q&ctype=99&nis=6, 0401 758 373,", 645 Old South Head Rd, Rose Bay NSW 2029",Business Owner / Managing Director,92,High,pending,,,Plumbing & Trades,High,Personalized,,,,,,,,,,
info@botanybayplumbing.com.au,,,Botanybayplumbing,http://www.botanybayplumbing.com.au/, 0422 943 521,", 4 Saxby Cl, Botany NSW 2019",Business Owner / Managing Director,92,High,pending,,,Plumbing & Trades,High,Personalized,,,,,,,,,,
contact@galteeplumbing.com.au,,,Galteeplumbing,/aclk?sa=L&ai=DChsSEwijhabRrauWAxVdrGYCHez1MCEYACICCAEQABoCc20&co=1&ase=2&gclid=EAIaIQobChMIo4Wm0a2rlgMVXaxmAh3s9TAhEBAYASAAEgKWYfD_BwE&cid=CAASuwHkaDP1b5_UagafF7-h2feg9-Hyj6nvjnVfZhX7RfmTgSBW2nUr-V539J3qtWdDUxmtdzxNycaaoQ5B3P6gcD_Z9qjVhLv5k5T2CZsnIxXpzi3W16hQLCkbxqKhgRjsWDK4ha8HuvEgn7PHoDPafFX5-jnPaRoWiaz4-Pk2pvJ4J7YEN4ju7bec7pG8Ls5iuz3XYeyQDqjXzEE-OCx20fflXyBPOZUHDDqlguLwNcovJrNe0awg1cAbWZz9&cce=2&category=acrcp_v1_32&sig=AOD64_1iYtEGtS-B1igyoTkxDY0kpCFldg&adurl&q&ctype=99&nis=6, 0410 786 134,", 9 Maxwell Rd, Pagewood NSW 2035",Business Owner / Managing Director,92,High,pending,,,Plumbing & Trades,High,Personalized,,,,,,,,,,
contact@cesarplumbingservices.com.au,,,Cesarplumbingservices,/aclk?sa=L&ai=DChsSEwijhabRrauWAxVdrGYCHez1MCEYACICCAEQABoCc20&co=1&ase=2&gclid=EAIaIQobChMIo4Wm0a2rlgMVXaxmAh3s9TAhEBAYASAAEgKWYfD_BwE&cid=CAASuwHkaDP1b5_UagafF7-h2feg9-Hyj6nvjnVfZhX7RfmTgSBW2nUr-V539J3qtWdDUxmtdzxNycaaoQ5B3P6gcD_Z9qjVhLv5k5T2CZsnIxXpzi3W16hQLCkbxqKhgRjsWDK4ha8HuvEgn7PHoDPafFX5-jnPaRoWiaz4-Pk2pvJ4J7YEN4ju7bec7pG8Ls5iuz3XYeyQDqjXzEE-OCx20fflXyBPOZUHDDqlguLwNcovJrNe0awg1cAbWZz9&cce=2&category=acrcp_v1_32&sig=AOD64_1iYtEGtS-B1igyoTkxDY0kpCFldg&adurl&q&ctype=99&nis=6, 1300 080 797,Pagewood NSW Australia,Business Owner / Managing Director,92,High,pending,,,Plumbing & Trades,High,Personalized,,,,,,,,,,
contact@yoursydneyplumberscalici.com.au,,,Yoursydneyplumberscalici,/aclk?sa=L&ai=DChsSEwjuwKHUrauWAxVWwTwCHYPsESIYACICCAEQABoCc2Y&co=1&ase=2&gclid=EAIaIQobChMI7sCh1K2rlgMVVsE8Ah2D7BEiEBAYASAAEgKrRvD_BwE&cid=CAASuwHkaE7yjdFGCxQEyXY3_7qYdpeGcVvtDq9w3VoesW8I_-z103E8wtGTLuk7FpaLGPhDY2cUf-VVsF2pmVmsaEg2WsVrWTgyntTPmCO6PiSsWlzpNde0jOacGoyeU6pGWuFNqqYkJ0KH2lqCxJuM7rbX5yc28lv3ba3XWjdjC-ADswy7ipf4v8Yp8HVg8u7pgbmaRv2esOZavAR3nQRx_hASfQl46mFuTuCfAAPgZLNFIR9bPMfoBL5oyl3x&cce=2&category=acrcp_v1_32&sig=AOD64_13BraPhGZKZOlZQAcMdbRXkzR_FQ&adurl&q&ctype=99&nis=6, 0401 758 373,", 10 Shirley Cres, Matraville NSW 2036",Business Owner / Managing Director,92,High,pending,,,Plumbing & Trades,High,Personalized,,,,,,,,,,
contact@jpplumbingcoptyltd.com.au,,,Jpplumbingcoptyltd,/aclk?sa=L&ai=DChsSEwjuwKHUrauWAxVWwTwCHYPsESIYACICCAEQABoCc2Y&co=1&ase=2&gclid=EAIaIQobChMI7sCh1K2rlgMVVsE8Ah2D7BEiEBAYASAAEgKrRvD_BwE&cid=CAASuwHkaE7yjdFGCxQEyXY3_7qYdpeGcVvtDq9w3VoesW8I_-z103E8wtGTLuk7FpaLGPhDY2cUf-VVsF2pmVmsaEg2WsVrWTgyntTPmCO6PiSsWlzpNde0jOacGoyeU6pGWuFNqqYkJ0KH2lqCxJuM7rbX5yc28lv3ba3XWjdjC-ADswy7ipf4v8Yp8HVg8u7pgbmaRv2esOZavAR3nQRx_hASfQl46mFuTuCfAAPgZLNFIR9bPMfoBL5oyl3x&cce=2&category=acrcp_v1_32&sig=AOD64_13BraPhGZKZOlZQAcMdbRXkzR_FQ&adurl&q&ctype=99&nis=6, 0403 063 456,", 5 Moorina Ave, Matraville NSW 2036",Business Owner / Managing Director,92,High,pending,,,Plumbing & Trades,High,Personalized,,,,,,,,,,
contact@aquasaveplumbingptyltd.com.au,,,Aquasaveplumbingptyltd,/aclk?sa=L&ai=DChsSEwjuwKHUrauWAxVWwTwCHYPsESIYACICCAEQABoCc2Y&co=1&ase=2&gclid=EAIaIQobChMI7sCh1K2rlgMVVsE8Ah2D7BEiEBAYASAAEgKrRvD_BwE&cid=CAASuwHkaE7yjdFGCxQEyXY3_7qYdpeGcVvtDq9w3VoesW8I_-z103E8wtGTLuk7FpaLGPhDY2cUf-VVsF2pmVmsaEg2WsVrWTgyntTPmCO6PiSsWlzpNde0jOacGoyeU6pGWuFNqqYkJ0KH2lqCxJuM7rbX5yc28lv3ba3XWjdjC-ADswy7ipf4v8Yp8HVg8u7pgbmaRv2esOZavAR3nQRx_hASfQl46mFuTuCfAAPgZLNFIR9bPMfoBL5oyl3x&cce=2&category=acrcp_v1_32&sig=AOD64_13BraPhGZKZOlZQAcMdbRXkzR_FQ&adurl&q&ctype=99&nis=6, 0418 683 986,", Franklin St, Matraville NSW 2036",Business Owner / Managing Director,92,High,pending,,,Plumbing & Trades,High,Personalized,,,,,,,,,,
contact@matravilleplumbing.com.au,,,Matravilleplumbing,/aclk?sa=L&ai=DChsSEwjuwKHUrauWAxVWwTwCHYPsESIYACICCAEQABoCc2Y&co=1&ase=2&gclid=EAIaIQobChMI7sCh1K2rlgMVVsE8Ah2D7BEiEBAYASAAEgKrRvD_BwE&cid=CAASuwHkaE7yjdFGCxQEyXY3_7qYdpeGcVvtDq9w3VoesW8I_-z103E8wtGTLuk7FpaLGPhDY2cUf-VVsF2pmVmsaEg2WsVrWTgyntTPmCO6PiSsWlzpNde0jOacGoyeU6pGWuFNqqYkJ0KH2lqCxJuM7rbX5yc28lv3ba3XWjdjC-ADswy7ipf4v8Yp8HVg8u7pgbmaRv2esOZavAR3nQRx_hASfQl46mFuTuCfAAPgZLNFIR9bPMfoBL5oyl3x&cce=2&category=acrcp_v1_32&sig=AOD64_13BraPhGZKZOlZQAcMdbRXkzR_FQ&adurl&q&ctype=99&nis=6, 0408 212 226,", 39 Windsor St, Matraville NSW 2036",Business Owner / Managing Director,92,High,pending,,,Plumbing & Trades,High,Personalized,,,,,,,,,,
contact@spaceplumbing.com.au,,,Spaceplumbing,/aclk?sa=L&ai=DChsSEwjuwKHUrauWAxVWwTwCHYPsESIYACICCAEQABoCc2Y&co=1&ase=2&gclid=EAIaIQobChMI7sCh1K2rlgMVVsE8Ah2D7BEiEBAYASAAEgKrRvD_BwE&cid=CAASuwHkaE7yjdFGCxQEyXY3_7qYdpeGcVvtDq9w3VoesW8I_-z103E8wtGTLuk7FpaLGPhDY2cUf-VVsF2pmVmsaEg2WsVrWTgyntTPmCO6PiSsWlzpNde0jOacGoyeU6pGWuFNqqYkJ0KH2lqCxJuM7rbX5yc28lv3ba3XWjdjC-ADswy7ipf4v8Yp8HVg8u7pgbmaRv2esOZavAR3nQRx_hASfQl46mFuTuCfAAPgZLNFIR9bPMfoBL5oyl3x&cce=2&category=acrcp_v1_32&sig=AOD64_13BraPhGZKZOlZQAcMdbRXkzR_FQ&adurl&q&ctype=99&nis=6, 0414 303 830,Matraville NSW Australia,Business Owner / Managing Director,92,High,pending,,,Plumbing & Trades,High,Personalized,,,,,,,,,,
info@newtownplumbingservices.com.au,,,Newtownplumbingservices,http://newtownplumbingservices.com.au/, 0485 900 378,", 58 Gowrie Ln, Newtown NSW 2042",Business Owner / Managing Director,92,High,pending,,,Plumbing & Trades,High,Personalized,,,,,,,,,,
contact@marrickvilleplumbinganddrains.com.au,,,Marrickvilleplumbinganddrains,/aclk?sa=L&ai=DChsSEwi32tLerauWAxWYi2YCHb2PPA0YACICCAEQABoCc20&co=1&ase=2&gclid=EAIaIQobChMIt9rS3q2rlgMVmItmAh29jzwNEBAYASAAEgKRnfD_BwE&cid=CAASuwHkaJcOks3cKwbypDjfmRfQp5fclplDnXt8wqZku_nP8knRu2lwMUmiAWS1NgjaGQp6TOkFDTXBmROzEMEqzHconbHMDeLWZqp3YdGIdfW7Xgl_MEXkxr8KfxZ7yubxSkxa8SQ3ukNMrYODF07B9zKghHOeCKUxhtvZ7ZBYmH_NhuxMbXtPqAHiV-1imqb3fNJq5DpHIu-uKNkIl0ZXDKwXpU2zmJ7b3dRC0mrQ0mBLpk8GsnvCashU3b12&cce=2&category=acrcp_v1_32&sig=AOD64_2DwIrB0hUStF1xF_v1G6NN9HF-Yw&adurl&q&ctype=99&nis=6, 0485 826 483,Marrickville NSW Australia,Business Owner / Managing Director,92,High,pending,,,Plumbing & Trades,High,Personalized,,,,,,,,,,
contact@servicetodayplumbermarrickville.com.au,,,Servicetodayplumbermarrickville,/aclk?sa=L&ai=DChsSEwi32tLerauWAxWYi2YCHb2PPA0YACICCAEQABoCc20&co=1&ase=2&gclid=EAIaIQobChMIt9rS3q2rlgMVmItmAh29jzwNEBAYASAAEgKRnfD_BwE&cid=CAASuwHkaJcOks3cKwbypDjfmRfQp5fclplDnXt8wqZku_nP8knRu2lwMUmiAWS1NgjaGQp6TOkFDTXBmROzEMEqzHconbHMDeLWZqp3YdGIdfW7Xgl_MEXkxr8KfxZ7yubxSkxa8SQ3ukNMrYODF07B9zKghHOeCKUxhtvZ7ZBYmH_NhuxMbXtPqAHiV-1imqb3fNJq5DpHIu-uKNkIl0ZXDKwXpU2zmJ7b3dRC0mrQ0mBLpk8GsnvCashU3b12&cce=2&category=acrcp_v1_32&sig=AOD64_2DwIrB0hUStF1xF_v1G6NN9HF-Yw&adurl&q&ctype=99&nis=6, 0488 823 047,Marrickville NSW Australia,Business Owner / Managing Director,92,High,pending,,,Plumbing & Trades,High,Personalized,,,,,,,,,,
contact@plumbwellplumbingservices.com.au,,,Plumbwellplumbingservices,/aclk?sa=L&ai=DChsSEwi32tLerauWAxWYi2YCHb2PPA0YACICCAEQABoCc20&co=1&ase=2&gclid=EAIaIQobChMIt9rS3q2rlgMVmItmAh29jzwNEBAYASAAEgKRnfD_BwE&cid=CAASuwHkaJcOks3cKwbypDjfmRfQp5fclplDnXt8wqZku_nP8knRu2lwMUmiAWS1NgjaGQp6TOkFDTXBmROzEMEqzHconbHMDeLWZqp3YdGIdfW7Xgl_MEXkxr8KfxZ7yubxSkxa8SQ3ukNMrYODF07B9zKghHOeCKUxhtvZ7ZBYmH_NhuxMbXtPqAHiV-1imqb3fNJq5DpHIu-uKNkIl0ZXDKwXpU2zmJ7b3dRC0mrQ0mBLpk8GsnvCashU3b12&cce=2&category=acrcp_v1_32&sig=AOD64_2DwIrB0hUStF1xF_v1G6NN9HF-Yw&adurl&q&ctype=99&nis=6, (02) 9090 4217,", 15 Day St, Marrickville NSW 2204",Business Owner / Managing Director,92,High,pending,,,Plumbing & Trades,High,Personalized,,,,,,,,,,
contact@pipeperfectionplumberselectricians.com.au,,,Pipeperfectionplumberselectricians,/aclk?sa=L&ai=DChsSEwi32tLerauWAxWYi2YCHb2PPA0YACICCAEQABoCc20&co=1&ase=2&gclid=EAIaIQobChMIt9rS3q2rlgMVmItmAh29jzwNEBAYASAAEgKRnfD_BwE&cid=CAASuwHkaJcOks3cKwbypDjfmRfQp5fclplDnXt8wqZku_nP8knRu2lwMUmiAWS1NgjaGQp6TOkFDTXBmROzEMEqzHconbHMDeLWZqp3YdGIdfW7Xgl_MEXkxr8KfxZ7yubxSkxa8SQ3ukNMrYODF07B9zKghHOeCKUxhtvZ7ZBYmH_NhuxMbXtPqAHiV-1imqb3fNJq5DpHIu-uKNkIl0ZXDKwXpU2zmJ7b3dRC0mrQ0mBLpk8GsnvCashU3b12&cce=2&category=acrcp_v1_32&sig=AOD64_2DwIrB0hUStF1xF_v1G6NN9HF-Yw&adurl&q&ctype=99&nis=6, 0483 918 060,", Unit 14/168-180 Victoria Rd, Marrickville NSW 2204",Business Owner / Managing Director,92,High,pending,,,Plumbing & Trades,High,Personalized,,,,,,,,,,
contact@ftdyplumbing.com.au,,,Ftdyplumbing,/aclk?sa=L&ai=DChsSEwi32tLerauWAxWYi2YCHb2PPA0YACICCAEQABoCc20&co=1&ase=2&gclid=EAIaIQobChMIt9rS3q2rlgMVmItmAh29jzwNEBAYASAAEgKRnfD_BwE&cid=CAASuwHkaJcOks3cKwbypDjfmRfQp5fclplDnXt8wqZku_nP8knRu2lwMUmiAWS1NgjaGQp6TOkFDTXBmROzEMEqzHconbHMDeLWZqp3YdGIdfW7Xgl_MEXkxr8KfxZ7yubxSkxa8SQ3ukNMrYODF07B9zKghHOeCKUxhtvZ7ZBYmH_NhuxMbXtPqAHiV-1imqb3fNJq5DpHIu-uKNkIl0ZXDKwXpU2zmJ7b3dRC0mrQ0mBLpk8GsnvCashU3b12&cce=2&category=acrcp_v1_32&sig=AOD64_2DwIrB0hUStF1xF_v1G6NN9HF-Yw&adurl&q&ctype=99&nis=6, (02) 7226 1082,", 92 Despointes St, Marrickville NSW 2204",Business Owner / Managing Director,92,High,pending,,,Plumbing & Trades,High,Personalized,,,,,,,,,,
contact@ashfieldplumbing.com.au,,,Ashfieldplumbing,/aclk?sa=L&ai=DChsSEwiPovnirauWAxWkimYCHe0IBx4YACICCAEQABoCc20&co=1&ase=2&gclid=EAIaIQobChMIj6L54q2rlgMVpIpmAh3tCAceEBAYASAAEgJP2fD_BwE&cid=CAASuwHkaGzez7FZq3cwAbHlPc2MOzGppD_zYWIa9C7B7EFLMphAxX0REK6PYhDNWICd_US05RTRfAIpQCG6pFOkmYAFXVRKsad0We2dmjsHBm2OOcbyj1gU6JRF2uhg1l4ksnXbIfh5Ajd53sJZ39uq0HwLN0IvH7_tB9ltSifFzuWW1gQzW2-p4rDR-wddKJtMz97x98HZiG_0UiDVhGDsFYYxzSdWqclnKmn1riMb4J4jNbBAgP1AI2XNaxY_&cce=2&category=acrcp_v1_32&sig=AOD64_2oj24qg8s95_dyAf-MlCrj5xFCEw&adurl&q&ctype=99&nis=6, 0489 977 893,", 67 Alt St, Ashfield NSW 2131",Business Owner / Managing Director,92,High,pending,,,Plumbing & Trades,High,Personalized,,,,,,,,,,
contact@sydneyplumbinganddrainage.com.au,,,Sydneyplumbinganddrainage,/aclk?sa=L&ai=DChsSEwiPovnirauWAxWkimYCHe0IBx4YACICCAEQABoCc20&co=1&ase=2&gclid=EAIaIQobChMIj6L54q2rlgMVpIpmAh3tCAceEBAYASAAEgJP2fD_BwE&cid=CAASuwHkaGzez7FZq3cwAbHlPc2MOzGppD_zYWIa9C7B7EFLMphAxX0REK6PYhDNWICd_US05RTRfAIpQCG6pFOkmYAFXVRKsad0We2dmjsHBm2OOcbyj1gU6JRF2uhg1l4ksnXbIfh5Ajd53sJZ39uq0HwLN0IvH7_tB9ltSifFzuWW1gQzW2-p4rDR-wddKJtMz97x98HZiG_0UiDVhGDsFYYxzSdWqclnKmn1riMb4J4jNbBAgP1AI2XNaxY_&cce=2&category=acrcp_v1_32&sig=AOD64_2oj24qg8s95_dyAf-MlCrj5xFCEw&adurl&q&ctype=99&nis=6, 0468 515 933,", 57 Alt St, Ashfield NSW 2131",Business Owner / Managing Director,92,High,pending,,,Plumbing & Trades,High,Personalized,,,,,,,,,,
contact@servicetodayplumberashfield.com.au,,,Servicetodayplumberashfield,/aclk?sa=L&ai=DChsSEwiPovnirauWAxWkimYCHe0IBx4YACICCAEQABoCc20&co=1&ase=2&gclid=EAIaIQobChMIj6L54q2rlgMVpIpmAh3tCAceEBAYASAAEgJP2fD_BwE&cid=CAASuwHkaGzez7FZq3cwAbHlPc2MOzGppD_zYWIa9C7B7EFLMphAxX0REK6PYhDNWICd_US05RTRfAIpQCG6pFOkmYAFXVRKsad0We2dmjsHBm2OOcbyj1gU6JRF2uhg1l4ksnXbIfh5Ajd53sJZ39uq0HwLN0IvH7_tB9ltSifFzuWW1gQzW2-p4rDR-wddKJtMz97x98HZiG_0UiDVhGDsFYYxzSdWqclnKmn1riMb4J4jNbBAgP1AI2XNaxY_&cce=2&category=acrcp_v1_32&sig=AOD64_2oj24qg8s95_dyAf-MlCrj5xFCEw&adurl&q&ctype=99&nis=6, 0488 812 163,Ashfield NSW Australia,Business Owner / Managing Director,92,High,pending,,,Plumbing & Trades,High,Personalized,,,,,,,,,,
contact@ashfieldplumbingdrains.com.au,,,Ashfieldplumbingdrains,/aclk?sa=L&ai=DChsSEwiPovnirauWAxWkimYCHe0IBx4YACICCAEQABoCc20&co=1&ase=2&gclid=EAIaIQobChMIj6L54q2rlgMVpIpmAh3tCAceEBAYASAAEgJP2fD_BwE&cid=CAASuwHkaGzez7FZq3cwAbHlPc2MOzGppD_zYWIa9C7B7EFLMphAxX0REK6PYhDNWICd_US05RTRfAIpQCG6pFOkmYAFXVRKsad0We2dmjsHBm2OOcbyj1gU6JRF2uhg1l4ksnXbIfh5Ajd53sJZ39uq0HwLN0IvH7_tB9ltSifFzuWW1gQzW2-p4rDR-wddKJtMz97x98HZiG_0UiDVhGDsFYYxzSdWqclnKmn1riMb4J4jNbBAgP1AI2XNaxY_&cce=2&category=acrcp_v1_32&sig=AOD64_2oj24qg8s95_dyAf-MlCrj5xFCEw&adurl&q&ctype=99&nis=6, 1300 648 290,Ashfield NSW Australia,Business Owner / Managing Director,92,High,pending,,,Plumbing & Trades,High,Personalized,,,,,,,,,,
contact@hydroplumbingservices.com.au,,,Hydroplumbingservices,/aclk?sa=L&ai=DChsSEwiPovnirauWAxWkimYCHe0IBx4YACICCAEQABoCc20&co=1&ase=2&gclid=EAIaIQobChMIj6L54q2rlgMVpIpmAh3tCAceEBAYASAAEgJP2fD_BwE&cid=CAASuwHkaGzez7FZq3cwAbHlPc2MOzGppD_zYWIa9C7B7EFLMphAxX0REK6PYhDNWICd_US05RTRfAIpQCG6pFOkmYAFXVRKsad0We2dmjsHBm2OOcbyj1gU6JRF2uhg1l4ksnXbIfh5Ajd53sJZ39uq0HwLN0IvH7_tB9ltSifFzuWW1gQzW2-p4rDR-wddKJtMz97x98HZiG_0UiDVhGDsFYYxzSdWqclnKmn1riMb4J4jNbBAgP1AI2XNaxY_&cce=2&category=acrcp_v1_32&sig=AOD64_2oj24qg8s95_dyAf-MlCrj5xFCEw&adurl&q&ctype=99&nis=6, 1300 582 066,Ashfield NSW Australia,Business Owner / Managing Director,92,High,pending,,,Plumbing & Trades,High,Personalized,,,,,,,,,,
contact@dripdetectiveplumbingservices.com.au,,,Dripdetectiveplumbingservices,/aclk?sa=L&ai=DChsSEwiPovnirauWAxWkimYCHe0IBx4YACICCAEQABoCc20&co=1&ase=2&gclid=EAIaIQobChMIj6L54q2rlgMVpIpmAh3tCAceEBAYASAAEgJP2fD_BwE&cid=CAASuwHkaGzez7FZq3cwAbHlPc2MOzGppD_zYWIa9C7B7EFLMphAxX0REK6PYhDNWICd_US05RTRfAIpQCG6pFOkmYAFXVRKsad0We2dmjsHBm2OOcbyj1gU6JRF2uhg1l4ksnXbIfh5Ajd53sJZ39uq0HwLN0IvH7_tB9ltSifFzuWW1gQzW2-p4rDR-wddKJtMz97x98HZiG_0UiDVhGDsFYYxzSdWqclnKmn1riMb4J4jNbBAgP1AI2XNaxY_&cce=2&category=acrcp_v1_32&sig=AOD64_2oj24qg8s95_dyAf-MlCrj5xFCEw&adurl&q&ctype=99&nis=6, 0414 379 490,Ashfield NSW Australia,Business Owner / Managing Director,92,High,pending,,,Plumbing & Trades,High,Personalized,,,,,,,,,,
contact@sydneyemergencyblockeddrainsexperts.com.au,,,Sydneyemergencyblockeddrainsexperts,/aclk?sa=L&ai=DChsSEwiPovnirauWAxWkimYCHe0IBx4YACICCAEQABoCc20&co=1&ase=2&gclid=EAIaIQobChMIj6L54q2rlgMVpIpmAh3tCAceEBAYASAAEgJP2fD_BwE&cid=CAASuwHkaGzez7FZq3cwAbHlPc2MOzGppD_zYWIa9C7B7EFLMphAxX0REK6PYhDNWICd_US05RTRfAIpQCG6pFOkmYAFXVRKsad0We2dmjsHBm2OOcbyj1gU6JRF2uhg1l4ksnXbIfh5Ajd53sJZ39uq0HwLN0IvH7_tB9ltSifFzuWW1gQzW2-p4rDR-wddKJtMz97x98HZiG_0UiDVhGDsFYYxzSdWqclnKmn1riMb4J4jNbBAgP1AI2XNaxY_&cce=2&category=acrcp_v1_32&sig=AOD64_2oj24qg8s95_dyAf-MlCrj5xFCEw&adurl&q&ctype=99&nis=6, 0468 182 446,Ashfield NSW Australia,Business Owner / Managing Director,92,High,pending,,,Plumbing & Trades,High,Personalized,,,,,,,,,,
contact@servicetodayplumberburwood.com.au,,,Servicetodayplumberburwood,/aclk?sa=L&ai=DChsSEwjOqsLorauWAxX8jWYCHWX0BH4YACICCAEQABoCc20&co=1&ase=2&gclid=EAIaIQobChMIzqrC6K2rlgMV_I1mAh1l9AR-EBAYASAAEgJpGvD_BwE&cid=CAASuwHkaJM7HdYwcQEBMKAzmhKqihUYbc5o4e_8XUPEl3Y2R0YbnkcghtnUugsDvXyyM_OO3E-n4xgO8tGrQZUCuSgpEf-ehRwrLkZbA6kkSQ5FjbTryNOPU6odpdSaadpq7cMokWnhqt1bN8iU5fYVsbKAGhDx0wqdJQyocoAQd4DQnBgoJk89fW7nacAvGai7WXkinUX04P0LXozvtkwuofSN-KYwGjCewLCPeXqY3r8JYKasgD9eZpCf9jH-&cce=2&category=acrcp_v1_32&sig=AOD64_1rS19vwRtye_biHIdPz2RHwXY7Qw&adurl&q&ctype=99&nis=6, 0488 814 165,Burwood NSW Australia,Business Owner / Managing Director,92,High,pending,,,Plumbing & Trades,High,Personalized,,,,,,,,,,
contact@dcpplumbinggroup.com.au,,,Dcpplumbinggroup,/aclk?sa=L&ai=DChsSEwjOqsLorauWAxX8jWYCHWX0BH4YACICCAEQABoCc20&co=1&ase=2&gclid=EAIaIQobChMIzqrC6K2rlgMV_I1mAh1l9AR-EBAYASAAEgJpGvD_BwE&cid=CAASuwHkaJM7HdYwcQEBMKAzmhKqihUYbc5o4e_8XUPEl3Y2R0YbnkcghtnUugsDvXyyM_OO3E-n4xgO8tGrQZUCuSgpEf-ehRwrLkZbA6kkSQ5FjbTryNOPU6odpdSaadpq7cMokWnhqt1bN8iU5fYVsbKAGhDx0wqdJQyocoAQd4DQnBgoJk89fW7nacAvGai7WXkinUX04P0LXozvtkwuofSN-KYwGjCewLCPeXqY3r8JYKasgD9eZpCf9jH-&cce=2&category=acrcp_v1_32&sig=AOD64_1rS19vwRtye_biHIdPz2RHwXY7Qw&adurl&q&ctype=99&nis=6, 0478 819 997,Burwood NSW Australia,Business Owner / Managing Director,92,High,pending,,,Plumbing & Trades,High,Personalized,,,,,,,,,,
contact@thepiedplumber.com.au,,,Thepiedplumber,/aclk?sa=L&ai=DChsSEwjOqsLorauWAxX8jWYCHWX0BH4YACICCAEQABoCc20&co=1&ase=2&gclid=EAIaIQobChMIzqrC6K2rlgMV_I1mAh1l9AR-EBAYASAAEgJpGvD_BwE&cid=CAASuwHkaJM7HdYwcQEBMKAzmhKqihUYbc5o4e_8XUPEl3Y2R0YbnkcghtnUugsDvXyyM_OO3E-n4xgO8tGrQZUCuSgpEf-ehRwrLkZbA6kkSQ5FjbTryNOPU6odpdSaadpq7cMokWnhqt1bN8iU5fYVsbKAGhDx0wqdJQyocoAQd4DQnBgoJk89fW7nacAvGai7WXkinUX04P0LXozvtkwuofSN-KYwGjCewLCPeXqY3r8JYKasgD9eZpCf9jH-&cce=2&category=acrcp_v1_32&sig=AOD64_1rS19vwRtye_biHIdPz2RHwXY7Qw&adurl&q&ctype=99&nis=6, 1300 138 080,Burwood NSW Australia,Business Owner / Managing Director,92,High,pending,,,Plumbing & Trades,High,Personalized,,,,,,,,,,
contact@burwoodplumbingservices.com.au,,,Burwoodplumbingservices,/aclk?sa=L&ai=DChsSEwjOqsLorauWAxX8jWYCHWX0BH4YACICCAEQABoCc20&co=1&ase=2&gclid=EAIaIQobChMIzqrC6K2rlgMV_I1mAh1l9AR-EBAYASAAEgJpGvD_BwE&cid=CAASuwHkaJM7HdYwcQEBMKAzmhKqihUYbc5o4e_8XUPEl3Y2R0YbnkcghtnUugsDvXyyM_OO3E-n4xgO8tGrQZUCuSgpEf-ehRwrLkZbA6kkSQ5FjbTryNOPU6odpdSaadpq7cMokWnhqt1bN8iU5fYVsbKAGhDx0wqdJQyocoAQd4DQnBgoJk89fW7nacAvGai7WXkinUX04P0LXozvtkwuofSN-KYwGjCewLCPeXqY3r8JYKasgD9eZpCf9jH-&cce=2&category=acrcp_v1_32&sig=AOD64_1rS19vwRtye_biHIdPz2RHwXY7Qw&adurl&q&ctype=99&nis=6, 0485 800 065,", Wyalong St, Burwood NSW 2134",Business Owner / Managing Director,92,High,pending,,,Plumbing & Trades,High,Personalized,,,,,,,,,,
contact@buddeeplumbingptyltd.com.au,,,Buddeeplumbingptyltd,/aclk?sa=L&ai=DChsSEwjOqsLorauWAxX8jWYCHWX0BH4YACICCAEQABoCc20&co=1&ase=2&gclid=EAIaIQobChMIzqrC6K2rlgMV_I1mAh1l9AR-EBAYASAAEgJpGvD_BwE&cid=CAASuwHkaJM7HdYwcQEBMKAzmhKqihUYbc5o4e_8XUPEl3Y2R0YbnkcghtnUugsDvXyyM_OO3E-n4xgO8tGrQZUCuSgpEf-ehRwrLkZbA6kkSQ5FjbTryNOPU6odpdSaadpq7cMokWnhqt1bN8iU5fYVsbKAGhDx0wqdJQyocoAQd4DQnBgoJk89fW7nacAvGai7WXkinUX04P0LXozvtkwuofSN-KYwGjCewLCPeXqY3r8JYKasgD9eZpCf9jH-&cce=2&category=acrcp_v1_32&sig=AOD64_1rS19vwRtye_biHIdPz2RHwXY7Qw&adurl&q&ctype=99&nis=6, 0415 283 333,Burwood NSW Australia,Business Owner / Managing Director,92,High,pending,,,Plumbing & Trades,High,Personalized,,,,,,,,,,
contact@sydneymetroplumbingmaintenance.com.au,,,Sydneymetroplumbingmaintenance,/aclk?sa=L&ai=DChsSEwjOqsLorauWAxX8jWYCHWX0BH4YACICCAEQABoCc20&co=1&ase=2&gclid=EAIaIQobChMIzqrC6K2rlgMV_I1mAh1l9AR-EBAYASAAEgJpGvD_BwE&cid=CAASuwHkaJM7HdYwcQEBMKAzmhKqihUYbc5o4e_8XUPEl3Y2R0YbnkcghtnUugsDvXyyM_OO3E-n4xgO8tGrQZUCuSgpEf-ehRwrLkZbA6kkSQ5FjbTryNOPU6odpdSaadpq7cMokWnhqt1bN8iU5fYVsbKAGhDx0wqdJQyocoAQd4DQnBgoJk89fW7nacAvGai7WXkinUX04P0LXozvtkwuofSN-KYwGjCewLCPeXqY3r8JYKasgD9eZpCf9jH-&cce=2&category=acrcp_v1_32&sig=AOD64_1rS19vwRtye_biHIdPz2RHwXY7Qw&adurl&q&ctype=99&nis=6, 1300 247 420,", Unit 1/314 Burwood Rd, Burwood NSW 2134",Business Owner / Managing Director,92,High,pending,,,Plumbing & Trades,High,Personalized,,,,,,,,,,
contact@deanosplumbingptyltd.com.au,,,Deanosplumbingptyltd,/aclk?sa=L&ai=DChsSEwjOqsLorauWAxX8jWYCHWX0BH4YACICCAEQABoCc20&co=1&ase=2&gclid=EAIaIQobChMIzqrC6K2rlgMV_I1mAh1l9AR-EBAYASAAEgJpGvD_BwE&cid=CAASuwHkaJM7HdYwcQEBMKAzmhKqihUYbc5o4e_8XUPEl3Y2R0YbnkcghtnUugsDvXyyM_OO3E-n4xgO8tGrQZUCuSgpEf-ehRwrLkZbA6kkSQ5FjbTryNOPU6odpdSaadpq7cMokWnhqt1bN8iU5fYVsbKAGhDx0wqdJQyocoAQd4DQnBgoJk89fW7nacAvGai7WXkinUX04P0LXozvtkwuofSN-KYwGjCewLCPeXqY3r8JYKasgD9eZpCf9jH-&cce=2&category=acrcp_v1_32&sig=AOD64_1rS19vwRtye_biHIdPz2RHwXY7Qw&adurl&q&ctype=99&nis=6, 0416 048 778,", 54 Park Rd, Burwood NSW 2134",Business Owner / Managing Director,92,High,pending,,,Plumbing & Trades,High,Personalized,,,,,,,,,,
contact@servicetodayplumberstrathfield.com.au,,,Servicetodayplumberstrathfield,/aclk?sa=L&ai=DChsSEwjx6YzurauWAxVwmWYCHRYeMQsYACICCAEQARoCc20&co=1&ase=2&gclid=EAIaIQobChMI8emM7q2rlgMVcJlmAh0WHjELEBAYASAAEgJIE_D_BwE&cid=CAASuwHkaPYRfnPTvAudC1bE4cfBf0NglNU_EKHnihsX3-OZtoIAPlQymt6AhYj172PNL2Wv_CuK6Ko6NDPdRCXFXTJzH-xVpL7cC4nCeqOIXq0hAk7CcoMmuhCuCtTfkzsgrtcz8dJmWbnpk0k7mU6aGBMN3Jt-Ldqexn2rS77Q0-q2hCJN2JXSU20fy2iQQE1i4h2OFwfz9dlXpK2lgxYDOMvgoMr-MR8UePjg5mxfKpObKoIhpuwFo368GfWI&cce=2&category=acrcp_v1_32&sig=AOD64_12uckL73Rd7I9cedZdTSTZbHmbqw&adurl&q&ctype=99&nis=6, 0480 080 240,Strathfield NSW Australia,Business Owner / Managing Director,92,High,pending,,,Plumbing & Trades,High,Personalized,,,,,,,,,,
contact@vortplumbingsydney.com.au,,,Vortplumbingsydney,/aclk?sa=L&ai=DChsSEwjx6YzurauWAxVwmWYCHRYeMQsYACICCAEQARoCc20&co=1&ase=2&gclid=EAIaIQobChMI8emM7q2rlgMVcJlmAh0WHjELEBAYASAAEgJIE_D_BwE&cid=CAASuwHkaPYRfnPTvAudC1bE4cfBf0NglNU_EKHnihsX3-OZtoIAPlQymt6AhYj172PNL2Wv_CuK6Ko6NDPdRCXFXTJzH-xVpL7cC4nCeqOIXq0hAk7CcoMmuhCuCtTfkzsgrtcz8dJmWbnpk0k7mU6aGBMN3Jt-Ldqexn2rS77Q0-q2hCJN2JXSU20fy2iQQE1i4h2OFwfz9dlXpK2lgxYDOMvgoMr-MR8UePjg5mxfKpObKoIhpuwFo368GfWI&cce=2&category=acrcp_v1_32&sig=AOD64_12uckL73Rd7I9cedZdTSTZbHmbqw&adurl&q&ctype=99&nis=6, (02) 8017 1133,", 9 Hilts Rd, Strathfield NSW 2135",Business Owner / Managing Director,92,High,pending,,,Plumbing & Trades,High,Personalized,,,,,,,,,,
contact@homebushplumbingservices.com.au,,,Homebushplumbingservices,/aclk?sa=L&ai=DChsSEwjx6YzurauWAxVwmWYCHRYeMQsYACICCAEQARoCc20&co=1&ase=2&gclid=EAIaIQobChMI8emM7q2rlgMVcJlmAh0WHjELEBAYASAAEgJIE_D_BwE&cid=CAASuwHkaPYRfnPTvAudC1bE4cfBf0NglNU_EKHnihsX3-OZtoIAPlQymt6AhYj172PNL2Wv_CuK6Ko6NDPdRCXFXTJzH-xVpL7cC4nCeqOIXq0hAk7CcoMmuhCuCtTfkzsgrtcz8dJmWbnpk0k7mU6aGBMN3Jt-Ldqexn2rS77Q0-q2hCJN2JXSU20fy2iQQE1i4h2OFwfz9dlXpK2lgxYDOMvgoMr-MR8UePjg5mxfKpObKoIhpuwFo368GfWI&cce=2&category=acrcp_v1_32&sig=AOD64_12uckL73Rd7I9cedZdTSTZbHmbqw&adurl&q&ctype=99&nis=6, 0435 404 585,", Unit 203/9-13 Parnell St, Strathfield NSW 2135",Business Owner / Managing Director,92,High,pending,,,Plumbing & Trades,High,Personalized,,,,,,,,,,
contact@hoppysplumbing.com.au,,,Hoppysplumbing,/aclk?sa=L&ai=DChsSEwjx6YzurauWAxVwmWYCHRYeMQsYACICCAEQARoCc20&co=1&ase=2&gclid=EAIaIQobChMI8emM7q2rlgMVcJlmAh0WHjELEBAYASAAEgJIE_D_BwE&cid=CAASuwHkaPYRfnPTvAudC1bE4cfBf0NglNU_EKHnihsX3-OZtoIAPlQymt6AhYj172PNL2Wv_CuK6Ko6NDPdRCXFXTJzH-xVpL7cC4nCeqOIXq0hAk7CcoMmuhCuCtTfkzsgrtcz8dJmWbnpk0k7mU6aGBMN3Jt-Ldqexn2rS77Q0-q2hCJN2JXSU20fy2iQQE1i4h2OFwfz9dlXpK2lgxYDOMvgoMr-MR8UePjg5mxfKpObKoIhpuwFo368GfWI&cce=2&category=acrcp_v1_32&sig=AOD64_12uckL73Rd7I9cedZdTSTZbHmbqw&adurl&q&ctype=99&nis=6, 0468 461 589,", 48 Cooper St, Strathfield NSW 2135",Business Owner / Managing Director,92,High,pending,,,Plumbing & Trades,High,Personalized,,,,,,,,,,
contact@drleakplumbersydney.com.au,,,Drleakplumbersydney,/aclk?sa=L&ai=DChsSEwjx6YzurauWAxVwmWYCHRYeMQsYACICCAEQARoCc20&co=1&ase=2&gclid=EAIaIQobChMI8emM7q2rlgMVcJlmAh0WHjELEBAYASAAEgJIE_D_BwE&cid=CAASuwHkaPYRfnPTvAudC1bE4cfBf0NglNU_EKHnihsX3-OZtoIAPlQymt6AhYj172PNL2Wv_CuK6Ko6NDPdRCXFXTJzH-xVpL7cC4nCeqOIXq0hAk7CcoMmuhCuCtTfkzsgrtcz8dJmWbnpk0k7mU6aGBMN3Jt-Ldqexn2rS77Q0-q2hCJN2JXSU20fy2iQQE1i4h2OFwfz9dlXpK2lgxYDOMvgoMr-MR8UePjg5mxfKpObKoIhpuwFo368GfWI&cce=2&category=acrcp_v1_32&sig=AOD64_12uckL73Rd7I9cedZdTSTZbHmbqw&adurl&q&ctype=99&nis=6, 1300 261 965,", 44/50 Cosgrove Rd, Strathfield South NSW 2136",Business Owner / Managing Director,92,High,pending,,,Plumbing & Trades,High,Personalized,,,,,,,,,,
contact@jetstarplumbing.com.au,,,Jetstarplumbing,/aclk?sa=L&ai=DChsSEwjx6YzurauWAxVwmWYCHRYeMQsYACICCAEQARoCc20&co=1&ase=2&gclid=EAIaIQobChMI8emM7q2rlgMVcJlmAh0WHjELEBAYASAAEgJIE_D_BwE&cid=CAASuwHkaPYRfnPTvAudC1bE4cfBf0NglNU_EKHnihsX3-OZtoIAPlQymt6AhYj172PNL2Wv_CuK6Ko6NDPdRCXFXTJzH-xVpL7cC4nCeqOIXq0hAk7CcoMmuhCuCtTfkzsgrtcz8dJmWbnpk0k7mU6aGBMN3Jt-Ldqexn2rS77Q0-q2hCJN2JXSU20fy2iQQE1i4h2OFwfz9dlXpK2lgxYDOMvgoMr-MR8UePjg5mxfKpObKoIhpuwFo368GfWI&cce=2&category=acrcp_v1_32&sig=AOD64_12uckL73Rd7I9cedZdTSTZbHmbqw&adurl&q&ctype=99&nis=6, (02) 9073 4415,Strathfield NSW Australia,Business Owner / Managing Director,92,High,pending,,,Plumbing & Trades,High,Personalized,,,,,,,,,,
info@thecleanplumber.com.au,,,Thecleanplumber,https://www.thecleanplumber.com.au/service-areas/leichhardt-plumbing/, 0488 854 186,", 32 Norton St, Leichhardt NSW 2040",Business Owner / Managing Director,92,High,pending,,,Plumbing & Trades,High,Personalized,,,,,,,,,,
info@h2oproplumbing.com.au,,,H2oproplumbing,https://h2oproplumbing.com.au/, 0499 986 698,Five Dock NSW Australia,Business Owner / Managing Director,92,High,pending,,,Plumbing & Trades,High,Personalized,,,,,,,,,,
contact@plumbwellplumbingbalmain.com.au,,,Plumbwellplumbingbalmain,/aclk?sa=L&ai=DChsSEwin2bP_rauWAxXyjEsFHaIoN0MYACICCAEQABoCc2Y&co=1&ase=2&gclid=EAIaIQobChMIp9mz_62rlgMV8oxLBR2iKDdDEBAYASAAEgIw4_D_BwE&cid=CAASuwHkaHg0-CALwv_mQjDLMVudOhIrPeAy1W7XxttqOjgbwbRymhz2ONTCPD06UiJNKog53mILdOvSYlfObogqJ_xfkU4ddxPttosYuMY_7iJZZjtY0dqp_lrfZ1ZCFu63LuKyiAxSLc9fucACgyGpkwjFHj7DkRII7YckM99r3MzuK2qBQfj-RKiUV4AXDir0aafrv-moT6xhyJTr0Bp3EDLbqkiaGoZX_1Rdr_dmMmKXmAPJ2wHxAH6uQDnn&cce=2&category=acrcp_v1_32&sig=AOD64_0G1FOoVsYV9G31SdA2M6i8G-DdnA&adurl&q&ctype=99&nis=6, (02) 9072 1979,", 6a Isabella St, Balmain NSW 2041",Business Owner / Managing Director,92,High,pending,,,Plumbing & Trades,High,Personalized,,,,,,,,,,
contact@balmainplumbing.com.au,,,Balmainplumbing,/aclk?sa=L&ai=DChsSEwin2bP_rauWAxXyjEsFHaIoN0MYACICCAEQABoCc2Y&co=1&ase=2&gclid=EAIaIQobChMIp9mz_62rlgMV8oxLBR2iKDdDEBAYASAAEgIw4_D_BwE&cid=CAASuwHkaHg0-CALwv_mQjDLMVudOhIrPeAy1W7XxttqOjgbwbRymhz2ONTCPD06UiJNKog53mILdOvSYlfObogqJ_xfkU4ddxPttosYuMY_7iJZZjtY0dqp_lrfZ1ZCFu63LuKyiAxSLc9fucACgyGpkwjFHj7DkRII7YckM99r3MzuK2qBQfj-RKiUV4AXDir0aafrv-moT6xhyJTr0Bp3EDLbqkiaGoZX_1Rdr_dmMmKXmAPJ2wHxAH6uQDnn&cce=2&category=acrcp_v1_32&sig=AOD64_0G1FOoVsYV9G31SdA2M6i8G-DdnA&adurl&q&ctype=99&nis=6, 0418 160 055,", 10 Mansfield St, Balmain NSW 2040",Business Owner / Managing Director,92,High,pending,,,Plumbing & Trades,High,Personalized,,,,,,,,,,
contact@fixedfastplumbingbalmain.com.au,,,Fixedfastplumbingbalmain,/aclk?sa=L&ai=DChsSEwin2bP_rauWAxXyjEsFHaIoN0MYACICCAEQABoCc2Y&co=1&ase=2&gclid=EAIaIQobChMIp9mz_62rlgMV8oxLBR2iKDdDEBAYASAAEgIw4_D_BwE&cid=CAASuwHkaHg0-CALwv_mQjDLMVudOhIrPeAy1W7XxttqOjgbwbRymhz2ONTCPD06UiJNKog53mILdOvSYlfObogqJ_xfkU4ddxPttosYuMY_7iJZZjtY0dqp_lrfZ1ZCFu63LuKyiAxSLc9fucACgyGpkwjFHj7DkRII7YckM99r3MzuK2qBQfj-RKiUV4AXDir0aafrv-moT6xhyJTr0Bp3EDLbqkiaGoZX_1Rdr_dmMmKXmAPJ2wHxAH6uQDnn&cce=2&category=acrcp_v1_32&sig=AOD64_0G1FOoVsYV9G31SdA2M6i8G-DdnA&adurl&q&ctype=99&nis=6, 1300 349 327,Balmain NSW Australia,Business Owner / Managing Director,92,High,pending,,,Plumbing & Trades,High,Personalized,,,,,,,,,,
contact@servicetodayplumberbalmain.com.au,,,Servicetodayplumberbalmain,/aclk?sa=L&ai=DChsSEwin2bP_rauWAxXyjEsFHaIoN0MYACICCAEQABoCc2Y&co=1&ase=2&gclid=EAIaIQobChMIp9mz_62rlgMV8oxLBR2iKDdDEBAYASAAEgIw4_D_BwE&cid=CAASuwHkaHg0-CALwv_mQjDLMVudOhIrPeAy1W7XxttqOjgbwbRymhz2ONTCPD06UiJNKog53mILdOvSYlfObogqJ_xfkU4ddxPttosYuMY_7iJZZjtY0dqp_lrfZ1ZCFu63LuKyiAxSLc9fucACgyGpkwjFHj7DkRII7YckM99r3MzuK2qBQfj-RKiUV4AXDir0aafrv-moT6xhyJTr0Bp3EDLbqkiaGoZX_1Rdr_dmMmKXmAPJ2wHxAH6uQDnn&cce=2&category=acrcp_v1_32&sig=AOD64_0G1FOoVsYV9G31SdA2M6i8G-DdnA&adurl&q&ctype=99&nis=6, 0489 905 209,", 43 Beattie St, Balmain NSW 2041",Business Owner / Managing Director,92,High,pending,,,Plumbing & Trades,High,Personalized,,,,,,,,,,
contact@balmainplumbingdrains.com.au,,,Balmainplumbingdrains,/aclk?sa=L&ai=DChsSEwin2bP_rauWAxXyjEsFHaIoN0MYACICCAEQABoCc2Y&co=1&ase=2&gclid=EAIaIQobChMIp9mz_62rlgMV8oxLBR2iKDdDEBAYASAAEgIw4_D_BwE&cid=CAASuwHkaHg0-CALwv_mQjDLMVudOhIrPeAy1W7XxttqOjgbwbRymhz2ONTCPD06UiJNKog53mILdOvSYlfObogqJ_xfkU4ddxPttosYuMY_7iJZZjtY0dqp_lrfZ1ZCFu63LuKyiAxSLc9fucACgyGpkwjFHj7DkRII7YckM99r3MzuK2qBQfj-RKiUV4AXDir0aafrv-moT6xhyJTr0Bp3EDLbqkiaGoZX_1Rdr_dmMmKXmAPJ2wHxAH6uQDnn&cce=2&category=acrcp_v1_32&sig=AOD64_0G1FOoVsYV9G31SdA2M6i8G-DdnA&adurl&q&ctype=99&nis=6, 0485 828 570,Balmain NSW Australia,Business Owner / Managing Director,92,High,pending,,,Plumbing & Trades,High,Personalized,,,,,,,,,,
contact@4elementsplumbinginnerwest.com.au,,,4elementsplumbinginnerwest,/aclk?sa=L&ai=DChsSEwin2bP_rauWAxXyjEsFHaIoN0MYACICCAEQABoCc2Y&co=1&ase=2&gclid=EAIaIQobChMIp9mz_62rlgMV8oxLBR2iKDdDEBAYASAAEgIw4_D_BwE&cid=CAASuwHkaHg0-CALwv_mQjDLMVudOhIrPeAy1W7XxttqOjgbwbRymhz2ONTCPD06UiJNKog53mILdOvSYlfObogqJ_xfkU4ddxPttosYuMY_7iJZZjtY0dqp_lrfZ1ZCFu63LuKyiAxSLc9fucACgyGpkwjFHj7DkRII7YckM99r3MzuK2qBQfj-RKiUV4AXDir0aafrv-moT6xhyJTr0Bp3EDLbqkiaGoZX_1Rdr_dmMmKXmAPJ2wHxAH6uQDnn&cce=2&category=acrcp_v1_32&sig=AOD64_0G1FOoVsYV9G31SdA2M6i8G-DdnA&adurl&q&ctype=99&nis=6, 1300 790 930,Balmain NSW Australia,Business Owner / Managing Director,92,High,pending,,,Plumbing & Trades,High,Personalized,,,,,,,,,,
contact@balmainplumbingservice.com.au,,,Balmainplumbingservice,/aclk?sa=L&ai=DChsSEwin2bP_rauWAxXyjEsFHaIoN0MYACICCAEQABoCc2Y&co=1&ase=2&gclid=EAIaIQobChMIp9mz_62rlgMV8oxLBR2iKDdDEBAYASAAEgIw4_D_BwE&cid=CAASuwHkaHg0-CALwv_mQjDLMVudOhIrPeAy1W7XxttqOjgbwbRymhz2ONTCPD06UiJNKog53mILdOvSYlfObogqJ_xfkU4ddxPttosYuMY_7iJZZjtY0dqp_lrfZ1ZCFu63LuKyiAxSLc9fucACgyGpkwjFHj7DkRII7YckM99r3MzuK2qBQfj-RKiUV4AXDir0aafrv-moT6xhyJTr0Bp3EDLbqkiaGoZX_1Rdr_dmMmKXmAPJ2wHxAH6uQDnn&cce=2&category=acrcp_v1_32&sig=AOD64_0G1FOoVsYV9G31SdA2M6i8G-DdnA&adurl&q&ctype=99&nis=6, 0488 843 521,", 45 Evans St, Balmain NSW 2041",Business Owner / Managing Director,92,High,pending,,,Plumbing & Trades,High,Personalized,,,,,,,,,,
contact@neighbourlyplumbingandroofing.com.au,,,Neighbourlyplumbingandroofing,/aclk?sa=L&ai=DChsSEwiV1faErquWAxV7o2YCHWypCoUYACICCAEQABoCc20&co=1&ase=2&gclid=EAIaIQobChMIldX2hK6rlgMVe6NmAh1sqQqFEBAYASAAEgKK-fD_BwE&cid=CAASuwHkaJfVOcqvr_kOmHFZHfQNeFj1-x_cJMH6VeUlM_I-JWBKTBBvBGCl1A-ZXNb6UpzVzOZTVPCL4NYyjb-soIop_kIZXkaqgdgShFeF3Fq7wmlEp_sizrWIFyniSPwjSTu_11hn89g9-BjpHcY_R4rWV_375rxRpgWvRyKOL2Of2MjJnKC7_KgHbaHeGru4Jm0_4Hm35vCHVVDiEetXlhQxu-F4n5pQTkA1QE5YpCdUK9w-NV6IoChRKPoz&cce=2&category=acrcp_v1_32&sig=AOD64_2F-Rl-MBUSNxy135L9kn4TuMbugQ&adurl&q&ctype=99&nis=6, 0439 222 592,", 83 Wigram Rd, Glebe NSW 2037",Business Owner / Managing Director,92,High,pending,,,Plumbing & Trades,High,Personalized,,,,,,,,,,
contact@thehydrofella.com.au,,,Thehydrofella,/aclk?sa=L&ai=DChsSEwiV1faErquWAxV7o2YCHWypCoUYACICCAEQABoCc20&co=1&ase=2&gclid=EAIaIQobChMIldX2hK6rlgMVe6NmAh1sqQqFEBAYASAAEgKK-fD_BwE&cid=CAASuwHkaJfVOcqvr_kOmHFZHfQNeFj1-x_cJMH6VeUlM_I-JWBKTBBvBGCl1A-ZXNb6UpzVzOZTVPCL4NYyjb-soIop_kIZXkaqgdgShFeF3Fq7wmlEp_sizrWIFyniSPwjSTu_11hn89g9-BjpHcY_R4rWV_375rxRpgWvRyKOL2Of2MjJnKC7_KgHbaHeGru4Jm0_4Hm35vCHVVDiEetXlhQxu-F4n5pQTkA1QE5YpCdUK9w-NV6IoChRKPoz&cce=2&category=acrcp_v1_32&sig=AOD64_2F-Rl-MBUSNxy135L9kn4TuMbugQ&adurl&q&ctype=99&nis=6, 0401 545 359,", 25 Westmoreland St, Glebe NSW 2037",Business Owner / Managing Director,92,High,pending,,,Plumbing & Trades,High,Personalized,,,,,,,,,,
contact@servicefoxplumbingsydney.com.au,,,Servicefoxplumbingsydney,/aclk?sa=L&ai=DChsSEwiV1faErquWAxV7o2YCHWypCoUYACICCAEQABoCc20&co=1&ase=2&gclid=EAIaIQobChMIldX2hK6rlgMVe6NmAh1sqQqFEBAYASAAEgKK-fD_BwE&cid=CAASuwHkaJfVOcqvr_kOmHFZHfQNeFj1-x_cJMH6VeUlM_I-JWBKTBBvBGCl1A-ZXNb6UpzVzOZTVPCL4NYyjb-soIop_kIZXkaqgdgShFeF3Fq7wmlEp_sizrWIFyniSPwjSTu_11hn89g9-BjpHcY_R4rWV_375rxRpgWvRyKOL2Of2MjJnKC7_KgHbaHeGru4Jm0_4Hm35vCHVVDiEetXlhQxu-F4n5pQTkA1QE5YpCdUK9w-NV6IoChRKPoz&cce=2&category=acrcp_v1_32&sig=AOD64_2F-Rl-MBUSNxy135L9kn4TuMbugQ&adurl&q&ctype=99&nis=6, (02) 9518 4084,Glebe NSW Australia,Business Owner / Managing Director,92,High,pending,,,Plumbing & Trades,High,Personalized,,,,,,,,,,
info@wilcoplumbing.com.au,,,Wilcoplumbing,https://www.wilcoplumbing.com.au/emergency-plumber/sydney/stanmore?utm_source=google&utm_medium=referral&utm_campaign=stanmore-gmb, 0480 006 903,", 28 Douglas St, Stanmore NSW 2048",Business Owner / Managing Director,92,High,pending,,,Plumbing & Trades,High,Personalized,,,,,,,,,,
info@frescotrades.com.au,,,Frescotrades,https://www.frescotrades.com.au/, 0401 828 299,", 23 Morgan St, Petersham NSW 2049",Business Owner / Managing Director,92,High,pending,,,Plumbing & Trades,High,Personalized,,,,,,,,,,
info@dulwichhillplumbinganddrains.com.au,,,Dulwichhillplumbinganddrains,https://www.dulwichhillplumbinganddrains.com.au/, 1300 735 203,Dulwich Hill NSW Australia,Business Owner / Managing Director,92,High,pending,,,Plumbing & Trades,High,Personalized,,,,,,,,,,
info@pipedplumbing.com.au,,,Pipedplumbing,http://www.pipedplumbing.com.au/, 0408 678 321,", 5 Tangarra St, Enfield NSW 2133",Business Owner / Managing Director,92,High,pending,,,Plumbing & Trades,High,Personalized,,,,,,,,,,
info@abbotsfordplumbing.com.au,,,Abbotsfordplumbing,http://www.abbotsfordplumbing.com.au/, (02) 9713 2877,", 91 Links Ave, Concord NSW 2137",Business Owner / Managing Director,92,High,pending,,,Plumbing & Trades,High,Personalized,,,,,,,,,,
contact@patsplumbingandgas.com.au,,,Patsplumbingandgas,/aclk?sa=L&ai=DChsSEwiqupSfrquWAxVWwDwCHT8oNXgYACICCAEQARoCc2Y&co=1&ase=2&gclid=EAIaIQobChMIqrqUn66rlgMVVsA8Ah0_KDV4EBAYASAAEgJpivD_BwE&cid=CAASuwHkaF5N2aEwyBazIqNSwiZ4R0tyZ4oKe8whD3gvHxby9aUVzOLTLljMhaCiJnUCQr9oA-kGjQh1vTr1vZtWLWeBLdHuv7HZ_0Lm21a964JLJ1NB7Px5AlUcg-JO2VW8J1NipGX9hd4oeqxIaz5Pp8RaA_qwTA2asml_a9ooBHS9xmeu0k3hlrifI7vWWtu0vAUPIFosbkNr11gQcahug6qrM_8ZBMywMfuM7BAT24DwsbB7gKos07shvfvg&cce=2&category=acrcp_v1_32&sig=AOD64_04C-s-WtTDDnSCmERjRyfvw4LcJw&adurl&q&ctype=99&nis=6, 0493 296 361,", 17 Coombes Dr, Penrith NSW 2750",Business Owner / Managing Director,92,High,pending,,,Plumbing & Trades,High,Personalized,,,,,,,,,,
contact@servicetodayplumberhomebush.com.au,,,Servicetodayplumberhomebush,/aclk?sa=L&ai=DChsSEwiqupSfrquWAxVWwDwCHT8oNXgYACICCAEQARoCc2Y&co=1&ase=2&gclid=EAIaIQobChMIqrqUn66rlgMVVsA8Ah0_KDV4EBAYASAAEgJpivD_BwE&cid=CAASuwHkaF5N2aEwyBazIqNSwiZ4R0tyZ4oKe8whD3gvHxby9aUVzOLTLljMhaCiJnUCQr9oA-kGjQh1vTr1vZtWLWeBLdHuv7HZ_0Lm21a964JLJ1NB7Px5AlUcg-JO2VW8J1NipGX9hd4oeqxIaz5Pp8RaA_qwTA2asml_a9ooBHS9xmeu0k3hlrifI7vWWtu0vAUPIFosbkNr11gQcahug6qrM_8ZBMywMfuM7BAT24DwsbB7gKos07shvfvg&cce=2&category=acrcp_v1_32&sig=AOD64_04C-s-WtTDDnSCmERjRyfvw4LcJw&adurl&q&ctype=99&nis=6, 0488 802 472,", 28 MacKenzie St, Homebush NSW 2140",Business Owner / Managing Director,92,High,pending,,,Plumbing & Trades,High,Personalized,,,,,,,,,,
contact@fixnflow.com.au,,,Fixnflow,/aclk?sa=L&ai=DChsSEwiqupSfrquWAxVWwDwCHT8oNXgYACICCAEQARoCc2Y&co=1&ase=2&gclid=EAIaIQobChMIqrqUn66rlgMVVsA8Ah0_KDV4EBAYASAAEgJpivD_BwE&cid=CAASuwHkaF5N2aEwyBazIqNSwiZ4R0tyZ4oKe8whD3gvHxby9aUVzOLTLljMhaCiJnUCQr9oA-kGjQh1vTr1vZtWLWeBLdHuv7HZ_0Lm21a964JLJ1NB7Px5AlUcg-JO2VW8J1NipGX9hd4oeqxIaz5Pp8RaA_qwTA2asml_a9ooBHS9xmeu0k3hlrifI7vWWtu0vAUPIFosbkNr11gQcahug6qrM_8ZBMywMfuM7BAT24DwsbB7gKos07shvfvg&cce=2&category=acrcp_v1_32&sig=AOD64_04C-s-WtTDDnSCmERjRyfvw4LcJw&adurl&q&ctype=99&nis=6, 1300 319 275,", D6/161 Arthur St, Homebush West NSW 2140",Business Owner / Managing Director,92,High,pending,,,Plumbing & Trades,High,Personalized,,,,,,,,,,
contact@04plumbing.com.au,,,04plumbing,/aclk?sa=L&ai=DChsSEwi34NmirquWAxVI1zwCHdRGHAoYACICCAEQAhoCc2Y&co=1&ase=2&gclid=EAIaIQobChMIt-DZoq6rlgMVSNc8Ah3URhwKEBAYASAAEgIeGvD_BwE&cid=CAASuwHkaDBc8FFdVmFZJTHb16xzCqqR3R1Q5iUYX3kv4Gpb3C9ylWKjA1oYGsAmOzerRA0-lsPJwtJJyTYOzyj3jkzJzzIBxWuSMtFm6Upuxy4TahHFpduDkOwmFcRYZZyTlMdhehq3MjaecBHqiKpV0LkPA7aYsGtkxpd4zQsj70DELTrYH7kWzn4holg8PrP2SADibY_UPkM_AbUWLIHDaDMyZKlDr2BVKaEVj2BageVhmleKW44pFSw5kAiA&cce=2&category=acrcp_v1_32&sig=AOD64_2jJoPFbZys3CIWnbWDHDKfZeUL2w&adurl&q&ctype=99&nis=6, 0475 862 464,", 12A Restwell St, Bankstown NSW 2200",Business Owner / Managing Director,92,High,pending,,,Plumbing & Trades,High,Personalized,,,,,,,,,,
contact@servicetodayplumberbankstown.com.au,,,Servicetodayplumberbankstown,/aclk?sa=L&ai=DChsSEwi34NmirquWAxVI1zwCHdRGHAoYACICCAEQAhoCc2Y&co=1&ase=2&gclid=EAIaIQobChMIt-DZoq6rlgMVSNc8Ah3URhwKEBAYASAAEgIeGvD_BwE&cid=CAASuwHkaDBc8FFdVmFZJTHb16xzCqqR3R1Q5iUYX3kv4Gpb3C9ylWKjA1oYGsAmOzerRA0-lsPJwtJJyTYOzyj3jkzJzzIBxWuSMtFm6Upuxy4TahHFpduDkOwmFcRYZZyTlMdhehq3MjaecBHqiKpV0LkPA7aYsGtkxpd4zQsj70DELTrYH7kWzn4holg8PrP2SADibY_UPkM_AbUWLIHDaDMyZKlDr2BVKaEVj2BageVhmleKW44pFSw5kAiA&cce=2&category=acrcp_v1_32&sig=AOD64_2jJoPFbZys3CIWnbWDHDKfZeUL2w&adurl&q&ctype=99&nis=6, 0488 812 179,", 18 Gould St, Bankstown NSW 2200",Business Owner / Managing Director,92,High,pending,,,Plumbing & Trades,High,Personalized,,,,,,,,,,
contact@canberrachoiceplumbing.com.au,,,Canberrachoiceplumbing,/aclk?sa=L&ai=DChsSEwi34NmirquWAxVI1zwCHdRGHAoYACICCAEQAhoCc2Y&co=1&ase=2&gclid=EAIaIQobChMIt-DZoq6rlgMVSNc8Ah3URhwKEBAYASAAEgIeGvD_BwE&cid=CAASuwHkaDBc8FFdVmFZJTHb16xzCqqR3R1Q5iUYX3kv4Gpb3C9ylWKjA1oYGsAmOzerRA0-lsPJwtJJyTYOzyj3jkzJzzIBxWuSMtFm6Upuxy4TahHFpduDkOwmFcRYZZyTlMdhehq3MjaecBHqiKpV0LkPA7aYsGtkxpd4zQsj70DELTrYH7kWzn4holg8PrP2SADibY_UPkM_AbUWLIHDaDMyZKlDr2BVKaEVj2BageVhmleKW44pFSw5kAiA&cce=2&category=acrcp_v1_32&sig=AOD64_2jJoPFbZys3CIWnbWDHDKfZeUL2w&adurl&q&ctype=99&nis=6, 1300 056 511,Bankstown NSW Australia,Business Owner / Managing Director,92,High,pending,,,Plumbing & Trades,High,Personalized,,,,,,,,,,
contact@bdsplumbing.com.au,,,Bdsplumbing,/aclk?sa=L&ai=DChsSEwi34NmirquWAxVI1zwCHdRGHAoYACICCAEQAhoCc2Y&co=1&ase=2&gclid=EAIaIQobChMIt-DZoq6rlgMVSNc8Ah3URhwKEBAYASAAEgIeGvD_BwE&cid=CAASuwHkaDBc8FFdVmFZJTHb16xzCqqR3R1Q5iUYX3kv4Gpb3C9ylWKjA1oYGsAmOzerRA0-lsPJwtJJyTYOzyj3jkzJzzIBxWuSMtFm6Upuxy4TahHFpduDkOwmFcRYZZyTlMdhehq3MjaecBHqiKpV0LkPA7aYsGtkxpd4zQsj70DELTrYH7kWzn4holg8PrP2SADibY_UPkM_AbUWLIHDaDMyZKlDr2BVKaEVj2BageVhmleKW44pFSw5kAiA&cce=2&category=acrcp_v1_32&sig=AOD64_2jJoPFbZys3CIWnbWDHDKfZeUL2w&adurl&q&ctype=99&nis=6, 0432 299 292,", Northam Ave, Bankstown NSW 2200",Business Owner / Managing Director,92,High,pending,,,Plumbing & Trades,High,Personalized,,,,,,,,,,
contact@mrsplashplumbing.com.au,,,Mrsplashplumbing,/aclk?sa=L&ai=DChsSEwi34NmirquWAxVI1zwCHdRGHAoYACICCAEQAhoCc2Y&co=1&ase=2&gclid=EAIaIQobChMIt-DZoq6rlgMVSNc8Ah3URhwKEBAYASAAEgIeGvD_BwE&cid=CAASuwHkaDBc8FFdVmFZJTHb16xzCqqR3R1Q5iUYX3kv4Gpb3C9ylWKjA1oYGsAmOzerRA0-lsPJwtJJyTYOzyj3jkzJzzIBxWuSMtFm6Upuxy4TahHFpduDkOwmFcRYZZyTlMdhehq3MjaecBHqiKpV0LkPA7aYsGtkxpd4zQsj70DELTrYH7kWzn4holg8PrP2SADibY_UPkM_AbUWLIHDaDMyZKlDr2BVKaEVj2BageVhmleKW44pFSw5kAiA&cce=2&category=acrcp_v1_32&sig=AOD64_2jJoPFbZys3CIWnbWDHDKfZeUL2w&adurl&q&ctype=99&nis=6, 1300 677 752,Bankstown NSW Australia,Business Owner / Managing Director,92,High,pending,,,Plumbing & Trades,High,Personalized,,,,,,,,,,
contact@servicetodayplumberpadstow.com.au,,,Servicetodayplumberpadstow,/aclk?sa=L&ai=DChsSEwip4aKnrquWAxUmkGYCHdYEGLkYACICCAEQABoCc20&co=1&ase=2&gclid=EAIaIQobChMIqeGip66rlgMVJpBmAh3WBBi5EBAYASAAEgIrqfD_BwE&cid=CAASuwHkaAdexZN9jhMwxiNK9wfCOzFoAZc9QAwZs3hCCiCyyyJizvglGfY-Z5NEWySRsIop5Fcs48ZTGMTP5VTaLu7Pr0zxbugIuz-dEO_AVFoVstWJFP7SX88lD_LJb_-TnC1qglyU7jyxQrV69l2esmTNg0yyi1d3p63kWsHV1qz4BZLOA-NWNnzR59cUXW2V1qCh39BbHDGCajybt6ZHdEOhR01FaNzewr4nsDfuQ8Gbum8bILGu3G5BNYhU&cce=2&category=acrcp_v1_32&sig=AOD64_0jB1gjG6DIi6ooKj_9g9tHPyrJkQ&adurl&q&ctype=99&nis=6, 0419 796 110,Padstow NSW Australia,Business Owner / Managing Director,92,High,pending,,,Plumbing & Trades,High,Personalized,,,,,,,,,,
contact@padstowplumbing.com.au,,,Padstowplumbing,/aclk?sa=L&ai=DChsSEwip4aKnrquWAxUmkGYCHdYEGLkYACICCAEQABoCc20&co=1&ase=2&gclid=EAIaIQobChMIqeGip66rlgMVJpBmAh3WBBi5EBAYASAAEgIrqfD_BwE&cid=CAASuwHkaAdexZN9jhMwxiNK9wfCOzFoAZc9QAwZs3hCCiCyyyJizvglGfY-Z5NEWySRsIop5Fcs48ZTGMTP5VTaLu7Pr0zxbugIuz-dEO_AVFoVstWJFP7SX88lD_LJb_-TnC1qglyU7jyxQrV69l2esmTNg0yyi1d3p63kWsHV1qz4BZLOA-NWNnzR59cUXW2V1qCh39BbHDGCajybt6ZHdEOhR01FaNzewr4nsDfuQ8Gbum8bILGu3G5BNYhU&cce=2&category=acrcp_v1_32&sig=AOD64_0jB1gjG6DIi6ooKj_9g9tHPyrJkQ&adurl&q&ctype=99&nis=6, 0485 825 232,", 124 Doyle Rd, Padstow NSW 2211",Business Owner / Managing Director,92,High,pending,,,Plumbing & Trades,High,Personalized,,,,,,,,,,
contact@unitedplumbinggroup.com.au,,,Unitedplumbinggroup,/aclk?sa=L&ai=DChsSEwip4aKnrquWAxUmkGYCHdYEGLkYACICCAEQABoCc20&co=1&ase=2&gclid=EAIaIQobChMIqeGip66rlgMVJpBmAh3WBBi5EBAYASAAEgIrqfD_BwE&cid=CAASuwHkaAdexZN9jhMwxiNK9wfCOzFoAZc9QAwZs3hCCiCyyyJizvglGfY-Z5NEWySRsIop5Fcs48ZTGMTP5VTaLu7Pr0zxbugIuz-dEO_AVFoVstWJFP7SX88lD_LJb_-TnC1qglyU7jyxQrV69l2esmTNg0yyi1d3p63kWsHV1qz4BZLOA-NWNnzR59cUXW2V1qCh39BbHDGCajybt6ZHdEOhR01FaNzewr4nsDfuQ8Gbum8bILGu3G5BNYhU&cce=2&category=acrcp_v1_32&sig=AOD64_0jB1gjG6DIi6ooKj_9g9tHPyrJkQ&adurl&q&ctype=99&nis=6, 0405 225 522,", 1 Davies Rd, Padstow NSW 2211",Business Owner / Managing Director,92,High,pending,,,Plumbing & Trades,High,Personalized,,,,,,,,,,
contact@padstowplumbingdrains.com.au,,,Padstowplumbingdrains,/aclk?sa=L&ai=DChsSEwip4aKnrquWAxUmkGYCHdYEGLkYACICCAEQABoCc20&co=1&ase=2&gclid=EAIaIQobChMIqeGip66rlgMVJpBmAh3WBBi5EBAYASAAEgIrqfD_BwE&cid=CAASuwHkaAdexZN9jhMwxiNK9wfCOzFoAZc9QAwZs3hCCiCyyyJizvglGfY-Z5NEWySRsIop5Fcs48ZTGMTP5VTaLu7Pr0zxbugIuz-dEO_AVFoVstWJFP7SX88lD_LJb_-TnC1qglyU7jyxQrV69l2esmTNg0yyi1d3p63kWsHV1qz4BZLOA-NWNnzR59cUXW2V1qCh39BbHDGCajybt6ZHdEOhR01FaNzewr4nsDfuQ8Gbum8bILGu3G5BNYhU&cce=2&category=acrcp_v1_32&sig=AOD64_0jB1gjG6DIi6ooKj_9g9tHPyrJkQ&adurl&q&ctype=99&nis=6, 0480 840 279,Padstow NSW Australia,Business Owner / Managing Director,92,High,pending,,,Plumbing & Trades,High,Personalized,,,,,,,,,,
contact@pdkplumbingandmaintenanceptyltdblockeddrainspecialists.com.au,,,Pdkplumbingandmaintenanceptyltdblockeddrainspecialists,/aclk?sa=L&ai=DChsSEwip4aKnrquWAxUmkGYCHdYEGLkYACICCAEQABoCc20&co=1&ase=2&gclid=EAIaIQobChMIqeGip66rlgMVJpBmAh3WBBi5EBAYASAAEgIrqfD_BwE&cid=CAASuwHkaAdexZN9jhMwxiNK9wfCOzFoAZc9QAwZs3hCCiCyyyJizvglGfY-Z5NEWySRsIop5Fcs48ZTGMTP5VTaLu7Pr0zxbugIuz-dEO_AVFoVstWJFP7SX88lD_LJb_-TnC1qglyU7jyxQrV69l2esmTNg0yyi1d3p63kWsHV1qz4BZLOA-NWNnzR59cUXW2V1qCh39BbHDGCajybt6ZHdEOhR01FaNzewr4nsDfuQ8Gbum8bILGu3G5BNYhU&cce=2&category=acrcp_v1_32&sig=AOD64_0jB1gjG6DIi6ooKj_9g9tHPyrJkQ&adurl&q&ctype=99&nis=6, 0450 461 420,", Doyle Rd, Padstow NSW 2211",Business Owner / Managing Director,92,High,pending,,,Plumbing & Trades,High,Personalized,,,,,,,,,,
contact@rabsplumbingservices.com.au,,,Rabsplumbingservices,/aclk?sa=L&ai=DChsSEwip4aKnrquWAxUmkGYCHdYEGLkYACICCAEQABoCc20&co=1&ase=2&gclid=EAIaIQobChMIqeGip66rlgMVJpBmAh3WBBi5EBAYASAAEgIrqfD_BwE&cid=CAASuwHkaAdexZN9jhMwxiNK9wfCOzFoAZc9QAwZs3hCCiCyyyJizvglGfY-Z5NEWySRsIop5Fcs48ZTGMTP5VTaLu7Pr0zxbugIuz-dEO_AVFoVstWJFP7SX88lD_LJb_-TnC1qglyU7jyxQrV69l2esmTNg0yyi1d3p63kWsHV1qz4BZLOA-NWNnzR59cUXW2V1qCh39BbHDGCajybt6ZHdEOhR01FaNzewr4nsDfuQ8Gbum8bILGu3G5BNYhU&cce=2&category=acrcp_v1_32&sig=AOD64_0jB1gjG6DIi6ooKj_9g9tHPyrJkQ&adurl&q&ctype=99&nis=6, 0401 700 500,", 1 Gatwood Cl, Padstow NSW 2211",Business Owner / Managing Director,92,High,pending,,,Plumbing & Trades,High,Personalized,,,,,,,,,,
contact@proudplumbing.com.au,,,Proudplumbing,/aclk?sa=L&ai=DChsSEwip4aKnrquWAxUmkGYCHdYEGLkYACICCAEQABoCc20&co=1&ase=2&gclid=EAIaIQobChMIqeGip66rlgMVJpBmAh3WBBi5EBAYASAAEgIrqfD_BwE&cid=CAASuwHkaAdexZN9jhMwxiNK9wfCOzFoAZc9QAwZs3hCCiCyyyJizvglGfY-Z5NEWySRsIop5Fcs48ZTGMTP5VTaLu7Pr0zxbugIuz-dEO_AVFoVstWJFP7SX88lD_LJb_-TnC1qglyU7jyxQrV69l2esmTNg0yyi1d3p63kWsHV1qz4BZLOA-NWNnzR59cUXW2V1qCh39BbHDGCajybt6ZHdEOhR01FaNzewr4nsDfuQ8Gbum8bILGu3G5BNYhU&cce=2&category=acrcp_v1_32&sig=AOD64_0jB1gjG6DIi6ooKj_9g9tHPyrJkQ&adurl&q&ctype=99&nis=6, 0431 080 798,Padstow NSW Australia,Business Owner / Managing Director,92,High,pending,,,Plumbing & Trades,High,Personalized,,,,,,,,,,
info@daytonightplumbing.com,,,Daytonightplumbing Com,https://daytonightplumbing.com/,,", Rodgers Ave, Panania NSW 2213",Business Owner / Managing Director,92,High,pending,,,Plumbing & Trades,High,Personalized,,,,,,,,,,
contact@servicetodayplumbercondellpark.com.au,,,Servicetodayplumbercondellpark,/aclk?sa=L&ai=DChsSEwimzNm4rquWAxWqCIMDHS1ZHkQYACICCAEQABoCc2Y&co=1&ase=2&gclid=EAIaIQobChMIpszZuK6rlgMVqgiDAx0tWR5EEBAYASAAEgKU4PD_BwE&cid=CAASuwHkaM12QTCWbc0bbMeHeYuSWPKrYFqA5EMUjFage6LU7onOfdKNc1nwD19vqbSbyl1pBaT-d7XLo2_fh22uE4vSHe0X2MrZM_OvCb8WT1U2r4vj8aH6tbM7f2sJiZ1ClyLTpMe2TwphR1Ywdbms7u5og9xYamEGKDXFtRo9v3PMOHDSaDfmfnvF68u6t0VHduRFDA22BA4viRKfuBn5YWBllR01xcSBg_VmmzP5ondyivuLsBE3eilSojg6&cce=2&category=acrcp_v1_32&sig=AOD64_3JjLchwFOVPglO_AeoNgjUVtHR8w&adurl&q&ctype=99&nis=6, 0488 812 175,Condell Park NSW Australia,Business Owner / Managing Director,92,High,pending,,,Plumbing & Trades,High,Personalized,,,,,,,,,,
contact@rapidresponseplumbingelectricalgroup.com.au,,,Rapidresponseplumbingelectricalgroup,/aclk?sa=L&ai=DChsSEwimzNm4rquWAxWqCIMDHS1ZHkQYACICCAEQABoCc2Y&co=1&ase=2&gclid=EAIaIQobChMIpszZuK6rlgMVqgiDAx0tWR5EEBAYASAAEgKU4PD_BwE&cid=CAASuwHkaM12QTCWbc0bbMeHeYuSWPKrYFqA5EMUjFage6LU7onOfdKNc1nwD19vqbSbyl1pBaT-d7XLo2_fh22uE4vSHe0X2MrZM_OvCb8WT1U2r4vj8aH6tbM7f2sJiZ1ClyLTpMe2TwphR1Ywdbms7u5og9xYamEGKDXFtRo9v3PMOHDSaDfmfnvF68u6t0VHduRFDA22BA4viRKfuBn5YWBllR01xcSBg_VmmzP5ondyivuLsBE3eilSojg6&cce=2&category=acrcp_v1_32&sig=AOD64_3JjLchwFOVPglO_AeoNgjUVtHR8w&adurl&q&ctype=99&nis=6, 0455 999 703,", Unit 25/390 Marion St, Condell Park NSW 2200",Business Owner / Managing Director,92,High,pending,,,Plumbing & Trades,High,Personalized,,,,,,,,,,
contact@rapidserviceplumbing.com.au,,,Rapidserviceplumbing,/aclk?sa=L&ai=DChsSEwimzNm4rquWAxWqCIMDHS1ZHkQYACICCAEQABoCc2Y&co=1&ase=2&gclid=EAIaIQobChMIpszZuK6rlgMVqgiDAx0tWR5EEBAYASAAEgKU4PD_BwE&cid=CAASuwHkaM12QTCWbc0bbMeHeYuSWPKrYFqA5EMUjFage6LU7onOfdKNc1nwD19vqbSbyl1pBaT-d7XLo2_fh22uE4vSHe0X2MrZM_OvCb8WT1U2r4vj8aH6tbM7f2sJiZ1ClyLTpMe2TwphR1Ywdbms7u5og9xYamEGKDXFtRo9v3PMOHDSaDfmfnvF68u6t0VHduRFDA22BA4viRKfuBn5YWBllR01xcSBg_VmmzP5ondyivuLsBE3eilSojg6&cce=2&category=acrcp_v1_32&sig=AOD64_3JjLchwFOVPglO_AeoNgjUVtHR8w&adurl&q&ctype=99&nis=6, (02) 9099 9138,", B13/406 Marion St, Condell Park NSW 2200",Business Owner / Managing Director,92,High,pending,,,Plumbing & Trades,High,Personalized,,,,,,,,,,
contact@steadfastplumbingservicesptyltd.com.au,,,Steadfastplumbingservicesptyltd,/aclk?sa=L&ai=DChsSEwimzNm4rquWAxWqCIMDHS1ZHkQYACICCAEQABoCc2Y&co=1&ase=2&gclid=EAIaIQobChMIpszZuK6rlgMVqgiDAx0tWR5EEBAYASAAEgKU4PD_BwE&cid=CAASuwHkaM12QTCWbc0bbMeHeYuSWPKrYFqA5EMUjFage6LU7onOfdKNc1nwD19vqbSbyl1pBaT-d7XLo2_fh22uE4vSHe0X2MrZM_OvCb8WT1U2r4vj8aH6tbM7f2sJiZ1ClyLTpMe2TwphR1Ywdbms7u5og9xYamEGKDXFtRo9v3PMOHDSaDfmfnvF68u6t0VHduRFDA22BA4viRKfuBn5YWBllR01xcSBg_VmmzP5ondyivuLsBE3eilSojg6&cce=2&category=acrcp_v1_32&sig=AOD64_3JjLchwFOVPglO_AeoNgjUVtHR8w&adurl&q&ctype=99&nis=6, 0451 800 644,", HEAD OFFICE, Condell Park NSW 2200",Business Owner / Managing Director,92,High,pending,,,Plumbing & Trades,High,Personalized,,,,,,,,,,
contact@kertebaniplumbing.com.au,,,Kertebaniplumbing,/aclk?sa=L&ai=DChsSEwimzNm4rquWAxWqCIMDHS1ZHkQYACICCAEQABoCc2Y&co=1&ase=2&gclid=EAIaIQobChMIpszZuK6rlgMVqgiDAx0tWR5EEBAYASAAEgKU4PD_BwE&cid=CAASuwHkaM12QTCWbc0bbMeHeYuSWPKrYFqA5EMUjFage6LU7onOfdKNc1nwD19vqbSbyl1pBaT-d7XLo2_fh22uE4vSHe0X2MrZM_OvCb8WT1U2r4vj8aH6tbM7f2sJiZ1ClyLTpMe2TwphR1Ywdbms7u5og9xYamEGKDXFtRo9v3PMOHDSaDfmfnvF68u6t0VHduRFDA22BA4viRKfuBn5YWBllR01xcSBg_VmmzP5ondyivuLsBE3eilSojg6&cce=2&category=acrcp_v1_32&sig=AOD64_3JjLchwFOVPglO_AeoNgjUVtHR8w&adurl&q&ctype=99&nis=6, 0412 099 322,", 10 Sixth Ave, Condell Park NSW 2200",Business Owner / Managing Director,92,High,pending,,,Plumbing & Trades,High,Personalized,,,,,,,,,,
contact@supamanplumbingservices.com.au,,,Supamanplumbingservices,/aclk?sa=L&ai=DChsSEwiQvJq9rquWAxUghGYCHTeDJLkYACICCAEQABoCc20&co=1&ase=2&gclid=EAIaIQobChMIkLyava6rlgMVIIRmAh03gyS5EBAYASAAEgIlOvD_BwE&cid=CAASuwHkaOOc4lgfNSj69UDOqktMI0JZSaXRMoEMVxQiC4x523sFL-5g3vNJOBcdeLV4xsrmScIKGiTPdEndvc-mrMvh0YD2fHLDc9ykHNUZ3gMRJSl550oR0DMdetlhcTF_KD0iAZDvUmE51LZUiiWw9Ie-sBNtlKi7gMYM5nss6D1aFFlvigjo1vdxJHV3xM6oWpA5iY9psWL7F0YpOjjuKELi3oRwV-BCye_B0cIIlmJHvJg_91dnARkpKTCm&cce=2&category=acrcp_v1_32&sig=AOD64_3yiAj7AAsScaKASh9XMOx0QLnD3A&adurl&q&ctype=99&nis=6, 0455 301 415,Greenacre NSW Australia,Business Owner / Managing Director,92,High,pending,,,Plumbing & Trades,High,Personalized,,,,,,,,,,
contact@ultraflowplumbing.com.au,,,Ultraflowplumbing,/aclk?sa=L&ai=DChsSEwiQvJq9rquWAxUghGYCHTeDJLkYACICCAEQABoCc20&co=1&ase=2&gclid=EAIaIQobChMIkLyava6rlgMVIIRmAh03gyS5EBAYASAAEgIlOvD_BwE&cid=CAASuwHkaOOc4lgfNSj69UDOqktMI0JZSaXRMoEMVxQiC4x523sFL-5g3vNJOBcdeLV4xsrmScIKGiTPdEndvc-mrMvh0YD2fHLDc9ykHNUZ3gMRJSl550oR0DMdetlhcTF_KD0iAZDvUmE51LZUiiWw9Ie-sBNtlKi7gMYM5nss6D1aFFlvigjo1vdxJHV3xM6oWpA5iY9psWL7F0YpOjjuKELi3oRwV-BCye_B0cIIlmJHvJg_91dnARkpKTCm&cce=2&category=acrcp_v1_32&sig=AOD64_3yiAj7AAsScaKASh9XMOx0QLnD3A&adurl&q&ctype=99&nis=6, 0431 743 743,Greenacre NSW Australia,Business Owner / Managing Director,92,High,pending,,,Plumbing & Trades,High,Personalized,,,,,,,,,,
contact@crestplumbingsolutions.com.au,,,Crestplumbingsolutions,/aclk?sa=L&ai=DChsSEwiQvJq9rquWAxUghGYCHTeDJLkYACICCAEQABoCc20&co=1&ase=2&gclid=EAIaIQobChMIkLyava6rlgMVIIRmAh03gyS5EBAYASAAEgIlOvD_BwE&cid=CAASuwHkaOOc4lgfNSj69UDOqktMI0JZSaXRMoEMVxQiC4x523sFL-5g3vNJOBcdeLV4xsrmScIKGiTPdEndvc-mrMvh0YD2fHLDc9ykHNUZ3gMRJSl550oR0DMdetlhcTF_KD0iAZDvUmE51LZUiiWw9Ie-sBNtlKi7gMYM5nss6D1aFFlvigjo1vdxJHV3xM6oWpA5iY9psWL7F0YpOjjuKELi3oRwV-BCye_B0cIIlmJHvJg_91dnARkpKTCm&cce=2&category=acrcp_v1_32&sig=AOD64_3yiAj7AAsScaKASh9XMOx0QLnD3A&adurl&q&ctype=99&nis=6, 0450 810 181,", 31 Juno Parade, Greenacre NSW 2190",Business Owner / Managing Director,92,High,pending,,,Plumbing & Trades,High,Personalized,,,,,,,,,,
contact@flowcareplumbing.com.au,,,Flowcareplumbing,/aclk?sa=L&ai=DChsSEwiQvJq9rquWAxUghGYCHTeDJLkYACICCAEQABoCc20&co=1&ase=2&gclid=EAIaIQobChMIkLyava6rlgMVIIRmAh03gyS5EBAYASAAEgIlOvD_BwE&cid=CAASuwHkaOOc4lgfNSj69UDOqktMI0JZSaXRMoEMVxQiC4x523sFL-5g3vNJOBcdeLV4xsrmScIKGiTPdEndvc-mrMvh0YD2fHLDc9ykHNUZ3gMRJSl550oR0DMdetlhcTF_KD0iAZDvUmE51LZUiiWw9Ie-sBNtlKi7gMYM5nss6D1aFFlvigjo1vdxJHV3xM6oWpA5iY9psWL7F0YpOjjuKELi3oRwV-BCye_B0cIIlmJHvJg_91dnARkpKTCm&cce=2&category=acrcp_v1_32&sig=AOD64_3yiAj7AAsScaKASh9XMOx0QLnD3A&adurl&q&ctype=99&nis=6, 0404 847 829,Greenacre NSW Australia,Business Owner / Managing Director,92,High,pending,,,Plumbing & Trades,High,Personalized,,,,,,,,,,
contact@maxplumbingservices.com.au,,,Maxplumbingservices,/aclk?sa=L&ai=DChsSEwiQvJq9rquWAxUghGYCHTeDJLkYACICCAEQABoCc20&co=1&ase=2&gclid=EAIaIQobChMIkLyava6rlgMVIIRmAh03gyS5EBAYASAAEgIlOvD_BwE&cid=CAASuwHkaOOc4lgfNSj69UDOqktMI0JZSaXRMoEMVxQiC4x523sFL-5g3vNJOBcdeLV4xsrmScIKGiTPdEndvc-mrMvh0YD2fHLDc9ykHNUZ3gMRJSl550oR0DMdetlhcTF_KD0iAZDvUmE51LZUiiWw9Ie-sBNtlKi7gMYM5nss6D1aFFlvigjo1vdxJHV3xM6oWpA5iY9psWL7F0YpOjjuKELi3oRwV-BCye_B0cIIlmJHvJg_91dnARkpKTCm&cce=2&category=acrcp_v1_32&sig=AOD64_3yiAj7AAsScaKASh9XMOx0QLnD3A&adurl&q&ctype=99&nis=6, 0475 744 886,Greenacre NSW Australia,Business Owner / Managing Director,92,High,pending,,,Plumbing & Trades,High,Personalized,,,,,,,,,,
contact@radiantplumbingservicesptyltd.com.au,,,Radiantplumbingservicesptyltd,/aclk?sa=L&ai=DChsSEwiQvJq9rquWAxUghGYCHTeDJLkYACICCAEQABoCc20&co=1&ase=2&gclid=EAIaIQobChMIkLyava6rlgMVIIRmAh03gyS5EBAYASAAEgIlOvD_BwE&cid=CAASuwHkaOOc4lgfNSj69UDOqktMI0JZSaXRMoEMVxQiC4x523sFL-5g3vNJOBcdeLV4xsrmScIKGiTPdEndvc-mrMvh0YD2fHLDc9ykHNUZ3gMRJSl550oR0DMdetlhcTF_KD0iAZDvUmE51LZUiiWw9Ie-sBNtlKi7gMYM5nss6D1aFFlvigjo1vdxJHV3xM6oWpA5iY9psWL7F0YpOjjuKELi3oRwV-BCye_B0cIIlmJHvJg_91dnARkpKTCm&cce=2&category=acrcp_v1_32&sig=AOD64_3yiAj7AAsScaKASh9XMOx0QLnD3A&adurl&q&ctype=99&nis=6, (02) 9191 1513,Greenacre NSW Australia,Business Owner / Managing Director,92,High,pending,,,Plumbing & Trades,High,Personalized,,,,,,,,,,
contact@cescoplumbingservices.com.au,,,Cescoplumbingservices,/aclk?sa=L&ai=DChsSEwiQvJq9rquWAxUghGYCHTeDJLkYACICCAEQABoCc20&co=1&ase=2&gclid=EAIaIQobChMIkLyava6rlgMVIIRmAh03gyS5EBAYASAAEgIlOvD_BwE&cid=CAASuwHkaOOc4lgfNSj69UDOqktMI0JZSaXRMoEMVxQiC4x523sFL-5g3vNJOBcdeLV4xsrmScIKGiTPdEndvc-mrMvh0YD2fHLDc9ykHNUZ3gMRJSl550oR0DMdetlhcTF_KD0iAZDvUmE51LZUiiWw9Ie-sBNtlKi7gMYM5nss6D1aFFlvigjo1vdxJHV3xM6oWpA5iY9psWL7F0YpOjjuKELi3oRwV-BCye_B0cIIlmJHvJg_91dnARkpKTCm&cce=2&category=acrcp_v1_32&sig=AOD64_3yiAj7AAsScaKASh9XMOx0QLnD3A&adurl&q&ctype=99&nis=6, 0434 410 612,Greenacre NSW Australia,Business Owner / Managing Director,92,High,pending,,,Plumbing & Trades,High,Personalized,,,,,,,,,,
info@kmplumbing.com.au,,,Kmplumbing,http://kmplumbing.com.au/, 0410 769 089,", Unit 5/12 Seventh Ave, Campsie NSW 2194",Business Owner / Managing Director,92,High,pending,,,Plumbing & Trades,High,Personalized,,,,,,,,,,
contact@allpurposeplumbing.com.au,,,Allpurposeplumbing,/aclk?sa=L&ai=DChsSEwiq3_3OrquWAxXriWYCHf2tJq0YACICCAEQABoCc20&co=1&ase=2&gclid=EAIaIQobChMIqt_9zq6rlgMV64lmAh39rSatEBAYASAAEgIc2vD_BwE&cid=CAASuwHkaLx7KY3B5s1q-SUFth2LHPF-RFINKPEt5XArloBbFq2C7LvhZ3FeHokzN1JK1YOs1VSockGiPQGvvxesW4dP3ZqOn5yclk0edAJMwsPnsM0DqDdTWFOeJGJP_Kh5fZ5uUA8MLyt4BDkM_XvlFija2pn5y_WxgVklnc0EcH6j3OaRw1pLIbs7iYzjhHx8pQ5NDC7FV22Q7aFBYbJwLIU7KY3MsktLen-_kfNQuXpgD15RtJOvfVLno75H&cce=2&category=acrcp_v1_32&sig=AOD64_1Ygy1VVKY3e9XM7OKUpsbGHHaWGQ&adurl&q&ctype=99&nis=6, (02) 9750 6866,", Unit 8/112 Benaroon Rd, Belmore NSW 2192",Business Owner / Managing Director,92,High,pending,,,Plumbing & Trades,High,Personalized,,,,,,,,,,
contact@plessasplumbing.com.au,,,Plessasplumbing,/aclk?sa=L&ai=DChsSEwiq3_3OrquWAxXriWYCHf2tJq0YACICCAEQABoCc20&co=1&ase=2&gclid=EAIaIQobChMIqt_9zq6rlgMV64lmAh39rSatEBAYASAAEgIc2vD_BwE&cid=CAASuwHkaLx7KY3B5s1q-SUFth2LHPF-RFINKPEt5XArloBbFq2C7LvhZ3FeHokzN1JK1YOs1VSockGiPQGvvxesW4dP3ZqOn5yclk0edAJMwsPnsM0DqDdTWFOeJGJP_Kh5fZ5uUA8MLyt4BDkM_XvlFija2pn5y_WxgVklnc0EcH6j3OaRw1pLIbs7iYzjhHx8pQ5NDC7FV22Q7aFBYbJwLIU7KY3MsktLen-_kfNQuXpgD15RtJOvfVLno75H&cce=2&category=acrcp_v1_32&sig=AOD64_1Ygy1VVKY3e9XM7OKUpsbGHHaWGQ&adurl&q&ctype=99&nis=6, 0432 607 586,", 1/22 Anderson St, Belmore NSW 2192",Business Owner / Managing Director,92,High,pending,,,Plumbing & Trades,High,Personalized,,,,,,,,,,
contact@goodfellasplumbing.com.au,,,Goodfellasplumbing,/aclk?sa=L&ai=DChsSEwiq3_3OrquWAxXriWYCHf2tJq0YACICCAEQABoCc20&co=1&ase=2&gclid=EAIaIQobChMIqt_9zq6rlgMV64lmAh39rSatEBAYASAAEgIc2vD_BwE&cid=CAASuwHkaLx7KY3B5s1q-SUFth2LHPF-RFINKPEt5XArloBbFq2C7LvhZ3FeHokzN1JK1YOs1VSockGiPQGvvxesW4dP3ZqOn5yclk0edAJMwsPnsM0DqDdTWFOeJGJP_Kh5fZ5uUA8MLyt4BDkM_XvlFija2pn5y_WxgVklnc0EcH6j3OaRw1pLIbs7iYzjhHx8pQ5NDC7FV22Q7aFBYbJwLIU7KY3MsktLen-_kfNQuXpgD15RtJOvfVLno75H&cce=2&category=acrcp_v1_32&sig=AOD64_1Ygy1VVKY3e9XM7OKUpsbGHHaWGQ&adurl&q&ctype=99&nis=6, 0447 016 657,Belmore NSW Australia,Business Owner / Managing Director,92,High,pending,,,Plumbing & Trades,High,Personalized,,,,,,,,,,
contact@plumbsquademergencyplumbersydney.com.au,,,Plumbsquademergencyplumbersydney,/aclk?sa=L&ai=DChsSEwiq3_3OrquWAxXriWYCHf2tJq0YACICCAEQABoCc20&co=1&ase=2&gclid=EAIaIQobChMIqt_9zq6rlgMV64lmAh39rSatEBAYASAAEgIc2vD_BwE&cid=CAASuwHkaLx7KY3B5s1q-SUFth2LHPF-RFINKPEt5XArloBbFq2C7LvhZ3FeHokzN1JK1YOs1VSockGiPQGvvxesW4dP3ZqOn5yclk0edAJMwsPnsM0DqDdTWFOeJGJP_Kh5fZ5uUA8MLyt4BDkM_XvlFija2pn5y_WxgVklnc0EcH6j3OaRw1pLIbs7iYzjhHx8pQ5NDC7FV22Q7aFBYbJwLIU7KY3MsktLen-_kfNQuXpgD15RtJOvfVLno75H&cce=2&category=acrcp_v1_32&sig=AOD64_1Ygy1VVKY3e9XM7OKUpsbGHHaWGQ&adurl&q&ctype=99&nis=6, 1300 522 102,Belmore NSW Australia,Business Owner / Managing Director,92,High,pending,,,Plumbing & Trades,High,Personalized,,,,,,,,,,
contact@proh2osolutions.com.au,,,Proh2osolutions,/aclk?sa=L&ai=DChsSEwiq3_3OrquWAxXriWYCHf2tJq0YACICCAEQABoCc20&co=1&ase=2&gclid=EAIaIQobChMIqt_9zq6rlgMV64lmAh39rSatEBAYASAAEgIc2vD_BwE&cid=CAASuwHkaLx7KY3B5s1q-SUFth2LHPF-RFINKPEt5XArloBbFq2C7LvhZ3FeHokzN1JK1YOs1VSockGiPQGvvxesW4dP3ZqOn5yclk0edAJMwsPnsM0DqDdTWFOeJGJP_Kh5fZ5uUA8MLyt4BDkM_XvlFija2pn5y_WxgVklnc0EcH6j3OaRw1pLIbs7iYzjhHx8pQ5NDC7FV22Q7aFBYbJwLIU7KY3MsktLen-_kfNQuXpgD15RtJOvfVLno75H&cce=2&category=acrcp_v1_32&sig=AOD64_1Ygy1VVKY3e9XM7OKUpsbGHHaWGQ&adurl&q&ctype=99&nis=6, 0406 800 406,Belmore NSW Australia,Business Owner / Managing Director,92,High,pending,,,Plumbing & Trades,High,Personalized,,,,,,,,,,
info@allpurposeplumbing.sydney,,,Allpurposeplumbing Sydney,http://allpurposeplumbing.sydney/, 0418 243 079,Lakemba NSW Australia,Business Owner / Managing Director,92,High,pending,,,Plumbing & Trades,High,Personalized,,,,,,,,,,
contact@yagoonaplumbingblockeddrains.com.au,,,Yagoonaplumbingblockeddrains,/aclk?sa=L&ai=DChsSEwirr9DXrquWAxU2xDwCHXrqEOQYACICCAEQABoCc2Y&co=1&ase=2&gclid=EAIaIQobChMIq6_Q166rlgMVNsQ8Ah166hDkEBAYASAAEgK45fD_BwE&cid=CAASuwHkaBCKDqojxPaD24JP2mLGY4pmvHwPVYVeMYFGhGvTgcHzm5en39V94VyABICRI02TQV8pQWOTDaivOCetRqxps8dVyYghcoi1j_jqYYPZxkjcYxIM_7oqmos6VIK6tqsPSsG0hhWg5JdQPpFq20_xXJcdMlB47GHvse41Tfap6E5cy7AqD2ja4y3jlUqlOGPf4DusxQRNa16XkGvi5IR6qGE4iPqQmgWNjVj6vVkyzaptiiQIGbAjqP7B&cce=2&category=acrcp_v1_32&sig=AOD64_1L4Ghrzcku_-bqMr0G5JqfpzLDTQ&adurl&q&ctype=99&nis=6, 0480 840 253,Yagoona NSW Australia,Business Owner / Managing Director,92,High,pending,,,Plumbing & Trades,High,Personalized,,,,,,,,,,
contact@sydneysdrainmen.com.au,,,Sydneysdrainmen,/aclk?sa=L&ai=DChsSEwirr9DXrquWAxU2xDwCHXrqEOQYACICCAEQABoCc2Y&co=1&ase=2&gclid=EAIaIQobChMIq6_Q166rlgMVNsQ8Ah166hDkEBAYASAAEgK45fD_BwE&cid=CAASuwHkaBCKDqojxPaD24JP2mLGY4pmvHwPVYVeMYFGhGvTgcHzm5en39V94VyABICRI02TQV8pQWOTDaivOCetRqxps8dVyYghcoi1j_jqYYPZxkjcYxIM_7oqmos6VIK6tqsPSsG0hhWg5JdQPpFq20_xXJcdMlB47GHvse41Tfap6E5cy7AqD2ja4y3jlUqlOGPf4DusxQRNa16XkGvi5IR6qGE4iPqQmgWNjVj6vVkyzaptiiQIGbAjqP7B&cce=2&category=acrcp_v1_32&sig=AOD64_1L4Ghrzcku_-bqMr0G5JqfpzLDTQ&adurl&q&ctype=99&nis=6, 0476 979 897,", 119 Brunker Rd, Yagoona NSW 2199",Business Owner / Managing Director,92,High,pending,,,Plumbing & Trades,High,Personalized,,,,,,,,,,
contact@smashbrosplumbing.com.au,,,Smashbrosplumbing,/aclk?sa=L&ai=DChsSEwirr9DXrquWAxU2xDwCHXrqEOQYACICCAEQABoCc2Y&co=1&ase=2&gclid=EAIaIQobChMIq6_Q166rlgMVNsQ8Ah166hDkEBAYASAAEgK45fD_BwE&cid=CAASuwHkaBCKDqojxPaD24JP2mLGY4pmvHwPVYVeMYFGhGvTgcHzm5en39V94VyABICRI02TQV8pQWOTDaivOCetRqxps8dVyYghcoi1j_jqYYPZxkjcYxIM_7oqmos6VIK6tqsPSsG0hhWg5JdQPpFq20_xXJcdMlB47GHvse41Tfap6E5cy7AqD2ja4y3jlUqlOGPf4DusxQRNa16XkGvi5IR6qGE4iPqQmgWNjVj6vVkyzaptiiQIGbAjqP7B&cce=2&category=acrcp_v1_32&sig=AOD64_1L4Ghrzcku_-bqMr0G5JqfpzLDTQ&adurl&q&ctype=99&nis=6, 0426 180 160,Yagoona NSW Australia,Business Owner / Managing Director,92,High,pending,,,Plumbing & Trades,High,Personalized,,,,,,,,,,
contact@localemergencyplumbersydneyblockeddrainshotwatersystemheatergasfitterleakdetectionrepair.com.au,,,Localemergencyplumbersydneyblockeddrainshotwatersystemheatergasfitterleakdetectionrepair,/aclk?sa=L&ai=DChsSEwirr9DXrquWAxU2xDwCHXrqEOQYACICCAEQABoCc2Y&co=1&ase=2&gclid=EAIaIQobChMIq6_Q166rlgMVNsQ8Ah166hDkEBAYASAAEgK45fD_BwE&cid=CAASuwHkaBCKDqojxPaD24JP2mLGY4pmvHwPVYVeMYFGhGvTgcHzm5en39V94VyABICRI02TQV8pQWOTDaivOCetRqxps8dVyYghcoi1j_jqYYPZxkjcYxIM_7oqmos6VIK6tqsPSsG0hhWg5JdQPpFq20_xXJcdMlB47GHvse41Tfap6E5cy7AqD2ja4y3jlUqlOGPf4DusxQRNa16XkGvi5IR6qGE4iPqQmgWNjVj6vVkyzaptiiQIGbAjqP7B&cce=2&category=acrcp_v1_32&sig=AOD64_1L4Ghrzcku_-bqMr0G5JqfpzLDTQ&adurl&q&ctype=99&nis=6, 0406 777 711,Yagoona NSW Australia,Business Owner / Managing Director,92,High,pending,,,Plumbing & Trades,High,Personalized,,,,,,,,,,
contact@servicetodayplumberchesterhill.com.au,,,Servicetodayplumberchesterhill,/aclk?sa=L&ai=DChsSEwirr9DXrquWAxU2xDwCHXrqEOQYACICCAEQABoCc2Y&co=1&ase=2&gclid=EAIaIQobChMIq6_Q166rlgMVNsQ8Ah166hDkEBAYASAAEgK45fD_BwE&cid=CAASuwHkaBCKDqojxPaD24JP2mLGY4pmvHwPVYVeMYFGhGvTgcHzm5en39V94VyABICRI02TQV8pQWOTDaivOCetRqxps8dVyYghcoi1j_jqYYPZxkjcYxIM_7oqmos6VIK6tqsPSsG0hhWg5JdQPpFq20_xXJcdMlB47GHvse41Tfap6E5cy7AqD2ja4y3jlUqlOGPf4DusxQRNa16XkGvi5IR6qGE4iPqQmgWNjVj6vVkyzaptiiQIGbAjqP7B&cce=2&category=acrcp_v1_32&sig=AOD64_1L4Ghrzcku_-bqMr0G5JqfpzLDTQ&adurl&q&ctype=99&nis=6, 0488 803 549,Yagoona NSW Australia,Business Owner / Managing Director,92,High,pending,,,Plumbing & Trades,High,Personalized,,,,,,,,,,
contact@aboveallplumbing.com.au,,,Aboveallplumbing,/aclk?sa=L&ai=DChsSEwirr9DXrquWAxU2xDwCHXrqEOQYACICCAEQABoCc2Y&co=1&ase=2&gclid=EAIaIQobChMIq6_Q166rlgMVNsQ8Ah166hDkEBAYASAAEgK45fD_BwE&cid=CAASuwHkaBCKDqojxPaD24JP2mLGY4pmvHwPVYVeMYFGhGvTgcHzm5en39V94VyABICRI02TQV8pQWOTDaivOCetRqxps8dVyYghcoi1j_jqYYPZxkjcYxIM_7oqmos6VIK6tqsPSsG0hhWg5JdQPpFq20_xXJcdMlB47GHvse41Tfap6E5cy7AqD2ja4y3jlUqlOGPf4DusxQRNa16XkGvi5IR6qGE4iPqQmgWNjVj6vVkyzaptiiQIGbAjqP7B&cce=2&category=acrcp_v1_32&sig=AOD64_1L4Ghrzcku_-bqMr0G5JqfpzLDTQ&adurl&q&ctype=99&nis=6, 1800 876 125,Yagoona NSW Australia,Business Owner / Managing Director,92,High,pending,,,Plumbing & Trades,High,Personalized,,,,,,,,,,
contact@matesratesplumbing.com.au,,,Matesratesplumbing,/aclk?sa=L&ai=DChsSEwjHuNDcrquWAxX4LIMDHcoCHEUYACICCAEQABoCc2Y&co=1&ase=2&gclid=EAIaIQobChMIx7jQ3K6rlgMV-CyDAx3KAhxFEBAYASAAEgJG4PD_BwE&cid=CAASuwHkaFpb3ZBadRHdIAkisu339D1veiM1tcjMtWQ5RWk-Bo-esJUyhixelOiSRHRmjRSdi9KKvkkAysV8qVbCVK7C_Hv27dRWLZWHKdpT-wB163A0PVqTWlAiUe8ItmEgkEod_rZqbpTIEXFdyOPYtgi26HS9tz7KxcHNgfhNHXk9racbIV-hdFLK9PKwqSNde5B2MvxQ6n-drG8U8AO7c47EOCpBDy7b2LzT1zvJ_IBJtunPzmncaRi2Ya9l&cce=2&category=acrcp_v1_32&sig=AOD64_2jxa1vU6IkVqqChjBhNNYjfv8MNA&adurl&q&ctype=99&nis=6, (02) 9191 7369,", 21 Nea St, Chatswood NSW 2067",Business Owner / Managing Director,92,High,pending,,,Plumbing & Trades,High,Personalized,,,,,,,,,,
contact@servicetodayplumberparramatta.com.au,,,Servicetodayplumberparramatta,/aclk?sa=L&ai=DChsSEwjHuNDcrquWAxX4LIMDHcoCHEUYACICCAEQABoCc2Y&co=1&ase=2&gclid=EAIaIQobChMIx7jQ3K6rlgMV-CyDAx3KAhxFEBAYASAAEgJG4PD_BwE&cid=CAASuwHkaFpb3ZBadRHdIAkisu339D1veiM1tcjMtWQ5RWk-Bo-esJUyhixelOiSRHRmjRSdi9KKvkkAysV8qVbCVK7C_Hv27dRWLZWHKdpT-wB163A0PVqTWlAiUe8ItmEgkEod_rZqbpTIEXFdyOPYtgi26HS9tz7KxcHNgfhNHXk9racbIV-hdFLK9PKwqSNde5B2MvxQ6n-drG8U8AO7c47EOCpBDy7b2LzT1zvJ_IBJtunPzmncaRi2Ya9l&cce=2&category=acrcp_v1_32&sig=AOD64_2jxa1vU6IkVqqChjBhNNYjfv8MNA&adurl&q&ctype=99&nis=6, 0420 102 338,Parramatta NSW Australia,Business Owner / Managing Director,92,High,pending,,,Plumbing & Trades,High,Personalized,,,,,,,,,,
contact@hydrolinkplumbinggasheaterservicessydney.com.au,,,Hydrolinkplumbinggasheaterservicessydney,/aclk?sa=L&ai=DChsSEwjHuNDcrquWAxX4LIMDHcoCHEUYACICCAEQABoCc2Y&co=1&ase=2&gclid=EAIaIQobChMIx7jQ3K6rlgMV-CyDAx3KAhxFEBAYASAAEgJG4PD_BwE&cid=CAASuwHkaFpb3ZBadRHdIAkisu339D1veiM1tcjMtWQ5RWk-Bo-esJUyhixelOiSRHRmjRSdi9KKvkkAysV8qVbCVK7C_Hv27dRWLZWHKdpT-wB163A0PVqTWlAiUe8ItmEgkEod_rZqbpTIEXFdyOPYtgi26HS9tz7KxcHNgfhNHXk9racbIV-hdFLK9PKwqSNde5B2MvxQ6n-drG8U8AO7c47EOCpBDy7b2LzT1zvJ_IBJtunPzmncaRi2Ya9l&cce=2&category=acrcp_v1_32&sig=AOD64_2jxa1vU6IkVqqChjBhNNYjfv8MNA&adurl&q&ctype=99&nis=6, 0433 629 517,", Level 14, 3 Parramatta Square, 153 Macquarie St, Parramatta NSW 2150",Business Owner / Managing Director,92,High,pending,,,Plumbing & Trades,High,Personalized,,,,,,,,,,
contact@precisionplumbingparramatta.com.au,,,Precisionplumbingparramatta,/aclk?sa=L&ai=DChsSEwjHuNDcrquWAxX4LIMDHcoCHEUYACICCAEQABoCc2Y&co=1&ase=2&gclid=EAIaIQobChMIx7jQ3K6rlgMV-CyDAx3KAhxFEBAYASAAEgJG4PD_BwE&cid=CAASuwHkaFpb3ZBadRHdIAkisu339D1veiM1tcjMtWQ5RWk-Bo-esJUyhixelOiSRHRmjRSdi9KKvkkAysV8qVbCVK7C_Hv27dRWLZWHKdpT-wB163A0PVqTWlAiUe8ItmEgkEod_rZqbpTIEXFdyOPYtgi26HS9tz7KxcHNgfhNHXk9racbIV-hdFLK9PKwqSNde5B2MvxQ6n-drG8U8AO7c47EOCpBDy7b2LzT1zvJ_IBJtunPzmncaRi2Ya9l&cce=2&category=acrcp_v1_32&sig=AOD64_2jxa1vU6IkVqqChjBhNNYjfv8MNA&adurl&q&ctype=99&nis=6, 0415 228 563,Parramatta NSW Australia,Business Owner / Managing Director,92,High,pending,,,Plumbing & Trades,High,Personalized,,,,,,,,,,
contact@parramattaplumbingservices.com.au,,,Parramattaplumbingservices,/aclk?sa=L&ai=DChsSEwjHuNDcrquWAxX4LIMDHcoCHEUYACICCAEQABoCc2Y&co=1&ase=2&gclid=EAIaIQobChMIx7jQ3K6rlgMV-CyDAx3KAhxFEBAYASAAEgJG4PD_BwE&cid=CAASuwHkaFpb3ZBadRHdIAkisu339D1veiM1tcjMtWQ5RWk-Bo-esJUyhixelOiSRHRmjRSdi9KKvkkAysV8qVbCVK7C_Hv27dRWLZWHKdpT-wB163A0PVqTWlAiUe8ItmEgkEod_rZqbpTIEXFdyOPYtgi26HS9tz7KxcHNgfhNHXk9racbIV-hdFLK9PKwqSNde5B2MvxQ6n-drG8U8AO7c47EOCpBDy7b2LzT1zvJ_IBJtunPzmncaRi2Ya9l&cce=2&category=acrcp_v1_32&sig=AOD64_2jxa1vU6IkVqqChjBhNNYjfv8MNA&adurl&q&ctype=99&nis=6, 0468 175 127,", 32 Hunter St, Parramatta NSW 2150",Business Owner / Managing Director,92,High,pending,,,Plumbing & Trades,High,Personalized,,,,,,,,,,
contact@grahamandsonsplumbing.com.au,,,Grahamandsonsplumbing,/aclk?sa=L&ai=DChsSEwjHuNDcrquWAxX4LIMDHcoCHEUYACICCAEQABoCc2Y&co=1&ase=2&gclid=EAIaIQobChMIx7jQ3K6rlgMV-CyDAx3KAhxFEBAYASAAEgJG4PD_BwE&cid=CAASuwHkaFpb3ZBadRHdIAkisu339D1veiM1tcjMtWQ5RWk-Bo-esJUyhixelOiSRHRmjRSdi9KKvkkAysV8qVbCVK7C_Hv27dRWLZWHKdpT-wB163A0PVqTWlAiUe8ItmEgkEod_rZqbpTIEXFdyOPYtgi26HS9tz7KxcHNgfhNHXk9racbIV-hdFLK9PKwqSNde5B2MvxQ6n-drG8U8AO7c47EOCpBDy7b2LzT1zvJ_IBJtunPzmncaRi2Ya9l&cce=2&category=acrcp_v1_32&sig=AOD64_2jxa1vU6IkVqqChjBhNNYjfv8MNA&adurl&q&ctype=99&nis=6, (02) 9199 7430,", 28 Oak St, Rosehill NSW 2142",Business Owner / Managing Director,92,High,pending,,,Plumbing & Trades,High,Personalized,,,,,,,,,,
contact@allclearmaintenanceplumbing.com.au,,,Allclearmaintenanceplumbing,/aclk?sa=L&ai=DChsSEwjHuNDcrquWAxX4LIMDHcoCHEUYACICCAEQABoCc2Y&co=1&ase=2&gclid=EAIaIQobChMIx7jQ3K6rlgMV-CyDAx3KAhxFEBAYASAAEgJG4PD_BwE&cid=CAASuwHkaFpb3ZBadRHdIAkisu339D1veiM1tcjMtWQ5RWk-Bo-esJUyhixelOiSRHRmjRSdi9KKvkkAysV8qVbCVK7C_Hv27dRWLZWHKdpT-wB163A0PVqTWlAiUe8ItmEgkEod_rZqbpTIEXFdyOPYtgi26HS9tz7KxcHNgfhNHXk9racbIV-hdFLK9PKwqSNde5B2MvxQ6n-drG8U8AO7c47EOCpBDy7b2LzT1zvJ_IBJtunPzmncaRi2Ya9l&cce=2&category=acrcp_v1_32&sig=AOD64_2jxa1vU6IkVqqChjBhNNYjfv8MNA&adurl&q&ctype=99&nis=6, 1800 425 525,Parramatta NSW Australia,Business Owner / Managing Director,92,High,pending,,,Plumbing & Trades,High,Personalized,,,,,,,,,,
contact@servicetodayplumberwestmead.com.au,,,Servicetodayplumberwestmead,/aclk?sa=L&ai=DChsSEwj2v5_irquWAxWhomYCHaNUNh0YACICCAEQABoCc20&co=1&ase=2&gclid=EAIaIQobChMI9r-f4q6rlgMVoaJmAh2jVDYdEBAYASAAEgJ2XvD_BwE&cid=CAASuwHkaJ_zzp0R2AooYHYzSleQh-gKwGIq4Xat9GnqaxC9L7PB8EGXFTVPHC_d1sVUFAuYJtE-TafP-NVXco9G6Lo6UaZKPckI5gH2MiK87EeasWyeqGM9RKH0db1QIWxJJ5qqlBHnmHUIfqLtYZ0HO4hR3qPNs4ljKYuuWKHb1W4a74q9G8A96jAdVByjQB1mVouQ08L2IqrtcDX6ACC0-KsMhLz19icP3n81bphAyK6A3BWKr0FBrCKo6mBq&cce=2&category=acrcp_v1_32&sig=AOD64_07FQ0OrfLGEs06lcS9MZZvx7_EEw&adurl&q&ctype=99&nis=6, 0488 823 148,Westmead NSW Australia,Business Owner / Managing Director,92,High,pending,,,Plumbing & Trades,High,Personalized,,,,,,,,,,
contact@drainheroplumbing.com.au,,,Drainheroplumbing,/aclk?sa=L&ai=DChsSEwj2v5_irquWAxWhomYCHaNUNh0YACICCAEQABoCc20&co=1&ase=2&gclid=EAIaIQobChMI9r-f4q6rlgMVoaJmAh2jVDYdEBAYASAAEgJ2XvD_BwE&cid=CAASuwHkaJ_zzp0R2AooYHYzSleQh-gKwGIq4Xat9GnqaxC9L7PB8EGXFTVPHC_d1sVUFAuYJtE-TafP-NVXco9G6Lo6UaZKPckI5gH2MiK87EeasWyeqGM9RKH0db1QIWxJJ5qqlBHnmHUIfqLtYZ0HO4hR3qPNs4ljKYuuWKHb1W4a74q9G8A96jAdVByjQB1mVouQ08L2IqrtcDX6ACC0-KsMhLz19icP3n81bphAyK6A3BWKr0FBrCKo6mBq&cce=2&category=acrcp_v1_32&sig=AOD64_07FQ0OrfLGEs06lcS9MZZvx7_EEw&adurl&q&ctype=99&nis=6, 0404 709 445,", 51 Bridge Rd, Westmead NSW 2145",Business Owner / Managing Director,92,High,pending,,,Plumbing & Trades,High,Personalized,,,,,,,,,,
contact@torinosplumbingwestmead.com.au,,,Torinosplumbingwestmead,/aclk?sa=L&ai=DChsSEwj2v5_irquWAxWhomYCHaNUNh0YACICCAEQABoCc20&co=1&ase=2&gclid=EAIaIQobChMI9r-f4q6rlgMVoaJmAh2jVDYdEBAYASAAEgJ2XvD_BwE&cid=CAASuwHkaJ_zzp0R2AooYHYzSleQh-gKwGIq4Xat9GnqaxC9L7PB8EGXFTVPHC_d1sVUFAuYJtE-TafP-NVXco9G6Lo6UaZKPckI5gH2MiK87EeasWyeqGM9RKH0db1QIWxJJ5qqlBHnmHUIfqLtYZ0HO4hR3qPNs4ljKYuuWKHb1W4a74q9G8A96jAdVByjQB1mVouQ08L2IqrtcDX6ACC0-KsMhLz19icP3n81bphAyK6A3BWKr0FBrCKo6mBq&cce=2&category=acrcp_v1_32&sig=AOD64_07FQ0OrfLGEs06lcS9MZZvx7_EEw&adurl&q&ctype=99&nis=6, 0459 453 176,", 43 Good St, Westmead NSW 2145",Business Owner / Managing Director,92,High,pending,,,Plumbing & Trades,High,Personalized,,,,,,,,,,
contact@tapthisplumbingservicesptyltd.com.au,,,Tapthisplumbingservicesptyltd,/aclk?sa=L&ai=DChsSEwj2v5_irquWAxWhomYCHaNUNh0YACICCAEQABoCc20&co=1&ase=2&gclid=EAIaIQobChMI9r-f4q6rlgMVoaJmAh2jVDYdEBAYASAAEgJ2XvD_BwE&cid=CAASuwHkaJ_zzp0R2AooYHYzSleQh-gKwGIq4Xat9GnqaxC9L7PB8EGXFTVPHC_d1sVUFAuYJtE-TafP-NVXco9G6Lo6UaZKPckI5gH2MiK87EeasWyeqGM9RKH0db1QIWxJJ5qqlBHnmHUIfqLtYZ0HO4hR3qPNs4ljKYuuWKHb1W4a74q9G8A96jAdVByjQB1mVouQ08L2IqrtcDX6ACC0-KsMhLz19icP3n81bphAyK6A3BWKr0FBrCKo6mBq&cce=2&category=acrcp_v1_32&sig=AOD64_07FQ0OrfLGEs06lcS9MZZvx7_EEw&adurl&q&ctype=99&nis=6, 0403 654 870,Westmead NSW Australia,Business Owner / Managing Director,92,High,pending,,,Plumbing & Trades,High,Personalized,,,,,,,,,,
contact@bnsplumbingco.com.au,,,Bnsplumbingco,/aclk?sa=L&ai=DChsSEwj2v5_irquWAxWhomYCHaNUNh0YACICCAEQABoCc20&co=1&ase=2&gclid=EAIaIQobChMI9r-f4q6rlgMVoaJmAh2jVDYdEBAYASAAEgJ2XvD_BwE&cid=CAASuwHkaJ_zzp0R2AooYHYzSleQh-gKwGIq4Xat9GnqaxC9L7PB8EGXFTVPHC_d1sVUFAuYJtE-TafP-NVXco9G6Lo6UaZKPckI5gH2MiK87EeasWyeqGM9RKH0db1QIWxJJ5qqlBHnmHUIfqLtYZ0HO4hR3qPNs4ljKYuuWKHb1W4a74q9G8A96jAdVByjQB1mVouQ08L2IqrtcDX6ACC0-KsMhLz19icP3n81bphAyK6A3BWKr0FBrCKo6mBq&cce=2&category=acrcp_v1_32&sig=AOD64_07FQ0OrfLGEs06lcS9MZZvx7_EEw&adurl&q&ctype=99&nis=6, 0420 880 409,Westmead NSW Australia,Business Owner / Managing Director,92,High,pending,,,Plumbing & Trades,High,Personalized,,,,,,,,,,
contact@clogmastersplumbingservices.com.au,,,Clogmastersplumbingservices,/aclk?sa=L&ai=DChsSEwj2v5_irquWAxWhomYCHaNUNh0YACICCAEQABoCc20&co=1&ase=2&gclid=EAIaIQobChMI9r-f4q6rlgMVoaJmAh2jVDYdEBAYASAAEgJ2XvD_BwE&cid=CAASuwHkaJ_zzp0R2AooYHYzSleQh-gKwGIq4Xat9GnqaxC9L7PB8EGXFTVPHC_d1sVUFAuYJtE-TafP-NVXco9G6Lo6UaZKPckI5gH2MiK87EeasWyeqGM9RKH0db1QIWxJJ5qqlBHnmHUIfqLtYZ0HO4hR3qPNs4ljKYuuWKHb1W4a74q9G8A96jAdVByjQB1mVouQ08L2IqrtcDX6ACC0-KsMhLz19icP3n81bphAyK6A3BWKr0FBrCKo6mBq&cce=2&category=acrcp_v1_32&sig=AOD64_07FQ0OrfLGEs06lcS9MZZvx7_EEw&adurl&q&ctype=99&nis=6, 0415 865 144,Westmead NSW Australia,Business Owner / Managing Director,92,High,pending,,,Plumbing & Trades,High,Personalized,,,,,,,,,,
contact@onehourplumbing.com.au,,,Onehourplumbing,/aclk?sa=L&ai=DChsSEwiXqNjnrquWAxVj5RYFHdLeHy0YACICCAEQARoCdGw&co=1&ase=2&gclid=EAIaIQobChMIl6jY566rlgMVY-UWBR3S3h8tEBAYASAAEgJZu_D_BwE&cid=CAASuwHkaJKPVAL7MrCAhJD1fnBLuy_DWnVN3M__ArmPnb9pBNa0Xyr9gSPEFbvS-UEevbJjxRe9KqsTBYBMk8ovYteBilKCeclCzaZPfzd4XQgcaLI3OKVsyAvWmEybkjtHfca4lVOCdwBOnl7N8eJQCYYWkwPXowLc6uTLgpgA6uERmoyyBQaKoVnpgoZI_9hfJWMxUNWHiS5OJYXEVooEIy5yGw-pBfytadD4Q_Syaz1BHM_tRgPngIzZizDp&cce=2&category=acrcp_v1_32&sig=AOD64_3Th5N74veelkAekz26G746XFu1Tw&adurl&q&ctype=99&nis=6,,Auburn NSW Australia,Business Owner / Managing Director,92,High,pending,,,Plumbing & Trades,High,Personalized,,,,,,,,,,
contact@silverwaterplumbing.com.au,,,Silverwaterplumbing,/aclk?sa=L&ai=DChsSEwiXqNjnrquWAxVj5RYFHdLeHy0YACICCAEQARoCdGw&co=1&ase=2&gclid=EAIaIQobChMIl6jY566rlgMVY-UWBR3S3h8tEBAYASAAEgJZu_D_BwE&cid=CAASuwHkaJKPVAL7MrCAhJD1fnBLuy_DWnVN3M__ArmPnb9pBNa0Xyr9gSPEFbvS-UEevbJjxRe9KqsTBYBMk8ovYteBilKCeclCzaZPfzd4XQgcaLI3OKVsyAvWmEybkjtHfca4lVOCdwBOnl7N8eJQCYYWkwPXowLc6uTLgpgA6uERmoyyBQaKoVnpgoZI_9hfJWMxUNWHiS5OJYXEVooEIy5yGw-pBfytadD4Q_Syaz1BHM_tRgPngIzZizDp&cce=2&category=acrcp_v1_32&sig=AOD64_3Th5N74veelkAekz26G746XFu1Tw&adurl&q&ctype=99&nis=6, (02) 9099 5759,Auburn NSW Australia,Business Owner / Managing Director,92,High,pending,,,Plumbing & Trades,High,Personalized,,,,,,,,,,
contact@precisionplumbingsydneynsw.com.au,,,Precisionplumbingsydneynsw,/aclk?sa=L&ai=DChsSEwiXqNjnrquWAxVj5RYFHdLeHy0YACICCAEQARoCdGw&co=1&ase=2&gclid=EAIaIQobChMIl6jY566rlgMVY-UWBR3S3h8tEBAYASAAEgJZu_D_BwE&cid=CAASuwHkaJKPVAL7MrCAhJD1fnBLuy_DWnVN3M__ArmPnb9pBNa0Xyr9gSPEFbvS-UEevbJjxRe9KqsTBYBMk8ovYteBilKCeclCzaZPfzd4XQgcaLI3OKVsyAvWmEybkjtHfca4lVOCdwBOnl7N8eJQCYYWkwPXowLc6uTLgpgA6uERmoyyBQaKoVnpgoZI_9hfJWMxUNWHiS5OJYXEVooEIy5yGw-pBfytadD4Q_Syaz1BHM_tRgPngIzZizDp&cce=2&category=acrcp_v1_32&sig=AOD64_3Th5N74veelkAekz26G746XFu1Tw&adurl&q&ctype=99&nis=6, 0468 991 817,Auburn NSW Australia,Business Owner / Managing Director,92,High,pending,,,Plumbing & Trades,High,Personalized,,,,,,,,,,
contact@cpsplumbingaustraliaptyltd.com.au,,,Cpsplumbingaustraliaptyltd,/aclk?sa=L&ai=DChsSEwiXqNjnrquWAxVj5RYFHdLeHy0YACICCAEQARoCdGw&co=1&ase=2&gclid=EAIaIQobChMIl6jY566rlgMVY-UWBR3S3h8tEBAYASAAEgJZu_D_BwE&cid=CAASuwHkaJKPVAL7MrCAhJD1fnBLuy_DWnVN3M__ArmPnb9pBNa0Xyr9gSPEFbvS-UEevbJjxRe9KqsTBYBMk8ovYteBilKCeclCzaZPfzd4XQgcaLI3OKVsyAvWmEybkjtHfca4lVOCdwBOnl7N8eJQCYYWkwPXowLc6uTLgpgA6uERmoyyBQaKoVnpgoZI_9hfJWMxUNWHiS5OJYXEVooEIy5yGw-pBfytadD4Q_Syaz1BHM_tRgPngIzZizDp&cce=2&category=acrcp_v1_32&sig=AOD64_3Th5N74veelkAekz26G746XFu1Tw&adurl&q&ctype=99&nis=6, 0404 525 669,Auburn NSW Australia,Business Owner / Managing Director,92,High,pending,,,Plumbing & Trades,High,Personalized,,,,,,,,,,
contact@aussieoncallplumberauburn.com.au,,,Aussieoncallplumberauburn,/aclk?sa=L&ai=DChsSEwiXqNjnrquWAxVj5RYFHdLeHy0YACICCAEQARoCdGw&co=1&ase=2&gclid=EAIaIQobChMIl6jY566rlgMVY-UWBR3S3h8tEBAYASAAEgJZu_D_BwE&cid=CAASuwHkaJKPVAL7MrCAhJD1fnBLuy_DWnVN3M__ArmPnb9pBNa0Xyr9gSPEFbvS-UEevbJjxRe9KqsTBYBMk8ovYteBilKCeclCzaZPfzd4XQgcaLI3OKVsyAvWmEybkjtHfca4lVOCdwBOnl7N8eJQCYYWkwPXowLc6uTLgpgA6uERmoyyBQaKoVnpgoZI_9hfJWMxUNWHiS5OJYXEVooEIy5yGw-pBfytadD4Q_Syaz1BHM_tRgPngIzZizDp&cce=2&category=acrcp_v1_32&sig=AOD64_3Th5N74veelkAekz26G746XFu1Tw&adurl&q&ctype=99&nis=6, (02) 9538 7047,", Northcote St, Auburn NSW 2144",Business Owner / Managing Director,92,High,pending,,,Plumbing & Trades,High,Personalized,,,,,,,,,,
contact@auburnplumbers.com.au,,,Auburnplumbers,/aclk?sa=L&ai=DChsSEwiXqNjnrquWAxVj5RYFHdLeHy0YACICCAEQARoCdGw&co=1&ase=2&gclid=EAIaIQobChMIl6jY566rlgMVY-UWBR3S3h8tEBAYASAAEgJZu_D_BwE&cid=CAASuwHkaJKPVAL7MrCAhJD1fnBLuy_DWnVN3M__ArmPnb9pBNa0Xyr9gSPEFbvS-UEevbJjxRe9KqsTBYBMk8ovYteBilKCeclCzaZPfzd4XQgcaLI3OKVsyAvWmEybkjtHfca4lVOCdwBOnl7N8eJQCYYWkwPXowLc6uTLgpgA6uERmoyyBQaKoVnpgoZI_9hfJWMxUNWHiS5OJYXEVooEIy5yGw-pBfytadD4Q_Syaz1BHM_tRgPngIzZizDp&cce=2&category=acrcp_v1_32&sig=AOD64_3Th5N74veelkAekz26G746XFu1Tw&adurl&q&ctype=99&nis=6, (02) 9067 0437,Auburn NSW Australia,Business Owner / Managing Director,92,High,pending,,,Plumbing & Trades,High,Personalized,,,,,,,,,,
contact@plumbingexpress.com.au,,,Plumbingexpress,/aclk?sa=L&ai=DChsSEwiXqNjnrquWAxVj5RYFHdLeHy0YACICCAEQARoCdGw&co=1&ase=2&gclid=EAIaIQobChMIl6jY566rlgMVY-UWBR3S3h8tEBAYASAAEgJZu_D_BwE&cid=CAASuwHkaJKPVAL7MrCAhJD1fnBLuy_DWnVN3M__ArmPnb9pBNa0Xyr9gSPEFbvS-UEevbJjxRe9KqsTBYBMk8ovYteBilKCeclCzaZPfzd4XQgcaLI3OKVsyAvWmEybkjtHfca4lVOCdwBOnl7N8eJQCYYWkwPXowLc6uTLgpgA6uERmoyyBQaKoVnpgoZI_9hfJWMxUNWHiS5OJYXEVooEIy5yGw-pBfytadD4Q_Syaz1BHM_tRgPngIzZizDp&cce=2&category=acrcp_v1_32&sig=AOD64_3Th5N74veelkAekz26G746XFu1Tw&adurl&q&ctype=99&nis=6, (02) 8488 8090,Auburn NSW Australia,Business Owner / Managing Director,92,High,pending,,,Plumbing & Trades,High,Personalized,,,,,,,,,,
contact@servicetodayplumbermerrylands.com.au,,,Servicetodayplumbermerrylands,/aclk?sa=L&ai=DChsSEwiU_oL6rquWAxW_J4MDHZRWKywYACICCAEQABoCc2Y&co=1&ase=2&gclid=EAIaIQobChMIlP6C-q6rlgMVvyeDAx2UVissEBAYASAAEgLN4vD_BwE&cid=CAASuwHkaEfRzrVTLNgeNwp_QjttRly_tljlFc3gr3y68Sjm1Vw_X9ceNnypy_eJPHuhYN4W2bfBVeZTh8F9cFhASntPkEH2vcK4o7AG7eM3HoDxlhFcEbo4Uv7awrGLFsxTxM1IYXqZSSFTxOjn-BKEsrRx86IIR10dSpkobrK5iqEhkSvHOgE4-_VT_0jZYptPFhZhLyZdsbE5I_MUKGIuG2y5-jIqkEcc3r44cB_XQxZf3yVnm-Y2O9SEriuX&cce=2&category=acrcp_v1_32&sig=AOD64_3HIYRxLlXsJYGe-YScPaGMV_sY6A&adurl&q&ctype=99&nis=6, 0489 905 193,Merrylands NSW Australia,Business Owner / Managing Director,92,High,pending,,,Plumbing & Trades,High,Personalized,,,,,,,,,,
contact@samedayhomeservices.com.au,,,Samedayhomeservices,/aclk?sa=L&ai=DChsSEwiU_oL6rquWAxW_J4MDHZRWKywYACICCAEQABoCc2Y&co=1&ase=2&gclid=EAIaIQobChMIlP6C-q6rlgMVvyeDAx2UVissEBAYASAAEgLN4vD_BwE&cid=CAASuwHkaEfRzrVTLNgeNwp_QjttRly_tljlFc3gr3y68Sjm1Vw_X9ceNnypy_eJPHuhYN4W2bfBVeZTh8F9cFhASntPkEH2vcK4o7AG7eM3HoDxlhFcEbo4Uv7awrGLFsxTxM1IYXqZSSFTxOjn-BKEsrRx86IIR10dSpkobrK5iqEhkSvHOgE4-_VT_0jZYptPFhZhLyZdsbE5I_MUKGIuG2y5-jIqkEcc3r44cB_XQxZf3yVnm-Y2O9SEriuX&cce=2&category=acrcp_v1_32&sig=AOD64_3HIYRxLlXsJYGe-YScPaGMV_sY6A&adurl&q&ctype=99&nis=6, 1800 189 122,", 31A Centenary Rd, Merrylands NSW 2160",Business Owner / Managing Director,92,High,pending,,,Plumbing & Trades,High,Personalized,,,,,,,,,,
contact@goldstarplumbing.com.au,,,Goldstarplumbing,/aclk?sa=L&ai=DChsSEwiU_oL6rquWAxW_J4MDHZRWKywYACICCAEQABoCc2Y&co=1&ase=2&gclid=EAIaIQobChMIlP6C-q6rlgMVvyeDAx2UVissEBAYASAAEgLN4vD_BwE&cid=CAASuwHkaEfRzrVTLNgeNwp_QjttRly_tljlFc3gr3y68Sjm1Vw_X9ceNnypy_eJPHuhYN4W2bfBVeZTh8F9cFhASntPkEH2vcK4o7AG7eM3HoDxlhFcEbo4Uv7awrGLFsxTxM1IYXqZSSFTxOjn-BKEsrRx86IIR10dSpkobrK5iqEhkSvHOgE4-_VT_0jZYptPFhZhLyZdsbE5I_MUKGIuG2y5-jIqkEcc3r44cB_XQxZf3yVnm-Y2O9SEriuX&cce=2&category=acrcp_v1_32&sig=AOD64_3HIYRxLlXsJYGe-YScPaGMV_sY6A&adurl&q&ctype=99&nis=6, 0477 771 185,", Harris St, Merrylands NSW 2160",Business Owner / Managing Director,92,High,pending,,,Plumbing & Trades,High,Personalized,,,,,,,,,,
contact@ozflow.com.au,,,Ozflow,/aclk?sa=L&ai=DChsSEwiU_oL6rquWAxW_J4MDHZRWKywYACICCAEQABoCc2Y&co=1&ase=2&gclid=EAIaIQobChMIlP6C-q6rlgMVvyeDAx2UVissEBAYASAAEgLN4vD_BwE&cid=CAASuwHkaEfRzrVTLNgeNwp_QjttRly_tljlFc3gr3y68Sjm1Vw_X9ceNnypy_eJPHuhYN4W2bfBVeZTh8F9cFhASntPkEH2vcK4o7AG7eM3HoDxlhFcEbo4Uv7awrGLFsxTxM1IYXqZSSFTxOjn-BKEsrRx86IIR10dSpkobrK5iqEhkSvHOgE4-_VT_0jZYptPFhZhLyZdsbE5I_MUKGIuG2y5-jIqkEcc3r44cB_XQxZf3yVnm-Y2O9SEriuX&cce=2&category=acrcp_v1_32&sig=AOD64_3HIYRxLlXsJYGe-YScPaGMV_sY6A&adurl&q&ctype=99&nis=6, 0482 950 078,Merrylands NSW Australia,Business Owner / Managing Director,92,High,pending,,,Plumbing & Trades,High,Personalized,,,,,,,,,,
contact@jimsplumbingmerrylands.com.au,,,Jimsplumbingmerrylands,/aclk?sa=L&ai=DChsSEwiU_oL6rquWAxW_J4MDHZRWKywYACICCAEQABoCc2Y&co=1&ase=2&gclid=EAIaIQobChMIlP6C-q6rlgMVvyeDAx2UVissEBAYASAAEgLN4vD_BwE&cid=CAASuwHkaEfRzrVTLNgeNwp_QjttRly_tljlFc3gr3y68Sjm1Vw_X9ceNnypy_eJPHuhYN4W2bfBVeZTh8F9cFhASntPkEH2vcK4o7AG7eM3HoDxlhFcEbo4Uv7awrGLFsxTxM1IYXqZSSFTxOjn-BKEsrRx86IIR10dSpkobrK5iqEhkSvHOgE4-_VT_0jZYptPFhZhLyZdsbE5I_MUKGIuG2y5-jIqkEcc3r44cB_XQxZf3yVnm-Y2O9SEriuX&cce=2&category=acrcp_v1_32&sig=AOD64_3HIYRxLlXsJYGe-YScPaGMV_sY6A&adurl&q&ctype=99&nis=6, 0477 771 185,", 27A Bristol St, Merrylands West NSW 2160",Business Owner / Managing Director,92,High,pending,,,Plumbing & Trades,High,Personalized,,,,,,,,,,
contact@topjobplumbingptyltd.com.au,,,Topjobplumbingptyltd,/aclk?sa=L&ai=DChsSEwjy2sb-rquWAxUgyTwCHdVNDAoYACICCAEQABoCc2Y&co=1&ase=2&gclid=EAIaIQobChMI8trG_q6rlgMVIMk8Ah3VTQwKEBAYASAAEgIxZvD_BwE&cid=CAASuwHkaNkcItaWnPyMMr5T4f-rKdtePcJewRiYNTknWCQIjhiW1-QpDmUR4F9BmYfLu_BheEXFRIytWNLV8WOkVkqt4_IuvnsCTK3xDqoQA3qJldh4vqDwziiqHSczWAXHdmI4DK4zWvNbuWBVp0cvEr87xksxx7c-8IAhtL6gEhh989-y0fH-8p4z9FNiAPOyfnqIkaL449_Ozk4E7eVDT_QlpXGKAzL3HoMiq7cIb0XJgXywJcyGyARtmvsP&cce=2&category=acrcp_v1_32&sig=AOD64_1_vUe3AeKMsju34yYWBOkZP7yDKQ&adurl&q&ctype=99&nis=6,,Chester Hill NSW Australia,Business Owner / Managing Director,92,High,pending,,,Plumbing & Trades,High,Personalized,,,,,,,,,,
contact@optimumplumbingandtechnicalsolutions.com.au,,,Optimumplumbingandtechnicalsolutions,/aclk?sa=L&ai=DChsSEwjy2sb-rquWAxUgyTwCHdVNDAoYACICCAEQABoCc2Y&co=1&ase=2&gclid=EAIaIQobChMI8trG_q6rlgMVIMk8Ah3VTQwKEBAYASAAEgIxZvD_BwE&cid=CAASuwHkaNkcItaWnPyMMr5T4f-rKdtePcJewRiYNTknWCQIjhiW1-QpDmUR4F9BmYfLu_BheEXFRIytWNLV8WOkVkqt4_IuvnsCTK3xDqoQA3qJldh4vqDwziiqHSczWAXHdmI4DK4zWvNbuWBVp0cvEr87xksxx7c-8IAhtL6gEhh989-y0fH-8p4z9FNiAPOyfnqIkaL449_Ozk4E7eVDT_QlpXGKAzL3HoMiq7cIb0XJgXywJcyGyARtmvsP&cce=2&category=acrcp_v1_32&sig=AOD64_1_vUe3AeKMsju34yYWBOkZP7yDKQ&adurl&q&ctype=99&nis=6,,Chester Hill NSW Australia,Business Owner / Managing Director,92,High,pending,,,Plumbing & Trades,High,Personalized,,,,,,,,,,
contact@sydneyplumbingempire.com.au,,,Sydneyplumbingempire,/aclk?sa=L&ai=DChsSEwjy2sb-rquWAxUgyTwCHdVNDAoYACICCAEQABoCc2Y&co=1&ase=2&gclid=EAIaIQobChMI8trG_q6rlgMVIMk8Ah3VTQwKEBAYASAAEgIxZvD_BwE&cid=CAASuwHkaNkcItaWnPyMMr5T4f-rKdtePcJewRiYNTknWCQIjhiW1-QpDmUR4F9BmYfLu_BheEXFRIytWNLV8WOkVkqt4_IuvnsCTK3xDqoQA3qJldh4vqDwziiqHSczWAXHdmI4DK4zWvNbuWBVp0cvEr87xksxx7c-8IAhtL6gEhh989-y0fH-8p4z9FNiAPOyfnqIkaL449_Ozk4E7eVDT_QlpXGKAzL3HoMiq7cIb0XJgXywJcyGyARtmvsP&cce=2&category=acrcp_v1_32&sig=AOD64_1_vUe3AeKMsju34yYWBOkZP7yDKQ&adurl&q&ctype=99&nis=6,,Chester Hill NSW Australia,Business Owner / Managing Director,92,High,pending,,,Plumbing & Trades,High,Personalized,,,,,,,,,,
contact@easyplumbingsolutions.com.au,,,Easyplumbingsolutions,/aclk?sa=L&ai=DChsSEwjy2sb-rquWAxUgyTwCHdVNDAoYACICCAEQABoCc2Y&co=1&ase=2&gclid=EAIaIQobChMI8trG_q6rlgMVIMk8Ah3VTQwKEBAYASAAEgIxZvD_BwE&cid=CAASuwHkaNkcItaWnPyMMr5T4f-rKdtePcJewRiYNTknWCQIjhiW1-QpDmUR4F9BmYfLu_BheEXFRIytWNLV8WOkVkqt4_IuvnsCTK3xDqoQA3qJldh4vqDwziiqHSczWAXHdmI4DK4zWvNbuWBVp0cvEr87xksxx7c-8IAhtL6gEhh989-y0fH-8p4z9FNiAPOyfnqIkaL449_Ozk4E7eVDT_QlpXGKAzL3HoMiq7cIb0XJgXywJcyGyARtmvsP&cce=2&category=acrcp_v1_32&sig=AOD64_1_vUe3AeKMsju34yYWBOkZP7yDKQ&adurl&q&ctype=99&nis=6, 0455 222 228,Chester Hill NSW Australia,Business Owner / Managing Director,92,High,pending,,,Plumbing & Trades,High,Personalized,,,,,,,,,,
contact@infinityhorizontechnicians.com.au,,,Infinityhorizontechnicians,/aclk?sa=L&ai=DChsSEwjy2sb-rquWAxUgyTwCHdVNDAoYACICCAEQABoCc2Y&co=1&ase=2&gclid=EAIaIQobChMI8trG_q6rlgMVIMk8Ah3VTQwKEBAYASAAEgIxZvD_BwE&cid=CAASuwHkaNkcItaWnPyMMr5T4f-rKdtePcJewRiYNTknWCQIjhiW1-QpDmUR4F9BmYfLu_BheEXFRIytWNLV8WOkVkqt4_IuvnsCTK3xDqoQA3qJldh4vqDwziiqHSczWAXHdmI4DK4zWvNbuWBVp0cvEr87xksxx7c-8IAhtL6gEhh989-y0fH-8p4z9FNiAPOyfnqIkaL449_Ozk4E7eVDT_QlpXGKAzL3HoMiq7cIb0XJgXywJcyGyARtmvsP&cce=2&category=acrcp_v1_32&sig=AOD64_1_vUe3AeKMsju34yYWBOkZP7yDKQ&adurl&q&ctype=99&nis=6,,", 1 Treloar Cres, Chester Hill NSW 2162",Business Owner / Managing Director,92,High,pending,,,Plumbing & Trades,High,Personalized,,,,,,,,,,
contact@bertosplumbing.com.au,,,Bertosplumbing,/aclk?sa=L&ai=DChsSEwiJv4iJr6uWAxXb1MIEHVC6DDIYACICCAEQABoCcHY&co=1&ase=2&gclid=EAIaIQobChMIib-Iia-rlgMV29TCBB1QugwyEBAYASAAEgLZ0fD_BwE&cid=CAASuwHkaMEuXh1LTx0vN4CwwfiKZsSoAOCMoCVdvsf4oTCLWnVuRwkhEXwEPW1ygp0sMxA-aElnWMmzOYWT573HX0Y7_YxUFJUnA-CTFyNL1l74kY3KnUug0_kfnux-4D9ePqbHBjr9RyxWx7MYQQFtE1wCoSyP0mWDuZcF7efor0rVPEzTujaVpiGTIwRqbXMKaJOoxP4_t2BM0nvgF16DxpKjkAR4BTZmnUsdUocd92dy2245OcV7WOB22Lss&cce=2&category=acrcp_v1_32&sig=AOD64_16HqQ3jsRwlkvjvnHWUAWaotg0MA&adurl&q&ctype=99&nis=6, 0422 273 171,Harris Park NSW Australia,Business Owner / Managing Director,92,High,pending,,,Plumbing & Trades,High,Personalized,,,,,,,,,,
contact@gihonplumbing.com.au,,,Gihonplumbing,/aclk?sa=L&ai=DChsSEwiJv4iJr6uWAxXb1MIEHVC6DDIYACICCAEQABoCcHY&co=1&ase=2&gclid=EAIaIQobChMIib-Iia-rlgMV29TCBB1QugwyEBAYASAAEgLZ0fD_BwE&cid=CAASuwHkaMEuXh1LTx0vN4CwwfiKZsSoAOCMoCVdvsf4oTCLWnVuRwkhEXwEPW1ygp0sMxA-aElnWMmzOYWT573HX0Y7_YxUFJUnA-CTFyNL1l74kY3KnUug0_kfnux-4D9ePqbHBjr9RyxWx7MYQQFtE1wCoSyP0mWDuZcF7efor0rVPEzTujaVpiGTIwRqbXMKaJOoxP4_t2BM0nvgF16DxpKjkAR4BTZmnUsdUocd92dy2245OcV7WOB22Lss&cce=2&category=acrcp_v1_32&sig=AOD64_16HqQ3jsRwlkvjvnHWUAWaotg0MA&adurl&q&ctype=99&nis=6, 0493 502 412,Harris Park NSW Australia,Business Owner / Managing Director,92,High,pending,,,Plumbing & Trades,High,Personalized,,,,,,,,,,
info@plunge-it.com.au,,,Plunge It,https://www.plunge-it.com.au/, 0410 538 672,", 20 Telopea St, Dundas NSW 2117",Business Owner / Managing Director,92,High,pending,,,Plumbing & Trades,High,Personalized,,,,,,,,,,
info@ermingtonplumbing.com.au,,,Ermingtonplumbing,https://ermingtonplumbing.com.au/, 0415 358 694,", 1 Patterson St, Ermington NSW 2115",Business Owner / Managing Director,92,High,pending,,,Plumbing & Trades,High,Personalized,,,,,,,,,,
contact@servicetodayplumbertoongabbie.com.au,,,Servicetodayplumbertoongabbie,/aclk?sa=L&ai=DChsSEwi75bGZr6uWAxU5k2YCHTPmAKwYACICCAEQABoCc20&co=1&ase=2&gclid=EAIaIQobChMIu-Wxma-rlgMVOZNmAh0z5gCsEBAYASAAEgL9ofD_BwE&cid=CAASuwHkaI9joGEWoVM4sJ3hIfkfrZ00nPbKtTphtu3NnOlDV6HTecfIsPUpUY73tvR35IQ5rPJsEIAMvBFvPPTqXrCNXnh2sRnWnhGp4UeIhvAitB3_6EtTjK317MRqFybE7r7NbDhuRSvtmnCGe4i90b0ckX0dxJoYLaoAjrX8nJCXQGceRDOdZ3kv7vAetGC6mE8ncNbE7BQtvezE1UznysPU2U1fGOw6cjMB0JAjuKJcuKHi4VgA67KK5kPZ&cce=2&category=acrcp_v1_32&sig=AOD64_02F8BxyMzNL56cWXLwk0ujbO-cVQ&adurl&q&ctype=99&nis=6, 0488 823 171,Toongabbie NSW Australia,Business Owner / Managing Director,92,High,pending,,,Plumbing & Trades,High,Personalized,,,,,,,,,,
contact@pendlehillplumbingservice.com.au,,,Pendlehillplumbingservice,/aclk?sa=L&ai=DChsSEwi75bGZr6uWAxU5k2YCHTPmAKwYACICCAEQABoCc20&co=1&ase=2&gclid=EAIaIQobChMIu-Wxma-rlgMVOZNmAh0z5gCsEBAYASAAEgL9ofD_BwE&cid=CAASuwHkaI9joGEWoVM4sJ3hIfkfrZ00nPbKtTphtu3NnOlDV6HTecfIsPUpUY73tvR35IQ5rPJsEIAMvBFvPPTqXrCNXnh2sRnWnhGp4UeIhvAitB3_6EtTjK317MRqFybE7r7NbDhuRSvtmnCGe4i90b0ckX0dxJoYLaoAjrX8nJCXQGceRDOdZ3kv7vAetGC6mE8ncNbE7BQtvezE1UznysPU2U1fGOw6cjMB0JAjuKJcuKHi4VgA67KK5kPZ&cce=2&category=acrcp_v1_32&sig=AOD64_02F8BxyMzNL56cWXLwk0ujbO-cVQ&adurl&q&ctype=99&nis=6, 0411 728 434,", 3 Preston Rd, Old Toongabbie NSW 2146",Business Owner / Managing Director,92,High,pending,,,Plumbing & Trades,High,Personalized,,,,,,,,,,
contact@nswplumbingcorporation.com.au,,,Nswplumbingcorporation,/aclk?sa=L&ai=DChsSEwi75bGZr6uWAxU5k2YCHTPmAKwYACICCAEQABoCc20&co=1&ase=2&gclid=EAIaIQobChMIu-Wxma-rlgMVOZNmAh0z5gCsEBAYASAAEgL9ofD_BwE&cid=CAASuwHkaI9joGEWoVM4sJ3hIfkfrZ00nPbKtTphtu3NnOlDV6HTecfIsPUpUY73tvR35IQ5rPJsEIAMvBFvPPTqXrCNXnh2sRnWnhGp4UeIhvAitB3_6EtTjK317MRqFybE7r7NbDhuRSvtmnCGe4i90b0ckX0dxJoYLaoAjrX8nJCXQGceRDOdZ3kv7vAetGC6mE8ncNbE7BQtvezE1UznysPU2U1fGOw6cjMB0JAjuKJcuKHi4VgA67KK5kPZ&cce=2&category=acrcp_v1_32&sig=AOD64_02F8BxyMzNL56cWXLwk0ujbO-cVQ&adurl&q&ctype=99&nis=6, 0476 765 805,Toongabbie NSW Australia,Business Owner / Managing Director,92,High,pending,,,Plumbing & Trades,High,Personalized,,,,,,,,,,
contact@servicetodayplumberwinstonhills.com.au,,,Servicetodayplumberwinstonhills,/aclk?sa=L&ai=DChsSEwi75bGZr6uWAxU5k2YCHTPmAKwYACICCAEQABoCc20&co=1&ase=2&gclid=EAIaIQobChMIu-Wxma-rlgMVOZNmAh0z5gCsEBAYASAAEgL9ofD_BwE&cid=CAASuwHkaI9joGEWoVM4sJ3hIfkfrZ00nPbKtTphtu3NnOlDV6HTecfIsPUpUY73tvR35IQ5rPJsEIAMvBFvPPTqXrCNXnh2sRnWnhGp4UeIhvAitB3_6EtTjK317MRqFybE7r7NbDhuRSvtmnCGe4i90b0ckX0dxJoYLaoAjrX8nJCXQGceRDOdZ3kv7vAetGC6mE8ncNbE7BQtvezE1UznysPU2U1fGOw6cjMB0JAjuKJcuKHi4VgA67KK5kPZ&cce=2&category=acrcp_v1_32&sig=AOD64_02F8BxyMzNL56cWXLwk0ujbO-cVQ&adurl&q&ctype=99&nis=6, 0488 823 201,Toongabbie NSW Australia,Business Owner / Managing Director,92,High,pending,,,Plumbing & Trades,High,Personalized,,,,,,,,,,
contact@servicetodayplumbergirraween.com.au,,,Servicetodayplumbergirraween,/aclk?sa=L&ai=DChsSEwi75bGZr6uWAxU5k2YCHTPmAKwYACICCAEQABoCc20&co=1&ase=2&gclid=EAIaIQobChMIu-Wxma-rlgMVOZNmAh0z5gCsEBAYASAAEgL9ofD_BwE&cid=CAASuwHkaI9joGEWoVM4sJ3hIfkfrZ00nPbKtTphtu3NnOlDV6HTecfIsPUpUY73tvR35IQ5rPJsEIAMvBFvPPTqXrCNXnh2sRnWnhGp4UeIhvAitB3_6EtTjK317MRqFybE7r7NbDhuRSvtmnCGe4i90b0ckX0dxJoYLaoAjrX8nJCXQGceRDOdZ3kv7vAetGC6mE8ncNbE7BQtvezE1UznysPU2U1fGOw6cjMB0JAjuKJcuKHi4VgA67KK5kPZ&cce=2&category=acrcp_v1_32&sig=AOD64_02F8BxyMzNL56cWXLwk0ujbO-cVQ&adurl&q&ctype=99&nis=6, 0485 879 511,Toongabbie NSW Australia,Business Owner / Managing Director,92,High,pending,,,Plumbing & Trades,High,Personalized,,,,,,,,,,
info@pendlehillplumbing.com.au,,,Pendlehillplumbing,https://pendlehillplumbing.com.au/, 0488 812 153,Pendle Hill NSW Australia,Business Owner / Managing Director,92,High,pending,,,Plumbing & Trades,High,Personalized,,,,,,,,,,
info@tapthisplumbing.com.au,,,Tapthisplumbing,http://www.tapthisplumbing.com.au/, 0424 573 829,Northmead NSW Australia,Business Owner / Managing Director,92,High,pending,,,Plumbing & Trades,High,Personalized,,,,,,,,,,
contact@greystanesplumbingdrainage.com.au,,,Greystanesplumbingdrainage,/aclk?sa=L&ai=DChsSEwjAytanr6uWAxWYIK0GHaVRJc4YACICCAEQABoCcHY&co=1&ase=2&gclid=EAIaIQobChMIwMrWp6-rlgMVmCCtBh2lUSXOEBAYASAAEgLONfD_BwE&cid=CAASuwHkaGHFjcerTYOxKbpci9-7Mt2GAJTbE33--o4SvWv9S8YvmjWB8pV841mWFzo0Sg_Ct2jNn_QIvcHbC3If6VXeP38wtPX2e5K5aHO5r4JCkg_Qlexar4h8cwKbeCQN1ZdwGVtu6gBmQgXH-fyAXW0EH3NWNUX__VQPIBf0mpbZpKCCYobDejXnmayrt0mIuKzggRxoYa3jvRqZ3nzGgFSFiCfYUsXw3KtmTff9KfsTXCrAaGWXa2MV2ADJ&cce=2&category=acrcp_v1_32&sig=AOD64_26w0gmtU-dqwEXG3SmL_0W41x7HQ&adurl&q&ctype=99&nis=6, (02) 9139 8195,Greystanes NSW Australia,Business Owner / Managing Director,92,High,pending,,,Plumbing & Trades,High,Personalized,,,,,,,,,,
contact@servicetodayplumbergreystanes.com.au,,,Servicetodayplumbergreystanes,/aclk?sa=L&ai=DChsSEwjAytanr6uWAxWYIK0GHaVRJc4YACICCAEQABoCcHY&co=1&ase=2&gclid=EAIaIQobChMIwMrWp6-rlgMVmCCtBh2lUSXOEBAYASAAEgLONfD_BwE&cid=CAASuwHkaGHFjcerTYOxKbpci9-7Mt2GAJTbE33--o4SvWv9S8YvmjWB8pV841mWFzo0Sg_Ct2jNn_QIvcHbC3If6VXeP38wtPX2e5K5aHO5r4JCkg_Qlexar4h8cwKbeCQN1ZdwGVtu6gBmQgXH-fyAXW0EH3NWNUX__VQPIBf0mpbZpKCCYobDejXnmayrt0mIuKzggRxoYa3jvRqZ3nzGgFSFiCfYUsXw3KtmTff9KfsTXCrAaGWXa2MV2ADJ&cce=2&category=acrcp_v1_32&sig=AOD64_26w0gmtU-dqwEXG3SmL_0W41x7HQ&adurl&q&ctype=99&nis=6, 0488 823 219,Greystanes NSW Australia,Business Owner / Managing Director,92,High,pending,,,Plumbing & Trades,High,Personalized,,,,,,,,,,
contact@innovativeplumbinggroup.com.au,,,Innovativeplumbinggroup,/aclk?sa=L&ai=DChsSEwjAytanr6uWAxWYIK0GHaVRJc4YACICCAEQABoCcHY&co=1&ase=2&gclid=EAIaIQobChMIwMrWp6-rlgMVmCCtBh2lUSXOEBAYASAAEgLONfD_BwE&cid=CAASuwHkaGHFjcerTYOxKbpci9-7Mt2GAJTbE33--o4SvWv9S8YvmjWB8pV841mWFzo0Sg_Ct2jNn_QIvcHbC3If6VXeP38wtPX2e5K5aHO5r4JCkg_Qlexar4h8cwKbeCQN1ZdwGVtu6gBmQgXH-fyAXW0EH3NWNUX__VQPIBf0mpbZpKCCYobDejXnmayrt0mIuKzggRxoYa3jvRqZ3nzGgFSFiCfYUsXw3KtmTff9KfsTXCrAaGWXa2MV2ADJ&cce=2&category=acrcp_v1_32&sig=AOD64_26w0gmtU-dqwEXG3SmL_0W41x7HQ&adurl&q&ctype=99&nis=6, 0452 542 154,", 4 Lupin Pl, Greystanes NSW 2145",Business Owner / Managing Director,92,High,pending,,,Plumbing & Trades,High,Personalized,,,,,,,,,,
contact@antonsplumbinggasgreystanes.com.au,,,Antonsplumbinggasgreystanes,/aclk?sa=L&ai=DChsSEwjAytanr6uWAxWYIK0GHaVRJc4YACICCAEQABoCcHY&co=1&ase=2&gclid=EAIaIQobChMIwMrWp6-rlgMVmCCtBh2lUSXOEBAYASAAEgLONfD_BwE&cid=CAASuwHkaGHFjcerTYOxKbpci9-7Mt2GAJTbE33--o4SvWv9S8YvmjWB8pV841mWFzo0Sg_Ct2jNn_QIvcHbC3If6VXeP38wtPX2e5K5aHO5r4JCkg_Qlexar4h8cwKbeCQN1ZdwGVtu6gBmQgXH-fyAXW0EH3NWNUX__VQPIBf0mpbZpKCCYobDejXnmayrt0mIuKzggRxoYa3jvRqZ3nzGgFSFiCfYUsXw3KtmTff9KfsTXCrAaGWXa2MV2ADJ&cce=2&category=acrcp_v1_32&sig=AOD64_26w0gmtU-dqwEXG3SmL_0W41x7HQ&adurl&q&ctype=99&nis=6, 0493 824 176,Greystanes NSW Australia,Business Owner / Managing Director,92,High,pending,,,Plumbing & Trades,High,Personalized,,,,,,,,,,
contact@precisionplumbingblacktown.com.au,,,Precisionplumbingblacktown,/aclk?sa=L&ai=DChsSEwiA3b6rr6uWAxUEkmYCHerfNTsYACICCAEQARoCc20&co=1&ase=2&gclid=EAIaIQobChMIgN2-q6-rlgMVBJJmAh3q3zU7EBAYASAAEgLBIvD_BwE&cid=CAASuwHkaGfgfmet6KdnivguCgP3WiCSSEJ6XKoi9zx3iVG0tA1llIu94osohXA9rh1e5gCslQ_GQKUylpl5raegGIXNVqzymUGqUn2Z3-2UWDjW02SZJiXwl7XWNkH9_4iq_M8RfnrXzW8Hm00H4LlJ6i8d8A4trATedqopqGjpC7bdYy6-VbjP5pY_ezuIkGVGIwkkR2Vf8RFJcPSYCneAAB0GpUsv6YrkHRMP56vqdkQNZKreCnw4ylZy0qFY&cce=2&category=acrcp_v1_32&sig=AOD64_27vUu1cOHvbLTj9YW6jCWYQm2Hpw&adurl&q&ctype=99&nis=6, 0415 228 563,Blacktown NSW Australia,Business Owner / Managing Director,92,High,pending,,,Plumbing & Trades,High,Personalized,,,,,,,,,,
contact@fusionplumbing.com.au,,,Fusionplumbing,/aclk?sa=L&ai=DChsSEwiA3b6rr6uWAxUEkmYCHerfNTsYACICCAEQARoCc20&co=1&ase=2&gclid=EAIaIQobChMIgN2-q6-rlgMVBJJmAh3q3zU7EBAYASAAEgLBIvD_BwE&cid=CAASuwHkaGfgfmet6KdnivguCgP3WiCSSEJ6XKoi9zx3iVG0tA1llIu94osohXA9rh1e5gCslQ_GQKUylpl5raegGIXNVqzymUGqUn2Z3-2UWDjW02SZJiXwl7XWNkH9_4iq_M8RfnrXzW8Hm00H4LlJ6i8d8A4trATedqopqGjpC7bdYy6-VbjP5pY_ezuIkGVGIwkkR2Vf8RFJcPSYCneAAB0GpUsv6YrkHRMP56vqdkQNZKreCnw4ylZy0qFY&cce=2&category=acrcp_v1_32&sig=AOD64_27vUu1cOHvbLTj9YW6jCWYQm2Hpw&adurl&q&ctype=99&nis=6, 0412 228 319,", 6/176 Sunnyholt Rd, Kings Park NSW 2148",Business Owner / Managing Director,92,High,pending,,,Plumbing & Trades,High,Personalized,,,,,,,,,,
contact@plusplumbing.com.au,,,Plusplumbing,/aclk?sa=L&ai=DChsSEwiA3b6rr6uWAxUEkmYCHerfNTsYACICCAEQARoCc20&co=1&ase=2&gclid=EAIaIQobChMIgN2-q6-rlgMVBJJmAh3q3zU7EBAYASAAEgLBIvD_BwE&cid=CAASuwHkaGfgfmet6KdnivguCgP3WiCSSEJ6XKoi9zx3iVG0tA1llIu94osohXA9rh1e5gCslQ_GQKUylpl5raegGIXNVqzymUGqUn2Z3-2UWDjW02SZJiXwl7XWNkH9_4iq_M8RfnrXzW8Hm00H4LlJ6i8d8A4trATedqopqGjpC7bdYy6-VbjP5pY_ezuIkGVGIwkkR2Vf8RFJcPSYCneAAB0GpUsv6YrkHRMP56vqdkQNZKreCnw4ylZy0qFY&cce=2&category=acrcp_v1_32&sig=AOD64_27vUu1cOHvbLTj9YW6jCWYQm2Hpw&adurl&q&ctype=99&nis=6, 0410 757 277,Blacktown NSW Australia,Business Owner / Managing Director,92,High,pending,,,Plumbing & Trades,High,Personalized,,,,,,,,,,
contact@beataleakplumbing.com.au,,,Beataleakplumbing,/aclk?sa=L&ai=DChsSEwiA3b6rr6uWAxUEkmYCHerfNTsYACICCAEQARoCc20&co=1&ase=2&gclid=EAIaIQobChMIgN2-q6-rlgMVBJJmAh3q3zU7EBAYASAAEgLBIvD_BwE&cid=CAASuwHkaGfgfmet6KdnivguCgP3WiCSSEJ6XKoi9zx3iVG0tA1llIu94osohXA9rh1e5gCslQ_GQKUylpl5raegGIXNVqzymUGqUn2Z3-2UWDjW02SZJiXwl7XWNkH9_4iq_M8RfnrXzW8Hm00H4LlJ6i8d8A4trATedqopqGjpC7bdYy6-VbjP5pY_ezuIkGVGIwkkR2Vf8RFJcPSYCneAAB0GpUsv6YrkHRMP56vqdkQNZKreCnw4ylZy0qFY&cce=2&category=acrcp_v1_32&sig=AOD64_27vUu1cOHvbLTj9YW6jCWYQm2Hpw&adurl&q&ctype=99&nis=6, 0405 113 587,", 30 Archer St, Blacktown NSW 2148",Business Owner / Managing Director,92,High,pending,,,Plumbing & Trades,High,Personalized,,,,,,,,,,
contact@dripmasterplumbing.com.au,,,Dripmasterplumbing,/aclk?sa=L&ai=DChsSEwiA3b6rr6uWAxUEkmYCHerfNTsYACICCAEQARoCc20&co=1&ase=2&gclid=EAIaIQobChMIgN2-q6-rlgMVBJJmAh3q3zU7EBAYASAAEgLBIvD_BwE&cid=CAASuwHkaGfgfmet6KdnivguCgP3WiCSSEJ6XKoi9zx3iVG0tA1llIu94osohXA9rh1e5gCslQ_GQKUylpl5raegGIXNVqzymUGqUn2Z3-2UWDjW02SZJiXwl7XWNkH9_4iq_M8RfnrXzW8Hm00H4LlJ6i8d8A4trATedqopqGjpC7bdYy6-VbjP5pY_ezuIkGVGIwkkR2Vf8RFJcPSYCneAAB0GpUsv6YrkHRMP56vqdkQNZKreCnw4ylZy0qFY&cce=2&category=acrcp_v1_32&sig=AOD64_27vUu1cOHvbLTj9YW6jCWYQm2Hpw&adurl&q&ctype=99&nis=6, 0478 053 798,Blacktown NSW Australia,Business Owner / Managing Director,92,High,pending,,,Plumbing & Trades,High,Personalized,,,,,,,,,,
contact@magneticplumbing.com.au,,,Magneticplumbing,/aclk?sa=L&ai=DChsSEwiA3b6rr6uWAxUEkmYCHerfNTsYACICCAEQARoCc20&co=1&ase=2&gclid=EAIaIQobChMIgN2-q6-rlgMVBJJmAh3q3zU7EBAYASAAEgLBIvD_BwE&cid=CAASuwHkaGfgfmet6KdnivguCgP3WiCSSEJ6XKoi9zx3iVG0tA1llIu94osohXA9rh1e5gCslQ_GQKUylpl5raegGIXNVqzymUGqUn2Z3-2UWDjW02SZJiXwl7XWNkH9_4iq_M8RfnrXzW8Hm00H4LlJ6i8d8A4trATedqopqGjpC7bdYy6-VbjP5pY_ezuIkGVGIwkkR2Vf8RFJcPSYCneAAB0GpUsv6YrkHRMP56vqdkQNZKreCnw4ylZy0qFY&cce=2&category=acrcp_v1_32&sig=AOD64_27vUu1cOHvbLTj9YW6jCWYQm2Hpw&adurl&q&ctype=99&nis=6, 0413 740 679,Blacktown NSW Australia,Business Owner / Managing Director,92,High,pending,,,Plumbing & Trades,High,Personalized,,,,,,,,,,
contact@drleakblacktownplumbing.com.au,,,Drleakblacktownplumbing,/aclk?sa=L&ai=DChsSEwiA3b6rr6uWAxUEkmYCHerfNTsYACICCAEQARoCc20&co=1&ase=2&gclid=EAIaIQobChMIgN2-q6-rlgMVBJJmAh3q3zU7EBAYASAAEgLBIvD_BwE&cid=CAASuwHkaGfgfmet6KdnivguCgP3WiCSSEJ6XKoi9zx3iVG0tA1llIu94osohXA9rh1e5gCslQ_GQKUylpl5raegGIXNVqzymUGqUn2Z3-2UWDjW02SZJiXwl7XWNkH9_4iq_M8RfnrXzW8Hm00H4LlJ6i8d8A4trATedqopqGjpC7bdYy6-VbjP5pY_ezuIkGVGIwkkR2Vf8RFJcPSYCneAAB0GpUsv6YrkHRMP56vqdkQNZKreCnw4ylZy0qFY&cce=2&category=acrcp_v1_32&sig=AOD64_27vUu1cOHvbLTj9YW6jCWYQm2Hpw&adurl&q&ctype=99&nis=6, 1300 348 785,Blacktown NSW Australia,Business Owner / Managing Director,92,High,pending,,,Plumbing & Trades,High,Personalized,,,,,,,,,,
contact@aussieoncallplumbersevenhills.com.au,,,Aussieoncallplumbersevenhills,/aclk?sa=L&ai=DChsSEwjYooOxr6uWAxVrLIMDHf3zIVkYACICCAEQAhoCc2Y&co=1&ase=2&gclid=EAIaIQobChMI2KKDsa-rlgMVayyDAx398yFZEBAYASAAEgKK3vD_BwE&cid=CAASuwHkaHcHfP_D9UygYd_w3MCBdz24_Yg10l9dzBYWpKq90mjZr0Nv9tC9xHgDOFD0Ybq0Ykvhv5I8_Y3qQdZ_keyQelHQCusnmxr0sQ9U9kPpqoKccXYjV9AX1m544mi9SnZiv5uHOkthCul4pVxmT_bOEZvBIcnWFHRS7BQZghQjq_TnlmOK0BaoQxowQLZGA_QXj3ecm9efUQkjr5U4fIV2sTUXz_lG4eoffYQ1dktzpaLG_rPauMRrwOVE&cce=2&category=acrcp_v1_32&sig=AOD64_2IvkKK5A4n0LAbqSt5tCZ33Zv4wA&adurl&q&ctype=99&nis=6, (02) 9090 4263,", 55 Endeavour St, Seven Hills NSW 2147",Business Owner / Managing Director,92,High,pending,,,Plumbing & Trades,High,Personalized,,,,,,,,,,
contact@alldayplumbing.com.au,,,Alldayplumbing,/aclk?sa=L&ai=DChsSEwjYooOxr6uWAxVrLIMDHf3zIVkYACICCAEQAhoCc2Y&co=1&ase=2&gclid=EAIaIQobChMI2KKDsa-rlgMVayyDAx398yFZEBAYASAAEgKK3vD_BwE&cid=CAASuwHkaHcHfP_D9UygYd_w3MCBdz24_Yg10l9dzBYWpKq90mjZr0Nv9tC9xHgDOFD0Ybq0Ykvhv5I8_Y3qQdZ_keyQelHQCusnmxr0sQ9U9kPpqoKccXYjV9AX1m544mi9SnZiv5uHOkthCul4pVxmT_bOEZvBIcnWFHRS7BQZghQjq_TnlmOK0BaoQxowQLZGA_QXj3ecm9efUQkjr5U4fIV2sTUXz_lG4eoffYQ1dktzpaLG_rPauMRrwOVE&cce=2&category=acrcp_v1_32&sig=AOD64_2IvkKK5A4n0LAbqSt5tCZ33Zv4wA&adurl&q&ctype=99&nis=6, 1300 071 280,", 54/45 Powers Rd, Seven Hills NSW 2147",Business Owner / Managing Director,92,High,pending,,,Plumbing & Trades,High,Personalized,,,,,,,,,,
contact@servicetodayplumbersevenhills.com.au,,,Servicetodayplumbersevenhills,/aclk?sa=L&ai=DChsSEwjYooOxr6uWAxVrLIMDHf3zIVkYACICCAEQAhoCc2Y&co=1&ase=2&gclid=EAIaIQobChMI2KKDsa-rlgMVayyDAx398yFZEBAYASAAEgKK3vD_BwE&cid=CAASuwHkaHcHfP_D9UygYd_w3MCBdz24_Yg10l9dzBYWpKq90mjZr0Nv9tC9xHgDOFD0Ybq0Ykvhv5I8_Y3qQdZ_keyQelHQCusnmxr0sQ9U9kPpqoKccXYjV9AX1m544mi9SnZiv5uHOkthCul4pVxmT_bOEZvBIcnWFHRS7BQZghQjq_TnlmOK0BaoQxowQLZGA_QXj3ecm9efUQkjr5U4fIV2sTUXz_lG4eoffYQ1dktzpaLG_rPauMRrwOVE&cce=2&category=acrcp_v1_32&sig=AOD64_2IvkKK5A4n0LAbqSt5tCZ33Zv4wA&adurl&q&ctype=99&nis=6, 0489 905 181,", 22 Ravel St, Seven Hills NSW 2147",Business Owner / Managing Director,92,High,pending,,,Plumbing & Trades,High,Personalized,,,,,,,,,,
contact@insightplumbinggroupptyltd.com.au,,,Insightplumbinggroupptyltd,/aclk?sa=L&ai=DChsSEwjYooOxr6uWAxVrLIMDHf3zIVkYACICCAEQAhoCc2Y&co=1&ase=2&gclid=EAIaIQobChMI2KKDsa-rlgMVayyDAx398yFZEBAYASAAEgKK3vD_BwE&cid=CAASuwHkaHcHfP_D9UygYd_w3MCBdz24_Yg10l9dzBYWpKq90mjZr0Nv9tC9xHgDOFD0Ybq0Ykvhv5I8_Y3qQdZ_keyQelHQCusnmxr0sQ9U9kPpqoKccXYjV9AX1m544mi9SnZiv5uHOkthCul4pVxmT_bOEZvBIcnWFHRS7BQZghQjq_TnlmOK0BaoQxowQLZGA_QXj3ecm9efUQkjr5U4fIV2sTUXz_lG4eoffYQ1dktzpaLG_rPauMRrwOVE&cce=2&category=acrcp_v1_32&sig=AOD64_2IvkKK5A4n0LAbqSt5tCZ33Zv4wA&adurl&q&ctype=99&nis=6, 1300 467 448,", Unit 17/12 Stanton Rd, Seven Hills NSW 2147",Business Owner / Managing Director,92,High,pending,,,Plumbing & Trades,High,Personalized,,,,,,,,,,
contact@inspiredplumbing.com.au,,,Inspiredplumbing,/aclk?sa=L&ai=DChsSEwjYooOxr6uWAxVrLIMDHf3zIVkYACICCAEQAhoCc2Y&co=1&ase=2&gclid=EAIaIQobChMI2KKDsa-rlgMVayyDAx398yFZEBAYASAAEgKK3vD_BwE&cid=CAASuwHkaHcHfP_D9UygYd_w3MCBdz24_Yg10l9dzBYWpKq90mjZr0Nv9tC9xHgDOFD0Ybq0Ykvhv5I8_Y3qQdZ_keyQelHQCusnmxr0sQ9U9kPpqoKccXYjV9AX1m544mi9SnZiv5uHOkthCul4pVxmT_bOEZvBIcnWFHRS7BQZghQjq_TnlmOK0BaoQxowQLZGA_QXj3ecm9efUQkjr5U4fIV2sTUXz_lG4eoffYQ1dktzpaLG_rPauMRrwOVE&cce=2&category=acrcp_v1_32&sig=AOD64_2IvkKK5A4n0LAbqSt5tCZ33Zv4wA&adurl&q&ctype=99&nis=6, (02) 9158 3565,", Unit 17/12 Stanton Rd, Seven Hills NSW 2147",Business Owner / Managing Director,92,High,pending,,,Plumbing & Trades,High,Personalized,,,,,,,,,,
contact@etplumbingandrenovations.com.au,,,Etplumbingandrenovations,/aclk?sa=L&ai=DChsSEwjYooOxr6uWAxVrLIMDHf3zIVkYACICCAEQAhoCc2Y&co=1&ase=2&gclid=EAIaIQobChMI2KKDsa-rlgMVayyDAx398yFZEBAYASAAEgKK3vD_BwE&cid=CAASuwHkaHcHfP_D9UygYd_w3MCBdz24_Yg10l9dzBYWpKq90mjZr0Nv9tC9xHgDOFD0Ybq0Ykvhv5I8_Y3qQdZ_keyQelHQCusnmxr0sQ9U9kPpqoKccXYjV9AX1m544mi9SnZiv5uHOkthCul4pVxmT_bOEZvBIcnWFHRS7BQZghQjq_TnlmOK0BaoQxowQLZGA_QXj3ecm9efUQkjr5U4fIV2sTUXz_lG4eoffYQ1dktzpaLG_rPauMRrwOVE&cce=2&category=acrcp_v1_32&sig=AOD64_2IvkKK5A4n0LAbqSt5tCZ33Zv4wA&adurl&q&ctype=99&nis=6, 0414 688 135,", 8 George St, Seven Hills NSW 2147",Business Owner / Managing Director,92,High,pending,,,Plumbing & Trades,High,Personalized,,,,,,,,,,
contact@networkplumbingsevenhills.com.au,,,Networkplumbingsevenhills,/aclk?sa=L&ai=DChsSEwjYooOxr6uWAxVrLIMDHf3zIVkYACICCAEQAhoCc2Y&co=1&ase=2&gclid=EAIaIQobChMI2KKDsa-rlgMVayyDAx398yFZEBAYASAAEgKK3vD_BwE&cid=CAASuwHkaHcHfP_D9UygYd_w3MCBdz24_Yg10l9dzBYWpKq90mjZr0Nv9tC9xHgDOFD0Ybq0Ykvhv5I8_Y3qQdZ_keyQelHQCusnmxr0sQ9U9kPpqoKccXYjV9AX1m544mi9SnZiv5uHOkthCul4pVxmT_bOEZvBIcnWFHRS7BQZghQjq_TnlmOK0BaoQxowQLZGA_QXj3ecm9efUQkjr5U4fIV2sTUXz_lG4eoffYQ1dktzpaLG_rPauMRrwOVE&cce=2&category=acrcp_v1_32&sig=AOD64_2IvkKK5A4n0LAbqSt5tCZ33Zv4wA&adurl&q&ctype=99&nis=6, (02) 8806 0226,", 2/13 Tucks Rd, Seven Hills NSW 2147",Business Owner / Managing Director,92,High,pending,,,Plumbing & Trades,High,Personalized,,,,,,,,,,
contact@servicetodayplumberquakershill.com.au,,,Servicetodayplumberquakershill,/aclk?sa=L&ai=DChsSEwiv-a27r6uWAxVgyhYFHbdnMioYACICCAEQARoCdGw&co=1&ase=2&gclid=EAIaIQobChMIr_mtu6-rlgMVYMoWBR23ZzIqEBAYASAAEgJF7_D_BwE&cid=CAASuwHkaD_526R2ecWRMsCT_DUbYDXTFvevCwYwzEMBmayLp7xR4Er-T3VcuWTlYALzuR4mMxxVRcMXEsSeSEqPgvMQpeqNa5wYXjXvvixROdPLTRZEvmAZiGYuOSlf49wo79ACxeq7szomjGnLhZ4rOV4KLAbKandyFsZkDXtACKs4sPgFfgtKuX37ii2aRjA6VCtB4-JBvMLhrXoiOObPdx2MyiK0A4kxkT_tMlLrbAyWqooKBYyORQtjULGp&cce=2&category=acrcp_v1_32&sig=AOD64_1CnE6COfeiUfAEKkyu0gRVFQSF2g&adurl&q&ctype=99&nis=6, 0480 081 631,Quakers Hill NSW Australia,Business Owner / Managing Director,92,High,pending,,,Plumbing & Trades,High,Personalized,,,,,,,,,,
contact@rgbplumbingservices.com.au,,,Rgbplumbingservices,/aclk?sa=L&ai=DChsSEwiv-a27r6uWAxVgyhYFHbdnMioYACICCAEQARoCdGw&co=1&ase=2&gclid=EAIaIQobChMIr_mtu6-rlgMVYMoWBR23ZzIqEBAYASAAEgJF7_D_BwE&cid=CAASuwHkaD_526R2ecWRMsCT_DUbYDXTFvevCwYwzEMBmayLp7xR4Er-T3VcuWTlYALzuR4mMxxVRcMXEsSeSEqPgvMQpeqNa5wYXjXvvixROdPLTRZEvmAZiGYuOSlf49wo79ACxeq7szomjGnLhZ4rOV4KLAbKandyFsZkDXtACKs4sPgFfgtKuX37ii2aRjA6VCtB4-JBvMLhrXoiOObPdx2MyiK0A4kxkT_tMlLrbAyWqooKBYyORQtjULGp&cce=2&category=acrcp_v1_32&sig=AOD64_1CnE6COfeiUfAEKkyu0gRVFQSF2g&adurl&q&ctype=99&nis=6, 0410 943 582,", Foxwood Ave, Quakers Hill NSW 2763",Business Owner / Managing Director,92,High,pending,,,Plumbing & Trades,High,Personalized,,,,,,,,,,
contact@quakershillplumbingdrainage.com.au,,,Quakershillplumbingdrainage,/aclk?sa=L&ai=DChsSEwiv-a27r6uWAxVgyhYFHbdnMioYACICCAEQARoCdGw&co=1&ase=2&gclid=EAIaIQobChMIr_mtu6-rlgMVYMoWBR23ZzIqEBAYASAAEgJF7_D_BwE&cid=CAASuwHkaD_526R2ecWRMsCT_DUbYDXTFvevCwYwzEMBmayLp7xR4Er-T3VcuWTlYALzuR4mMxxVRcMXEsSeSEqPgvMQpeqNa5wYXjXvvixROdPLTRZEvmAZiGYuOSlf49wo79ACxeq7szomjGnLhZ4rOV4KLAbKandyFsZkDXtACKs4sPgFfgtKuX37ii2aRjA6VCtB4-JBvMLhrXoiOObPdx2MyiK0A4kxkT_tMlLrbAyWqooKBYyORQtjULGp&cce=2&category=acrcp_v1_32&sig=AOD64_1CnE6COfeiUfAEKkyu0gRVFQSF2g&adurl&q&ctype=99&nis=6, 0468 173 065,Quakers Hill NSW Australia,Business Owner / Managing Director,92,High,pending,,,Plumbing & Trades,High,Personalized,,,,,,,,,,
contact@cscrownplumbing.com.au,,,Cscrownplumbing,/aclk?sa=L&ai=DChsSEwiv-a27r6uWAxVgyhYFHbdnMioYACICCAEQARoCdGw&co=1&ase=2&gclid=EAIaIQobChMIr_mtu6-rlgMVYMoWBR23ZzIqEBAYASAAEgJF7_D_BwE&cid=CAASuwHkaD_526R2ecWRMsCT_DUbYDXTFvevCwYwzEMBmayLp7xR4Er-T3VcuWTlYALzuR4mMxxVRcMXEsSeSEqPgvMQpeqNa5wYXjXvvixROdPLTRZEvmAZiGYuOSlf49wo79ACxeq7szomjGnLhZ4rOV4KLAbKandyFsZkDXtACKs4sPgFfgtKuX37ii2aRjA6VCtB4-JBvMLhrXoiOObPdx2MyiK0A4kxkT_tMlLrbAyWqooKBYyORQtjULGp&cce=2&category=acrcp_v1_32&sig=AOD64_1CnE6COfeiUfAEKkyu0gRVFQSF2g&adurl&q&ctype=99&nis=6, 0410 602 700,", 18 Bonaccordo Rd, Quakers Hill NSW 2763",Business Owner / Managing Director,92,High,pending,,,Plumbing & Trades,High,Personalized,,,,,,,,,,
contact@hillsemergencyplumberquakershill.com.au,,,Hillsemergencyplumberquakershill,/aclk?sa=L&ai=DChsSEwiv-a27r6uWAxVgyhYFHbdnMioYACICCAEQARoCdGw&co=1&ase=2&gclid=EAIaIQobChMIr_mtu6-rlgMVYMoWBR23ZzIqEBAYASAAEgJF7_D_BwE&cid=CAASuwHkaD_526R2ecWRMsCT_DUbYDXTFvevCwYwzEMBmayLp7xR4Er-T3VcuWTlYALzuR4mMxxVRcMXEsSeSEqPgvMQpeqNa5wYXjXvvixROdPLTRZEvmAZiGYuOSlf49wo79ACxeq7szomjGnLhZ4rOV4KLAbKandyFsZkDXtACKs4sPgFfgtKuX37ii2aRjA6VCtB4-JBvMLhrXoiOObPdx2MyiK0A4kxkT_tMlLrbAyWqooKBYyORQtjULGp&cce=2&category=acrcp_v1_32&sig=AOD64_1CnE6COfeiUfAEKkyu0gRVFQSF2g&adurl&q&ctype=99&nis=6, (02) 9053 4650,Quakers Hill NSW Australia,Business Owner / Managing Director,92,High,pending,,,Plumbing & Trades,High,Personalized,,,,,,,,,,
contact@ajmplumbingsolutions.com.au,,,Ajmplumbingsolutions,/aclk?sa=L&ai=DChsSEwiv-a27r6uWAxVgyhYFHbdnMioYACICCAEQARoCdGw&co=1&ase=2&gclid=EAIaIQobChMIr_mtu6-rlgMVYMoWBR23ZzIqEBAYASAAEgJF7_D_BwE&cid=CAASuwHkaD_526R2ecWRMsCT_DUbYDXTFvevCwYwzEMBmayLp7xR4Er-T3VcuWTlYALzuR4mMxxVRcMXEsSeSEqPgvMQpeqNa5wYXjXvvixROdPLTRZEvmAZiGYuOSlf49wo79ACxeq7szomjGnLhZ4rOV4KLAbKandyFsZkDXtACKs4sPgFfgtKuX37ii2aRjA6VCtB4-JBvMLhrXoiOObPdx2MyiK0A4kxkT_tMlLrbAyWqooKBYyORQtjULGp&cce=2&category=acrcp_v1_32&sig=AOD64_1CnE6COfeiUfAEKkyu0gRVFQSF2g&adurl&q&ctype=99&nis=6, 0432 681 848,Quakers Hill NSW Australia,Business Owner / Managing Director,92,High,pending,,,Plumbing & Trades,High,Personalized,,,,,,,,,,
contact@quakershillplumbing.com.au,,,Quakershillplumbing,/aclk?sa=L&ai=DChsSEwiv-a27r6uWAxVgyhYFHbdnMioYACICCAEQARoCdGw&co=1&ase=2&gclid=EAIaIQobChMIr_mtu6-rlgMVYMoWBR23ZzIqEBAYASAAEgJF7_D_BwE&cid=CAASuwHkaD_526R2ecWRMsCT_DUbYDXTFvevCwYwzEMBmayLp7xR4Er-T3VcuWTlYALzuR4mMxxVRcMXEsSeSEqPgvMQpeqNa5wYXjXvvixROdPLTRZEvmAZiGYuOSlf49wo79ACxeq7szomjGnLhZ4rOV4KLAbKandyFsZkDXtACKs4sPgFfgtKuX37ii2aRjA6VCtB4-JBvMLhrXoiOObPdx2MyiK0A4kxkT_tMlLrbAyWqooKBYyORQtjULGp&cce=2&category=acrcp_v1_32&sig=AOD64_1CnE6COfeiUfAEKkyu0gRVFQSF2g&adurl&q&ctype=99&nis=6, (02) 9128 1169,", Farnham Rd, Quakers Hill NSW 2763",Business Owner / Managing Director,92,High,pending,,,Plumbing & Trades,High,Personalized,,,,,,,,,,
contact@abtbplumbing.com.au,,,Abtbplumbing,/aclk?sa=L&ai=DChsSEwil9vPAr6uWAxVJ4RYFHTvjJoIYACICCAEQABoCdGw&co=1&ase=2&gclid=EAIaIQobChMIpfbzwK-rlgMVSeEWBR074yaCEBAYASAAEgJXNvD_BwE&cid=CAASuwHkaG7rfQhdPn8hgGlJRSo6DQagr6OWVLGCtmOfXwpKP_9vcqKLaZhFHq5ghrC7PUAIm7Nb1YzMcKQnOfSGDB89uKEQB83zHN72KaqshfcDJrCKzs027LB7_WbDTWvkAhM5r-oC_N8MN_3_FjEfIQBM7EVg4fdeQ8xcWFy38WrSW1yFy0YnuDAD6ZVUmkG9WOCd0u8yRv7e9mDSa215wDc1HrmALunQTK5GDR80zwIjHZ5Jg5EXAG5zBjgX&cce=2&category=acrcp_v1_32&sig=AOD64_3aKeRKgiC8_2BrD-LaCc215jJB8Q&adurl&q&ctype=99&nis=6, (02) 4648 5510,", 5-7 Hepher Rd, Campbelltown NSW 2560",Business Owner / Managing Director,92,High,pending,,,Plumbing & Trades,High,Personalized,,,,,,,,,,
contact@bloomplumbing.com.au,,,Bloomplumbing,/aclk?sa=L&ai=DChsSEwil9vPAr6uWAxVJ4RYFHTvjJoIYACICCAEQABoCdGw&co=1&ase=2&gclid=EAIaIQobChMIpfbzwK-rlgMVSeEWBR074yaCEBAYASAAEgJXNvD_BwE&cid=CAASuwHkaG7rfQhdPn8hgGlJRSo6DQagr6OWVLGCtmOfXwpKP_9vcqKLaZhFHq5ghrC7PUAIm7Nb1YzMcKQnOfSGDB89uKEQB83zHN72KaqshfcDJrCKzs027LB7_WbDTWvkAhM5r-oC_N8MN_3_FjEfIQBM7EVg4fdeQ8xcWFy38WrSW1yFy0YnuDAD6ZVUmkG9WOCd0u8yRv7e9mDSa215wDc1HrmALunQTK5GDR80zwIjHZ5Jg5EXAG5zBjgX&cce=2&category=acrcp_v1_32&sig=AOD64_3aKeRKgiC8_2BrD-LaCc215jJB8Q&adurl&q&ctype=99&nis=6, 0402 029 213,", 95B Grima St, Schofields NSW 2761",Business Owner / Managing Director,92,High,pending,,,Plumbing & Trades,High,Personalized,,,,,,,,,,
contact@kenplumb.com.au,,,Kenplumb,/aclk?sa=L&ai=DChsSEwil9vPAr6uWAxVJ4RYFHTvjJoIYACICCAEQABoCdGw&co=1&ase=2&gclid=EAIaIQobChMIpfbzwK-rlgMVSeEWBR074yaCEBAYASAAEgJXNvD_BwE&cid=CAASuwHkaG7rfQhdPn8hgGlJRSo6DQagr6OWVLGCtmOfXwpKP_9vcqKLaZhFHq5ghrC7PUAIm7Nb1YzMcKQnOfSGDB89uKEQB83zHN72KaqshfcDJrCKzs027LB7_WbDTWvkAhM5r-oC_N8MN_3_FjEfIQBM7EVg4fdeQ8xcWFy38WrSW1yFy0YnuDAD6ZVUmkG9WOCd0u8yRv7e9mDSa215wDc1HrmALunQTK5GDR80zwIjHZ5Jg5EXAG5zBjgX&cce=2&category=acrcp_v1_32&sig=AOD64_3aKeRKgiC8_2BrD-LaCc215jJB8Q&adurl&q&ctype=99&nis=6, 0404 490 830,", Ruth St, Schofields NSW 2762",Business Owner / Managing Director,92,High,pending,,,Plumbing & Trades,High,Personalized,,,,,,,,,,
contact@hydronixplumbing.com.au,,,Hydronixplumbing,/aclk?sa=L&ai=DChsSEwil9vPAr6uWAxVJ4RYFHTvjJoIYACICCAEQABoCdGw&co=1&ase=2&gclid=EAIaIQobChMIpfbzwK-rlgMVSeEWBR074yaCEBAYASAAEgJXNvD_BwE&cid=CAASuwHkaG7rfQhdPn8hgGlJRSo6DQagr6OWVLGCtmOfXwpKP_9vcqKLaZhFHq5ghrC7PUAIm7Nb1YzMcKQnOfSGDB89uKEQB83zHN72KaqshfcDJrCKzs027LB7_WbDTWvkAhM5r-oC_N8MN_3_FjEfIQBM7EVg4fdeQ8xcWFy38WrSW1yFy0YnuDAD6ZVUmkG9WOCd0u8yRv7e9mDSa215wDc1HrmALunQTK5GDR80zwIjHZ5Jg5EXAG5zBjgX&cce=2&category=acrcp_v1_32&sig=AOD64_3aKeRKgiC8_2BrD-LaCc215jJB8Q&adurl&q&ctype=99&nis=6, 1800 493 766,Schofields NSW Australia,Business Owner / Managing Director,92,High,pending,,,Plumbing & Trades,High,Personalized,,,,,,,,,,
contact@supremeflowplumbing.com.au,,,Supremeflowplumbing,/aclk?sa=L&ai=DChsSEwil9vPAr6uWAxVJ4RYFHTvjJoIYACICCAEQABoCdGw&co=1&ase=2&gclid=EAIaIQobChMIpfbzwK-rlgMVSeEWBR074yaCEBAYASAAEgJXNvD_BwE&cid=CAASuwHkaG7rfQhdPn8hgGlJRSo6DQagr6OWVLGCtmOfXwpKP_9vcqKLaZhFHq5ghrC7PUAIm7Nb1YzMcKQnOfSGDB89uKEQB83zHN72KaqshfcDJrCKzs027LB7_WbDTWvkAhM5r-oC_N8MN_3_FjEfIQBM7EVg4fdeQ8xcWFy38WrSW1yFy0YnuDAD6ZVUmkG9WOCd0u8yRv7e9mDSa215wDc1HrmALunQTK5GDR80zwIjHZ5Jg5EXAG5zBjgX&cce=2&category=acrcp_v1_32&sig=AOD64_3aKeRKgiC8_2BrD-LaCc215jJB8Q&adurl&q&ctype=99&nis=6, 0424 726 979,", 37 Prairie St, Schofields NSW 2762",Business Owner / Managing Director,92,High,pending,,,Plumbing & Trades,High,Personalized,,,,,,,,,,
contact@straightawayplumbing.com.au,,,Straightawayplumbing,/aclk?sa=L&ai=DChsSEwil9vPAr6uWAxVJ4RYFHTvjJoIYACICCAEQABoCdGw&co=1&ase=2&gclid=EAIaIQobChMIpfbzwK-rlgMVSeEWBR074yaCEBAYASAAEgJXNvD_BwE&cid=CAASuwHkaG7rfQhdPn8hgGlJRSo6DQagr6OWVLGCtmOfXwpKP_9vcqKLaZhFHq5ghrC7PUAIm7Nb1YzMcKQnOfSGDB89uKEQB83zHN72KaqshfcDJrCKzs027LB7_WbDTWvkAhM5r-oC_N8MN_3_FjEfIQBM7EVg4fdeQ8xcWFy38WrSW1yFy0YnuDAD6ZVUmkG9WOCd0u8yRv7e9mDSa215wDc1HrmALunQTK5GDR80zwIjHZ5Jg5EXAG5zBjgX&cce=2&category=acrcp_v1_32&sig=AOD64_3aKeRKgiC8_2BrD-LaCc215jJB8Q&adurl&q&ctype=99&nis=6, 0403 322 290,", Schofields Rd, Schofields NSW 2762",Business Owner / Managing Director,92,High,pending,,,Plumbing & Trades,High,Personalized,,,,,,,,,,
contact@saiblissplumbinggasptyltdplumberinsydney.com.au,,,Saiblissplumbinggasptyltdplumberinsydney,/aclk?sa=L&ai=DChsSEwil9vPAr6uWAxVJ4RYFHTvjJoIYACICCAEQABoCdGw&co=1&ase=2&gclid=EAIaIQobChMIpfbzwK-rlgMVSeEWBR074yaCEBAYASAAEgJXNvD_BwE&cid=CAASuwHkaG7rfQhdPn8hgGlJRSo6DQagr6OWVLGCtmOfXwpKP_9vcqKLaZhFHq5ghrC7PUAIm7Nb1YzMcKQnOfSGDB89uKEQB83zHN72KaqshfcDJrCKzs027LB7_WbDTWvkAhM5r-oC_N8MN_3_FjEfIQBM7EVg4fdeQ8xcWFy38WrSW1yFy0YnuDAD6ZVUmkG9WOCd0u8yRv7e9mDSa215wDc1HrmALunQTK5GDR80zwIjHZ5Jg5EXAG5zBjgX&cce=2&category=acrcp_v1_32&sig=AOD64_3aKeRKgiC8_2BrD-LaCc215jJB8Q&adurl&q&ctype=99&nis=6, 0402 878 350,", 3A Schofields Farm Rd, Tallawong NSW 2762",Business Owner / Managing Director,92,High,pending,,,Plumbing & Trades,High,Personalized,,,,,,,,,,
info@mastrosplumbingservice.lovable.app,,,Mastrosplumbingservice Lovable App,https://mastrosplumbingservice.lovable.app/, 0433 832 130,", 12 Galati St, Riverstone NSW 2765",Business Owner / Managing Director,92,High,pending,,,Plumbing & Trades,High,Personalized,,,,,,,,,,
contact@servicetodayplumberstanhopegardens.com.au,,,Servicetodayplumberstanhopegardens,/aclk?sa=L&ai=DChsSEwif3ZXMr6uWAxVHjGYCHQRpHwwYACICCAEQARoCc20&co=1&ase=2&gclid=EAIaIQobChMIn92VzK-rlgMVR4xmAh0EaR8MEBAYASAAEgLdkfD_BwE&cid=CAASuwHkaIR2Yw2333CkUkQOk1NuJUza-IQJAibZRUbw_d9fwSaPe7oNT-FmMMDCRU_KxxPRoHx7kBtivIBAkuL-40y_8y5SfBIK4uOwk2ELntuDHO6NU4lEEMYVQLOezO9837jj2k01tLIG6B1J300H21g7cz8ORU5xke7g_LfPUEJlNbRygXQN5vbpgu2DvCmlbeNbP9pz4-LcWnLGA0zp2kpLCwvYQU5V8svNGBRvyGCIx_hySjR3vGPrRWpq&cce=2&category=acrcp_v1_32&sig=AOD64_3a2FFYefafqRx31rKZwBVU9WDuEw&adurl&q&ctype=99&nis=6, 0488 822 977,Stanhope Gardens NSW Australia,Business Owner / Managing Director,92,High,pending,,,Plumbing & Trades,High,Personalized,,,,,,,,,,
contact@straightaplumbing.com.au,,,Straightaplumbing,/aclk?sa=L&ai=DChsSEwif3ZXMr6uWAxVHjGYCHQRpHwwYACICCAEQARoCc20&co=1&ase=2&gclid=EAIaIQobChMIn92VzK-rlgMVR4xmAh0EaR8MEBAYASAAEgLdkfD_BwE&cid=CAASuwHkaIR2Yw2333CkUkQOk1NuJUza-IQJAibZRUbw_d9fwSaPe7oNT-FmMMDCRU_KxxPRoHx7kBtivIBAkuL-40y_8y5SfBIK4uOwk2ELntuDHO6NU4lEEMYVQLOezO9837jj2k01tLIG6B1J300H21g7cz8ORU5xke7g_LfPUEJlNbRygXQN5vbpgu2DvCmlbeNbP9pz4-LcWnLGA0zp2kpLCwvYQU5V8svNGBRvyGCIx_hySjR3vGPrRWpq&cce=2&category=acrcp_v1_32&sig=AOD64_3a2FFYefafqRx31rKZwBVU9WDuEw&adurl&q&ctype=99&nis=6, 0406 604 450,Stanhope Gardens NSW Australia,Business Owner / Managing Director,92,High,pending,,,Plumbing & Trades,High,Personalized,,,,,,,,,,
contact@sydneyactiveplumbing.com.au,,,Sydneyactiveplumbing,/aclk?sa=L&ai=DChsSEwif3ZXMr6uWAxVHjGYCHQRpHwwYACICCAEQARoCc20&co=1&ase=2&gclid=EAIaIQobChMIn92VzK-rlgMVR4xmAh0EaR8MEBAYASAAEgLdkfD_BwE&cid=CAASuwHkaIR2Yw2333CkUkQOk1NuJUza-IQJAibZRUbw_d9fwSaPe7oNT-FmMMDCRU_KxxPRoHx7kBtivIBAkuL-40y_8y5SfBIK4uOwk2ELntuDHO6NU4lEEMYVQLOezO9837jj2k01tLIG6B1J300H21g7cz8ORU5xke7g_LfPUEJlNbRygXQN5vbpgu2DvCmlbeNbP9pz4-LcWnLGA0zp2kpLCwvYQU5V8svNGBRvyGCIx_hySjR3vGPrRWpq&cce=2&category=acrcp_v1_32&sig=AOD64_3a2FFYefafqRx31rKZwBVU9WDuEw&adurl&q&ctype=99&nis=6, 0416 004 828,Stanhope Gardens NSW Australia,Business Owner / Managing Director,92,High,pending,,,Plumbing & Trades,High,Personalized,,,,,,,,,,
contact@inhouseplumbing.com.au,,,Inhouseplumbing,/aclk?sa=L&ai=DChsSEwif3ZXMr6uWAxVHjGYCHQRpHwwYACICCAEQARoCc20&co=1&ase=2&gclid=EAIaIQobChMIn92VzK-rlgMVR4xmAh0EaR8MEBAYASAAEgLdkfD_BwE&cid=CAASuwHkaIR2Yw2333CkUkQOk1NuJUza-IQJAibZRUbw_d9fwSaPe7oNT-FmMMDCRU_KxxPRoHx7kBtivIBAkuL-40y_8y5SfBIK4uOwk2ELntuDHO6NU4lEEMYVQLOezO9837jj2k01tLIG6B1J300H21g7cz8ORU5xke7g_LfPUEJlNbRygXQN5vbpgu2DvCmlbeNbP9pz4-LcWnLGA0zp2kpLCwvYQU5V8svNGBRvyGCIx_hySjR3vGPrRWpq&cce=2&category=acrcp_v1_32&sig=AOD64_3a2FFYefafqRx31rKZwBVU9WDuEw&adurl&q&ctype=99&nis=6, 0402 518 024,", 12 Kumquat Way, Glenwood NSW 2768",Business Owner / Managing Director,92,High,pending,,,Plumbing & Trades,High,Personalized,,,,,,,,,,
info@localplumber-marsdenparkplumber.netlify.app,,,Localplumber Marsdenparkplumber Netlify App,https://localplumber-marsdenparkplumber.netlify.app/blocked-drains, 0406 960 786,", 4 John Black Dr, Marsden Park NSW 2765",Business Owner / Managing Director,92,High,pending,,,Plumbing & Trades,High,Personalized,,,,,,,,,,
contact@mountdruittplumber.com.au,,,Mountdruittplumber,/aclk?sa=L&ai=DChsSEwimhp7ar6uWAxX-hmYCHQ_9CjIYACICCAEQABoCc20&co=1&ase=2&gclid=EAIaIQobChMIpoae2q-rlgMV_oZmAh0P_QoyEBAYASAAEgLQtfD_BwE&cid=CAASuwHkaNhRyH_UV0ef8CfbrGnojgV1LZMOcw2ybIrpoMmh5_ixgH98N6FPPWksSNdeAE8fHZ4f-DTfuzkM6BqzewfYUAvMfV76rUK2aQOdUihZ377f9IVDfSuMzCrtbHPEdCoS1VATbWIfXQtEH9AQRGapHYjtWM4DpW61qVSHIwfiQyFLUklhuAswbuHSficoZyBNMqqPijUEpePdKkGXO58ESwCrsa1LHq7lQgUjlbOnMAgOJ7hZdaP0cedV&cce=2&category=acrcp_v1_32&sig=AOD64_1Xkc0AhYMHrcZFIc75EeZE_DtCQQ&adurl&q&ctype=99&nis=6,,Mount Druitt NSW Australia,Business Owner / Managing Director,92,High,pending,,,Plumbing & Trades,High,Personalized,,,,,,,,,,
contact@mountdruittplumbingdrainage.com.au,,,Mountdruittplumbingdrainage,/aclk?sa=L&ai=DChsSEwimhp7ar6uWAxX-hmYCHQ_9CjIYACICCAEQABoCc20&co=1&ase=2&gclid=EAIaIQobChMIpoae2q-rlgMV_oZmAh0P_QoyEBAYASAAEgLQtfD_BwE&cid=CAASuwHkaNhRyH_UV0ef8CfbrGnojgV1LZMOcw2ybIrpoMmh5_ixgH98N6FPPWksSNdeAE8fHZ4f-DTfuzkM6BqzewfYUAvMfV76rUK2aQOdUihZ377f9IVDfSuMzCrtbHPEdCoS1VATbWIfXQtEH9AQRGapHYjtWM4DpW61qVSHIwfiQyFLUklhuAswbuHSficoZyBNMqqPijUEpePdKkGXO58ESwCrsa1LHq7lQgUjlbOnMAgOJ7hZdaP0cedV&cce=2&category=acrcp_v1_32&sig=AOD64_1Xkc0AhYMHrcZFIc75EeZE_DtCQQ&adurl&q&ctype=99&nis=6,,Mount Druitt NSW Australia,Business Owner / Managing Director,92,High,pending,,,Plumbing & Trades,High,Personalized,,,,,,,,,,
contact@servicetodayplumbermountdruitt.com.au,,,Servicetodayplumbermountdruitt,/aclk?sa=L&ai=DChsSEwimhp7ar6uWAxX-hmYCHQ_9CjIYACICCAEQABoCc20&co=1&ase=2&gclid=EAIaIQobChMIpoae2q-rlgMV_oZmAh0P_QoyEBAYASAAEgLQtfD_BwE&cid=CAASuwHkaNhRyH_UV0ef8CfbrGnojgV1LZMOcw2ybIrpoMmh5_ixgH98N6FPPWksSNdeAE8fHZ4f-DTfuzkM6BqzewfYUAvMfV76rUK2aQOdUihZ377f9IVDfSuMzCrtbHPEdCoS1VATbWIfXQtEH9AQRGapHYjtWM4DpW61qVSHIwfiQyFLUklhuAswbuHSficoZyBNMqqPijUEpePdKkGXO58ESwCrsa1LHq7lQgUjlbOnMAgOJ7hZdaP0cedV&cce=2&category=acrcp_v1_32&sig=AOD64_1Xkc0AhYMHrcZFIc75EeZE_DtCQQ&adurl&q&ctype=99&nis=6,,Mount Druitt NSW Australia,Business Owner / Managing Director,92,High,pending,,,Plumbing & Trades,High,Personalized,,,,,,,,,,
contact@joshuasplumbing.com.au,,,Joshuasplumbing,/aclk?sa=L&ai=DChsSEwimhp7ar6uWAxX-hmYCHQ_9CjIYACICCAEQABoCc20&co=1&ase=2&gclid=EAIaIQobChMIpoae2q-rlgMV_oZmAh0P_QoyEBAYASAAEgLQtfD_BwE&cid=CAASuwHkaNhRyH_UV0ef8CfbrGnojgV1LZMOcw2ybIrpoMmh5_ixgH98N6FPPWksSNdeAE8fHZ4f-DTfuzkM6BqzewfYUAvMfV76rUK2aQOdUihZ377f9IVDfSuMzCrtbHPEdCoS1VATbWIfXQtEH9AQRGapHYjtWM4DpW61qVSHIwfiQyFLUklhuAswbuHSficoZyBNMqqPijUEpePdKkGXO58ESwCrsa1LHq7lQgUjlbOnMAgOJ7hZdaP0cedV&cce=2&category=acrcp_v1_32&sig=AOD64_1Xkc0AhYMHrcZFIc75EeZE_DtCQQ&adurl&q&ctype=99&nis=6,,Mount Druitt NSW Australia,Business Owner / Managing Director,92,High,pending,,,Plumbing & Trades,High,Personalized,,,,,,,,,,
contact@franklinsplumbingservices.com.au,,,Franklinsplumbingservices,/aclk?sa=L&ai=DChsSEwimhp7ar6uWAxX-hmYCHQ_9CjIYACICCAEQABoCc20&co=1&ase=2&gclid=EAIaIQobChMIpoae2q-rlgMV_oZmAh0P_QoyEBAYASAAEgLQtfD_BwE&cid=CAASuwHkaNhRyH_UV0ef8CfbrGnojgV1LZMOcw2ybIrpoMmh5_ixgH98N6FPPWksSNdeAE8fHZ4f-DTfuzkM6BqzewfYUAvMfV76rUK2aQOdUihZ377f9IVDfSuMzCrtbHPEdCoS1VATbWIfXQtEH9AQRGapHYjtWM4DpW61qVSHIwfiQyFLUklhuAswbuHSficoZyBNMqqPijUEpePdKkGXO58ESwCrsa1LHq7lQgUjlbOnMAgOJ7hZdaP0cedV&cce=2&category=acrcp_v1_32&sig=AOD64_1Xkc0AhYMHrcZFIc75EeZE_DtCQQ&adurl&q&ctype=99&nis=6,,Mount Druitt NSW Australia,Business Owner / Managing Director,92,High,pending,,,Plumbing & Trades,High,Personalized,,,,,,,,,,
contact@samwiseplumbing.com.au,,,Samwiseplumbing,/aclk?sa=L&ai=DChsSEwimhp7ar6uWAxX-hmYCHQ_9CjIYACICCAEQABoCc20&co=1&ase=2&gclid=EAIaIQobChMIpoae2q-rlgMV_oZmAh0P_QoyEBAYASAAEgLQtfD_BwE&cid=CAASuwHkaNhRyH_UV0ef8CfbrGnojgV1LZMOcw2ybIrpoMmh5_ixgH98N6FPPWksSNdeAE8fHZ4f-DTfuzkM6BqzewfYUAvMfV76rUK2aQOdUihZ377f9IVDfSuMzCrtbHPEdCoS1VATbWIfXQtEH9AQRGapHYjtWM4DpW61qVSHIwfiQyFLUklhuAswbuHSficoZyBNMqqPijUEpePdKkGXO58ESwCrsa1LHq7lQgUjlbOnMAgOJ7hZdaP0cedV&cce=2&category=acrcp_v1_32&sig=AOD64_1Xkc0AhYMHrcZFIc75EeZE_DtCQQ&adurl&q&ctype=99&nis=6,,Mount Druitt NSW Australia,Business Owner / Managing Director,92,High,pending,,,Plumbing & Trades,High,Personalized,,,,,,,,,,
contact@rhinoplumbingdrainagestmarys.com.au,,,Rhinoplumbingdrainagestmarys,/aclk?sa=L&ai=DChsSEwiN88jfr6uWAxXkKkQIHa58AmoYACICCAEQABoCZHo&co=1&ase=2&gclid=EAIaIQobChMIjfPI36-rlgMV5CpECB2ufAJqEBAYASAAEgJV1vD_BwE&cid=CAASuwHkaNn2Dv-kScfhA9ZyWeorK6G8EYNnSBwxHX07rbgnG5LRN2OpLUrG13SP7dcHVhVNI5UPt_82jGVW--NX-sZv_EunVKsw0kwjp2ubKtJPzvvmJ83u-8wO17kAFV-K44HV1qVuUirJSMRxHGBAzlyMe-A7EgE2-FSDRk8OOT1I956QBxK-GrFItRyQ-gOGcvtTuMGL7J5NxtkAiljd9t5L53E7QB90C2FxFzn-LyAYvnuqA-nxdsQhZFTp&cce=2&category=acrcp_v1_32&sig=AOD64_2EO-d6ufCfVnBld_0CienL_8iM6A&adurl&q&ctype=99&nis=6, 0434 148 704,St Marys NSW Australia,Business Owner / Managing Director,92,High,pending,,,Plumbing & Trades,High,Personalized,,,,,,,,,,
contact@stmarysplumbingservices.com.au,,,Stmarysplumbingservices,/aclk?sa=L&ai=DChsSEwiN88jfr6uWAxXkKkQIHa58AmoYACICCAEQABoCZHo&co=1&ase=2&gclid=EAIaIQobChMIjfPI36-rlgMV5CpECB2ufAJqEBAYASAAEgJV1vD_BwE&cid=CAASuwHkaNn2Dv-kScfhA9ZyWeorK6G8EYNnSBwxHX07rbgnG5LRN2OpLUrG13SP7dcHVhVNI5UPt_82jGVW--NX-sZv_EunVKsw0kwjp2ubKtJPzvvmJ83u-8wO17kAFV-K44HV1qVuUirJSMRxHGBAzlyMe-A7EgE2-FSDRk8OOT1I956QBxK-GrFItRyQ-gOGcvtTuMGL7J5NxtkAiljd9t5L53E7QB90C2FxFzn-LyAYvnuqA-nxdsQhZFTp&cce=2&category=acrcp_v1_32&sig=AOD64_2EO-d6ufCfVnBld_0CienL_8iM6A&adurl&q&ctype=99&nis=6, 0480 872 822,", 130 Forrester Rd, St Marys NSW 2760",Business Owner / Managing Director,92,High,pending,,,Plumbing & Trades,High,Personalized,,,,,,,,,,
contact@servicetodayplumberstmarys.com.au,,,Servicetodayplumberstmarys,/aclk?sa=L&ai=DChsSEwiN88jfr6uWAxXkKkQIHa58AmoYACICCAEQABoCZHo&co=1&ase=2&gclid=EAIaIQobChMIjfPI36-rlgMV5CpECB2ufAJqEBAYASAAEgJV1vD_BwE&cid=CAASuwHkaNn2Dv-kScfhA9ZyWeorK6G8EYNnSBwxHX07rbgnG5LRN2OpLUrG13SP7dcHVhVNI5UPt_82jGVW--NX-sZv_EunVKsw0kwjp2ubKtJPzvvmJ83u-8wO17kAFV-K44HV1qVuUirJSMRxHGBAzlyMe-A7EgE2-FSDRk8OOT1I956QBxK-GrFItRyQ-gOGcvtTuMGL7J5NxtkAiljd9t5L53E7QB90C2FxFzn-LyAYvnuqA-nxdsQhZFTp&cce=2&category=acrcp_v1_32&sig=AOD64_2EO-d6ufCfVnBld_0CienL_8iM6A&adurl&q&ctype=99&nis=6, 0488 814 104,St Marys NSW Australia,Business Owner / Managing Director,92,High,pending,,,Plumbing & Trades,High,Personalized,,,,,,,,,,
contact@kookaburraplumbing.com.au,,,Kookaburraplumbing,/aclk?sa=L&ai=DChsSEwiN88jfr6uWAxXkKkQIHa58AmoYACICCAEQABoCZHo&co=1&ase=2&gclid=EAIaIQobChMIjfPI36-rlgMV5CpECB2ufAJqEBAYASAAEgJV1vD_BwE&cid=CAASuwHkaNn2Dv-kScfhA9ZyWeorK6G8EYNnSBwxHX07rbgnG5LRN2OpLUrG13SP7dcHVhVNI5UPt_82jGVW--NX-sZv_EunVKsw0kwjp2ubKtJPzvvmJ83u-8wO17kAFV-K44HV1qVuUirJSMRxHGBAzlyMe-A7EgE2-FSDRk8OOT1I956QBxK-GrFItRyQ-gOGcvtTuMGL7J5NxtkAiljd9t5L53E7QB90C2FxFzn-LyAYvnuqA-nxdsQhZFTp&cce=2&category=acrcp_v1_32&sig=AOD64_2EO-d6ufCfVnBld_0CienL_8iM6A&adurl&q&ctype=99&nis=6, (02) 9673 0033,", 50 Christie St, St Marys NSW 2760",Business Owner / Managing Director,92,High,pending,,,Plumbing & Trades,High,Personalized,,,,,,,,,,
contact@fenexplumbing.com.au,,,Fenexplumbing,/aclk?sa=L&ai=DChsSEwiN88jfr6uWAxXkKkQIHa58AmoYACICCAEQABoCZHo&co=1&ase=2&gclid=EAIaIQobChMIjfPI36-rlgMV5CpECB2ufAJqEBAYASAAEgJV1vD_BwE&cid=CAASuwHkaNn2Dv-kScfhA9ZyWeorK6G8EYNnSBwxHX07rbgnG5LRN2OpLUrG13SP7dcHVhVNI5UPt_82jGVW--NX-sZv_EunVKsw0kwjp2ubKtJPzvvmJ83u-8wO17kAFV-K44HV1qVuUirJSMRxHGBAzlyMe-A7EgE2-FSDRk8OOT1I956QBxK-GrFItRyQ-gOGcvtTuMGL7J5NxtkAiljd9t5L53E7QB90C2FxFzn-LyAYvnuqA-nxdsQhZFTp&cce=2&category=acrcp_v1_32&sig=AOD64_2EO-d6ufCfVnBld_0CienL_8iM6A&adurl&q&ctype=99&nis=6, 0413 710 135,", Unit 14/10 Anne St, St Marys NSW 2760",Business Owner / Managing Director,92,High,pending,,,Plumbing & Trades,High,Personalized,,,,,,,,,,
contact@stmarysplumbingdrainage.com.au,,,Stmarysplumbingdrainage,/aclk?sa=L&ai=DChsSEwiN88jfr6uWAxXkKkQIHa58AmoYACICCAEQABoCZHo&co=1&ase=2&gclid=EAIaIQobChMIjfPI36-rlgMV5CpECB2ufAJqEBAYASAAEgJV1vD_BwE&cid=CAASuwHkaNn2Dv-kScfhA9ZyWeorK6G8EYNnSBwxHX07rbgnG5LRN2OpLUrG13SP7dcHVhVNI5UPt_82jGVW--NX-sZv_EunVKsw0kwjp2ubKtJPzvvmJ83u-8wO17kAFV-K44HV1qVuUirJSMRxHGBAzlyMe-A7EgE2-FSDRk8OOT1I956QBxK-GrFItRyQ-gOGcvtTuMGL7J5NxtkAiljd9t5L53E7QB90C2FxFzn-LyAYvnuqA-nxdsQhZFTp&cce=2&category=acrcp_v1_32&sig=AOD64_2EO-d6ufCfVnBld_0CienL_8iM6A&adurl&q&ctype=99&nis=6, (02) 9139 8040,St Marys NSW Australia,Business Owner / Managing Director,92,High,pending,,,Plumbing & Trades,High,Personalized,,,,,,,,,,
contact@trubluplumbinggroupptyltd.com.au,,,Trubluplumbinggroupptyltd,/aclk?sa=L&ai=DChsSEwiN88jfr6uWAxXkKkQIHa58AmoYACICCAEQABoCZHo&co=1&ase=2&gclid=EAIaIQobChMIjfPI36-rlgMV5CpECB2ufAJqEBAYASAAEgJV1vD_BwE&cid=CAASuwHkaNn2Dv-kScfhA9ZyWeorK6G8EYNnSBwxHX07rbgnG5LRN2OpLUrG13SP7dcHVhVNI5UPt_82jGVW--NX-sZv_EunVKsw0kwjp2ubKtJPzvvmJ83u-8wO17kAFV-K44HV1qVuUirJSMRxHGBAzlyMe-A7EgE2-FSDRk8OOT1I956QBxK-GrFItRyQ-gOGcvtTuMGL7J5NxtkAiljd9t5L53E7QB90C2FxFzn-LyAYvnuqA-nxdsQhZFTp&cce=2&category=acrcp_v1_32&sig=AOD64_2EO-d6ufCfVnBld_0CienL_8iM6A&adurl&q&ctype=99&nis=6, 0452 317 892,St Marys NSW Australia,Business Owner / Managing Director,92,High,pending,,,Plumbing & Trades,High,Personalized,,,,,,,,,,
contact@penrithcityplumbingservices.com.au,,,Penrithcityplumbingservices,/aclk?sa=L&ai=DChsSEwjizqHlr6uWAxU3H0QIHf1iKxwYACICCAEQAhoCZHo&co=1&ase=2&gclid=EAIaIQobChMI4s6h5a-rlgMVNx9ECB39YiscEBAYASAAEgLgnfD_BwE&cid=CAASuwHkaJUT0f3cL504WqAZFcGuzWF2cYol7c21wCDkdKmKrcN28q3TxjS1AUc7y9clOD6O8wL0qU7miXJ-5-z9K1sJi25NTiJBEz3rO5ZxlidQARD22r6hx5nYsjpFrk8oMs_rBYeqtAEZElv_GINWEW1JMGemUC1IaH-Ux8SB0WMftkhK8TQzqOj75zwLnFyGYZ7a7GVMpmETaMFoJTSwhrBYUfdezpfk_SlBz0YwgY0lmyv9ir4oUS6K0d6K&cce=2&category=acrcp_v1_32&sig=AOD64_1epp7MD11u52TaDxddj_Cq8fgcfQ&adurl&q&ctype=99&nis=6, 0422 720 132,", 1, Penrith NSW 2750",Business Owner / Managing Director,92,High,pending,,,Plumbing & Trades,High,Personalized,,,,,,,,,,
contact@penrithplumbinghotwater.com.au,,,Penrithplumbinghotwater,/aclk?sa=L&ai=DChsSEwjizqHlr6uWAxU3H0QIHf1iKxwYACICCAEQAhoCZHo&co=1&ase=2&gclid=EAIaIQobChMI4s6h5a-rlgMVNx9ECB39YiscEBAYASAAEgLgnfD_BwE&cid=CAASuwHkaJUT0f3cL504WqAZFcGuzWF2cYol7c21wCDkdKmKrcN28q3TxjS1AUc7y9clOD6O8wL0qU7miXJ-5-z9K1sJi25NTiJBEz3rO5ZxlidQARD22r6hx5nYsjpFrk8oMs_rBYeqtAEZElv_GINWEW1JMGemUC1IaH-Ux8SB0WMftkhK8TQzqOj75zwLnFyGYZ7a7GVMpmETaMFoJTSwhrBYUfdezpfk_SlBz0YwgY0lmyv9ir4oUS6K0d6K&cce=2&category=acrcp_v1_32&sig=AOD64_1epp7MD11u52TaDxddj_Cq8fgcfQ&adurl&q&ctype=99&nis=6, (02) 8806 0353,", 1 Perritt Pl, South Penrith NSW 2750",Business Owner / Managing Director,92,High,pending,,,Plumbing & Trades,High,Personalized,,,,,,,,,,
contact@shipwaysplumbingpenrith.com.au,,,Shipwaysplumbingpenrith,/aclk?sa=L&ai=DChsSEwjizqHlr6uWAxU3H0QIHf1iKxwYACICCAEQAhoCZHo&co=1&ase=2&gclid=EAIaIQobChMI4s6h5a-rlgMVNx9ECB39YiscEBAYASAAEgLgnfD_BwE&cid=CAASuwHkaJUT0f3cL504WqAZFcGuzWF2cYol7c21wCDkdKmKrcN28q3TxjS1AUc7y9clOD6O8wL0qU7miXJ-5-z9K1sJi25NTiJBEz3rO5ZxlidQARD22r6hx5nYsjpFrk8oMs_rBYeqtAEZElv_GINWEW1JMGemUC1IaH-Ux8SB0WMftkhK8TQzqOj75zwLnFyGYZ7a7GVMpmETaMFoJTSwhrBYUfdezpfk_SlBz0YwgY0lmyv9ir4oUS6K0d6K&cce=2&category=acrcp_v1_32&sig=AOD64_1epp7MD11u52TaDxddj_Cq8fgcfQ&adurl&q&ctype=99&nis=6, 0410 638 342,", 95b Station St, Penrith NSW 2750",Business Owner / Managing Director,92,High,pending,,,Plumbing & Trades,High,Personalized,,,,,,,,,,
contact@servicetodayplumberpenrith.com.au,,,Servicetodayplumberpenrith,/aclk?sa=L&ai=DChsSEwjizqHlr6uWAxU3H0QIHf1iKxwYACICCAEQAhoCZHo&co=1&ase=2&gclid=EAIaIQobChMI4s6h5a-rlgMVNx9ECB39YiscEBAYASAAEgLgnfD_BwE&cid=CAASuwHkaJUT0f3cL504WqAZFcGuzWF2cYol7c21wCDkdKmKrcN28q3TxjS1AUc7y9clOD6O8wL0qU7miXJ-5-z9K1sJi25NTiJBEz3rO5ZxlidQARD22r6hx5nYsjpFrk8oMs_rBYeqtAEZElv_GINWEW1JMGemUC1IaH-Ux8SB0WMftkhK8TQzqOj75zwLnFyGYZ7a7GVMpmETaMFoJTSwhrBYUfdezpfk_SlBz0YwgY0lmyv9ir4oUS6K0d6K&cce=2&category=acrcp_v1_32&sig=AOD64_1epp7MD11u52TaDxddj_Cq8fgcfQ&adurl&q&ctype=99&nis=6, 0480 046 346,Penrith NSW Australia,Business Owner / Managing Director,92,High,pending,,,Plumbing & Trades,High,Personalized,,,,,,,,,,
contact@hawkesburynepeanplumbing.com.au,,,Hawkesburynepeanplumbing,/aclk?sa=L&ai=DChsSEwjizqHlr6uWAxU3H0QIHf1iKxwYACICCAEQAhoCZHo&co=1&ase=2&gclid=EAIaIQobChMI4s6h5a-rlgMVNx9ECB39YiscEBAYASAAEgLgnfD_BwE&cid=CAASuwHkaJUT0f3cL504WqAZFcGuzWF2cYol7c21wCDkdKmKrcN28q3TxjS1AUc7y9clOD6O8wL0qU7miXJ-5-z9K1sJi25NTiJBEz3rO5ZxlidQARD22r6hx5nYsjpFrk8oMs_rBYeqtAEZElv_GINWEW1JMGemUC1IaH-Ux8SB0WMftkhK8TQzqOj75zwLnFyGYZ7a7GVMpmETaMFoJTSwhrBYUfdezpfk_SlBz0YwgY0lmyv9ir4oUS6K0d6K&cce=2&category=acrcp_v1_32&sig=AOD64_1epp7MD11u52TaDxddj_Cq8fgcfQ&adurl&q&ctype=99&nis=6, (02) 4722 2035,", Ste 1, Level 1/111 Henry St, Penrith NSW 2750",Business Owner / Managing Director,92,High,pending,,,Plumbing & Trades,High,Personalized,,,,,,,,,,
contact@penrithplumber.com.au,,,Penrithplumber,/aclk?sa=L&ai=DChsSEwjizqHlr6uWAxU3H0QIHf1iKxwYACICCAEQAhoCZHo&co=1&ase=2&gclid=EAIaIQobChMI4s6h5a-rlgMVNx9ECB39YiscEBAYASAAEgLgnfD_BwE&cid=CAASuwHkaJUT0f3cL504WqAZFcGuzWF2cYol7c21wCDkdKmKrcN28q3TxjS1AUc7y9clOD6O8wL0qU7miXJ-5-z9K1sJi25NTiJBEz3rO5ZxlidQARD22r6hx5nYsjpFrk8oMs_rBYeqtAEZElv_GINWEW1JMGemUC1IaH-Ux8SB0WMftkhK8TQzqOj75zwLnFyGYZ7a7GVMpmETaMFoJTSwhrBYUfdezpfk_SlBz0YwgY0lmyv9ir4oUS6K0d6K&cce=2&category=acrcp_v1_32&sig=AOD64_1epp7MD11u52TaDxddj_Cq8fgcfQ&adurl&q&ctype=99&nis=6, 1300 162 390,", 69/47 Borec Rd, Penrith NSW 2750",Business Owner / Managing Director,92,High,pending,,,Plumbing & Trades,High,Personalized,,,,,,,,,,
contact@manningplumbing.com.au,,,Manningplumbing,/aclk?sa=L&ai=DChsSEwjizqHlr6uWAxU3H0QIHf1iKxwYACICCAEQAhoCZHo&co=1&ase=2&gclid=EAIaIQobChMI4s6h5a-rlgMVNx9ECB39YiscEBAYASAAEgLgnfD_BwE&cid=CAASuwHkaJUT0f3cL504WqAZFcGuzWF2cYol7c21wCDkdKmKrcN28q3TxjS1AUc7y9clOD6O8wL0qU7miXJ-5-z9K1sJi25NTiJBEz3rO5ZxlidQARD22r6hx5nYsjpFrk8oMs_rBYeqtAEZElv_GINWEW1JMGemUC1IaH-Ux8SB0WMftkhK8TQzqOj75zwLnFyGYZ7a7GVMpmETaMFoJTSwhrBYUfdezpfk_SlBz0YwgY0lmyv9ir4oUS6K0d6K&cce=2&category=acrcp_v1_32&sig=AOD64_1epp7MD11u52TaDxddj_Cq8fgcfQ&adurl&q&ctype=99&nis=6, 0423 325 048,", 60 Lord Sheffield Cct, Penrith NSW 2750",Business Owner / Managing Director,92,High,pending,,,Plumbing & Trades,High,Personalized,,,,,,,,,,
info@jimsplumbing.com.au,,,Jimsplumbing,https://www.jimsplumbing.com.au/,,Emu Plains NSW Australia,Business Owner / Managing Director,92,High,pending,,,Plumbing & Trades,High,Personalized,,,,,,,,,,
info@plumbingnearyou.com.au,,,Plumbingnearyou,https://plumbingnearyou.com.au/, (02) 5747 4374,", 62/72 Batt St, Jamisontown NSW 2750",Business Owner / Managing Director,92,High,pending,,,Plumbing & Trades,High,Personalized,,,,,,,,,,
contact@countrysideplumbingptyltd.com.au,,,Countrysideplumbingptyltd,/aclk?sa=L&ai=DChsSEwj91uz0r6uWAxUMk2YCHcQBG5AYACICCAEQABoCc20&co=1&ase=2&gclid=EAIaIQobChMI_dbs9K-rlgMVDJNmAh3EARuQEBAYASAAEgI3DPD_BwE&cid=CAASuwHkaHSWIqrMvQFHiVJJPDljCasACe5r07NqiK_vtr6LlMMEzqneqq7paoKEtxrsdrkI4NyYTDCnf2LxITTynWijcbY-KYON9ApgcFctYWKLXN2HrK7ng8dvMin7wfp7PE7vrj43U1WhKdLdUH-KOje6c6i6ld1UVTckq2DaqbwhuuhJoh_OV-u50ypAsWHdEajOrBkRufZUJndDlcMeSGnzoerZpoH7ueoCU-ubwN79tbxbrzzspGy8T1PD&cce=2&category=acrcp_v1_32&sig=AOD64_0so50bbB1t-g-CEXxBqVGkMNf9GA&adurl&q&ctype=99&nis=6, 0431 253 543,", 17 The Lakes Dr, Glenmore Park NSW 2745",Business Owner / Managing Director,92,High,pending,,,Plumbing & Trades,High,Personalized,,,,,,,,,,
contact@jobdoneplumbingservices.com.au,,,Jobdoneplumbingservices,/aclk?sa=L&ai=DChsSEwj91uz0r6uWAxUMk2YCHcQBG5AYACICCAEQABoCc20&co=1&ase=2&gclid=EAIaIQobChMI_dbs9K-rlgMVDJNmAh3EARuQEBAYASAAEgI3DPD_BwE&cid=CAASuwHkaHSWIqrMvQFHiVJJPDljCasACe5r07NqiK_vtr6LlMMEzqneqq7paoKEtxrsdrkI4NyYTDCnf2LxITTynWijcbY-KYON9ApgcFctYWKLXN2HrK7ng8dvMin7wfp7PE7vrj43U1WhKdLdUH-KOje6c6i6ld1UVTckq2DaqbwhuuhJoh_OV-u50ypAsWHdEajOrBkRufZUJndDlcMeSGnzoerZpoH7ueoCU-ubwN79tbxbrzzspGy8T1PD&cce=2&category=acrcp_v1_32&sig=AOD64_0so50bbB1t-g-CEXxBqVGkMNf9GA&adurl&q&ctype=99&nis=6, 0406 785 338,Glenmore Park NSW Australia,Business Owner / Managing Director,92,High,pending,,,Plumbing & Trades,High,Personalized,,,,,,,,,,
contact@cpeindustriesplumbingwesternsydney.com.au,,,Cpeindustriesplumbingwesternsydney,/aclk?sa=L&ai=DChsSEwj91uz0r6uWAxUMk2YCHcQBG5AYACICCAEQABoCc20&co=1&ase=2&gclid=EAIaIQobChMI_dbs9K-rlgMVDJNmAh3EARuQEBAYASAAEgI3DPD_BwE&cid=CAASuwHkaHSWIqrMvQFHiVJJPDljCasACe5r07NqiK_vtr6LlMMEzqneqq7paoKEtxrsdrkI4NyYTDCnf2LxITTynWijcbY-KYON9ApgcFctYWKLXN2HrK7ng8dvMin7wfp7PE7vrj43U1WhKdLdUH-KOje6c6i6ld1UVTckq2DaqbwhuuhJoh_OV-u50ypAsWHdEajOrBkRufZUJndDlcMeSGnzoerZpoH7ueoCU-ubwN79tbxbrzzspGy8T1PD&cce=2&category=acrcp_v1_32&sig=AOD64_0so50bbB1t-g-CEXxBqVGkMNf9GA&adurl&q&ctype=99&nis=6, 0401 267 779,", 39 Boldero Cres, Glenmore Park NSW 2745",Business Owner / Managing Director,92,High,pending,,,Plumbing & Trades,High,Personalized,,,,,,,,,,
contact@freedomflowplumbing.com.au,,,Freedomflowplumbing,/aclk?sa=L&ai=DChsSEwj91uz0r6uWAxUMk2YCHcQBG5AYACICCAEQABoCc20&co=1&ase=2&gclid=EAIaIQobChMI_dbs9K-rlgMVDJNmAh3EARuQEBAYASAAEgI3DPD_BwE&cid=CAASuwHkaHSWIqrMvQFHiVJJPDljCasACe5r07NqiK_vtr6LlMMEzqneqq7paoKEtxrsdrkI4NyYTDCnf2LxITTynWijcbY-KYON9ApgcFctYWKLXN2HrK7ng8dvMin7wfp7PE7vrj43U1WhKdLdUH-KOje6c6i6ld1UVTckq2DaqbwhuuhJoh_OV-u50ypAsWHdEajOrBkRufZUJndDlcMeSGnzoerZpoH7ueoCU-ubwN79tbxbrzzspGy8T1PD&cce=2&category=acrcp_v1_32&sig=AOD64_0so50bbB1t-g-CEXxBqVGkMNf9GA&adurl&q&ctype=99&nis=6, 0433 541 632,Glenmore Park NSW Australia,Business Owner / Managing Director,92,High,pending,,,Plumbing & Trades,High,Personalized,,,,,,,,,,
contact@magicfinishplumbinggasptyltd.com.au,,,Magicfinishplumbinggasptyltd,/aclk?sa=L&ai=DChsSEwj91uz0r6uWAxUMk2YCHcQBG5AYACICCAEQABoCc20&co=1&ase=2&gclid=EAIaIQobChMI_dbs9K-rlgMVDJNmAh3EARuQEBAYASAAEgI3DPD_BwE&cid=CAASuwHkaHSWIqrMvQFHiVJJPDljCasACe5r07NqiK_vtr6LlMMEzqneqq7paoKEtxrsdrkI4NyYTDCnf2LxITTynWijcbY-KYON9ApgcFctYWKLXN2HrK7ng8dvMin7wfp7PE7vrj43U1WhKdLdUH-KOje6c6i6ld1UVTckq2DaqbwhuuhJoh_OV-u50ypAsWHdEajOrBkRufZUJndDlcMeSGnzoerZpoH7ueoCU-ubwN79tbxbrzzspGy8T1PD&cce=2&category=acrcp_v1_32&sig=AOD64_0so50bbB1t-g-CEXxBqVGkMNf9GA&adurl&q&ctype=99&nis=6, 0455 497 897,Glenmore Park NSW Australia,Business Owner / Managing Director,92,High,pending,,,Plumbing & Trades,High,Personalized,,,,,,,,,,
contact@sloaneplumbingexcavations.com.au,,,Sloaneplumbingexcavations,/aclk?sa=L&ai=DChsSEwj91uz0r6uWAxUMk2YCHcQBG5AYACICCAEQABoCc20&co=1&ase=2&gclid=EAIaIQobChMI_dbs9K-rlgMVDJNmAh3EARuQEBAYASAAEgI3DPD_BwE&cid=CAASuwHkaHSWIqrMvQFHiVJJPDljCasACe5r07NqiK_vtr6LlMMEzqneqq7paoKEtxrsdrkI4NyYTDCnf2LxITTynWijcbY-KYON9ApgcFctYWKLXN2HrK7ng8dvMin7wfp7PE7vrj43U1WhKdLdUH-KOje6c6i6ld1UVTckq2DaqbwhuuhJoh_OV-u50ypAsWHdEajOrBkRufZUJndDlcMeSGnzoerZpoH7ueoCU-ubwN79tbxbrzzspGy8T1PD&cce=2&category=acrcp_v1_32&sig=AOD64_0so50bbB1t-g-CEXxBqVGkMNf9GA&adurl&q&ctype=99&nis=6, 0411 024 106,", 8 Iris Ct, Glenmore Park NSW 2745",Business Owner / Managing Director,92,High,pending,,,Plumbing & Trades,High,Personalized,,,,,,,,,,
contact@servicetodayplumberrootyhill.com.au,,,Servicetodayplumberrootyhill,/aclk?sa=L&ai=DChsSEwjonp2AsKuWAxWyL4MDHVs-H1MYACICCAEQABoCc2Y&co=1&ase=2&gclid=EAIaIQobChMI6J6dgLCrlgMVsi-DAx1bPh9TEBAYASAAEgIRdPD_BwE&cid=CAASuwHkaFh_TzZfMyljlw-CUkOd2nNcHf44lKOmjHop-BunkClB6NWf9Y_MZYI6bDen3RvbFmdEh_r-6eywS7c3C_SrhM9xEuEfq0BjnrzbIzkcYJ1wr18ha-lawHHfPF4cj6vmIztCt3w7dpXXg96NhIKD0wCjzglJ0AJtIz58LW-JDxhVEOdL5f_hWrqbOTlVEGsv2RayKyneH2oNcCB2jBCk_dG9X6ObFern4EB71TUUkLZz-7GkW-Egik6a&cce=2&category=acrcp_v1_32&sig=AOD64_2ItIWPeBp9cIb3e09Ex7xfwhyKOA&adurl&q&ctype=99&nis=6, 0488 823 528,Rooty Hill NSW Australia,Business Owner / Managing Director,92,High,pending,,,Plumbing & Trades,High,Personalized,,,,,,,,,,
contact@mremergencyplumbingrootyhill.com.au,,,Mremergencyplumbingrootyhill,/aclk?sa=L&ai=DChsSEwjonp2AsKuWAxWyL4MDHVs-H1MYACICCAEQABoCc2Y&co=1&ase=2&gclid=EAIaIQobChMI6J6dgLCrlgMVsi-DAx1bPh9TEBAYASAAEgIRdPD_BwE&cid=CAASuwHkaFh_TzZfMyljlw-CUkOd2nNcHf44lKOmjHop-BunkClB6NWf9Y_MZYI6bDen3RvbFmdEh_r-6eywS7c3C_SrhM9xEuEfq0BjnrzbIzkcYJ1wr18ha-lawHHfPF4cj6vmIztCt3w7dpXXg96NhIKD0wCjzglJ0AJtIz58LW-JDxhVEOdL5f_hWrqbOTlVEGsv2RayKyneH2oNcCB2jBCk_dG9X6ObFern4EB71TUUkLZz-7GkW-Egik6a&cce=2&category=acrcp_v1_32&sig=AOD64_2ItIWPeBp9cIb3e09Ex7xfwhyKOA&adurl&q&ctype=99&nis=6, 1300 164 064,Rooty Hill NSW Australia,Business Owner / Managing Director,92,High,pending,,,Plumbing & Trades,High,Personalized,,,,,,,,,,
contact@theplumbingprofessor.com.au,,,Theplumbingprofessor,/aclk?sa=L&ai=DChsSEwjonp2AsKuWAxWyL4MDHVs-H1MYACICCAEQABoCc2Y&co=1&ase=2&gclid=EAIaIQobChMI6J6dgLCrlgMVsi-DAx1bPh9TEBAYASAAEgIRdPD_BwE&cid=CAASuwHkaFh_TzZfMyljlw-CUkOd2nNcHf44lKOmjHop-BunkClB6NWf9Y_MZYI6bDen3RvbFmdEh_r-6eywS7c3C_SrhM9xEuEfq0BjnrzbIzkcYJ1wr18ha-lawHHfPF4cj6vmIztCt3w7dpXXg96NhIKD0wCjzglJ0AJtIz58LW-JDxhVEOdL5f_hWrqbOTlVEGsv2RayKyneH2oNcCB2jBCk_dG9X6ObFern4EB71TUUkLZz-7GkW-Egik6a&cce=2&category=acrcp_v1_32&sig=AOD64_2ItIWPeBp9cIb3e09Ex7xfwhyKOA&adurl&q&ctype=99&nis=6, 0407 070 106,Rooty Hill NSW Australia,Business Owner / Managing Director,92,High,pending,,,Plumbing & Trades,High,Personalized,,,,,,,,,,
contact@mgpplumbing.com.au,,,Mgpplumbing,/aclk?sa=L&ai=DChsSEwjonp2AsKuWAxWyL4MDHVs-H1MYACICCAEQABoCc2Y&co=1&ase=2&gclid=EAIaIQobChMI6J6dgLCrlgMVsi-DAx1bPh9TEBAYASAAEgIRdPD_BwE&cid=CAASuwHkaFh_TzZfMyljlw-CUkOd2nNcHf44lKOmjHop-BunkClB6NWf9Y_MZYI6bDen3RvbFmdEh_r-6eywS7c3C_SrhM9xEuEfq0BjnrzbIzkcYJ1wr18ha-lawHHfPF4cj6vmIztCt3w7dpXXg96NhIKD0wCjzglJ0AJtIz58LW-JDxhVEOdL5f_hWrqbOTlVEGsv2RayKyneH2oNcCB2jBCk_dG9X6ObFern4EB71TUUkLZz-7GkW-Egik6a&cce=2&category=acrcp_v1_32&sig=AOD64_2ItIWPeBp9cIb3e09Ex7xfwhyKOA&adurl&q&ctype=99&nis=6, 0414 913 698,", Unit 1, Summer Hill NSW 2130",Business Owner / Managing Director,92,High,pending,,,Plumbing & Trades,High,Personalized,,,,,,,,,,
info@rushhourplumbing.com.au,,,Rushhourplumbing,https://rushhourplumbing.com.au/, 0468 073 538,Minchinbury NSW Australia,Business Owner / Managing Director,92,High,pending,,,Plumbing & Trades,High,Personalized,,,,,,,,,,
contact@servicetodayplumberwetherillpark.com.au,,,Servicetodayplumberwetherillpark,/aclk?sa=L&ai=DChsSEwjE5JyNsKuWAxVswzwCHZ8JJqMYACICCAEQARoCc2Y&co=1&ase=2&gclid=EAIaIQobChMIxOScjbCrlgMVbMM8Ah2fCSajEBAYASAAEgKhcPD_BwE&cid=CAASuwHkaGEaibKl8ILiSSCet62nh6pb0Parwp6VoB80KR_n0kR7clm1-YMYDAoS2f19KFIP07F8dfN2qExlvooYQoZ6yxAETapxYVua1KfX0z-99-ciZjNMxnGD8TqCEPi39kHKVwHGZsF9PlIvtqGDDp45pv8RJhYP6CeWznQPSj0S-bbNPdiMhEVx6n0bBcIjDHlUF5Bp1u7MD0BCbNwGFB4z9j2EGCpPD5jqvrvr-3fanSNQlHnwRDplyv4b&cce=2&category=acrcp_v1_32&sig=AOD64_2xXX99rO8h_gnXulathyeWr5lFWw&adurl&q&ctype=99&nis=6, 0488 823 167,Wetherill Park NSW Australia,Business Owner / Managing Director,92,High,pending,,,Plumbing & Trades,High,Personalized,,,,,,,,,,
contact@primaplumbing.com.au,,,Primaplumbing,/aclk?sa=L&ai=DChsSEwjE5JyNsKuWAxVswzwCHZ8JJqMYACICCAEQARoCc2Y&co=1&ase=2&gclid=EAIaIQobChMIxOScjbCrlgMVbMM8Ah2fCSajEBAYASAAEgKhcPD_BwE&cid=CAASuwHkaGEaibKl8ILiSSCet62nh6pb0Parwp6VoB80KR_n0kR7clm1-YMYDAoS2f19KFIP07F8dfN2qExlvooYQoZ6yxAETapxYVua1KfX0z-99-ciZjNMxnGD8TqCEPi39kHKVwHGZsF9PlIvtqGDDp45pv8RJhYP6CeWznQPSj0S-bbNPdiMhEVx6n0bBcIjDHlUF5Bp1u7MD0BCbNwGFB4z9j2EGCpPD5jqvrvr-3fanSNQlHnwRDplyv4b&cce=2&category=acrcp_v1_32&sig=AOD64_2xXX99rO8h_gnXulathyeWr5lFWw&adurl&q&ctype=99&nis=6, (02) 9011 2169,", Unit 27/1017 Canley Vale Rd, Wetherill Park NSW 2164",Business Owner / Managing Director,92,High,pending,,,Plumbing & Trades,High,Personalized,,,,,,,,,,
contact@wetherillparkplumbinganddrains.com.au,,,Wetherillparkplumbinganddrains,/aclk?sa=L&ai=DChsSEwjE5JyNsKuWAxVswzwCHZ8JJqMYACICCAEQARoCc2Y&co=1&ase=2&gclid=EAIaIQobChMIxOScjbCrlgMVbMM8Ah2fCSajEBAYASAAEgKhcPD_BwE&cid=CAASuwHkaGEaibKl8ILiSSCet62nh6pb0Parwp6VoB80KR_n0kR7clm1-YMYDAoS2f19KFIP07F8dfN2qExlvooYQoZ6yxAETapxYVua1KfX0z-99-ciZjNMxnGD8TqCEPi39kHKVwHGZsF9PlIvtqGDDp45pv8RJhYP6CeWznQPSj0S-bbNPdiMhEVx6n0bBcIjDHlUF5Bp1u7MD0BCbNwGFB4z9j2EGCpPD5jqvrvr-3fanSNQlHnwRDplyv4b&cce=2&category=acrcp_v1_32&sig=AOD64_2xXX99rO8h_gnXulathyeWr5lFWw&adurl&q&ctype=99&nis=6, 0480 006 986,", 77 Newton Rd, Wetherill Park NSW 2164",Business Owner / Managing Director,92,High,pending,,,Plumbing & Trades,High,Personalized,,,,,,,,,,
contact@jordosplumbingwetherillpark.com.au,,,Jordosplumbingwetherillpark,/aclk?sa=L&ai=DChsSEwjE5JyNsKuWAxVswzwCHZ8JJqMYACICCAEQARoCc2Y&co=1&ase=2&gclid=EAIaIQobChMIxOScjbCrlgMVbMM8Ah2fCSajEBAYASAAEgKhcPD_BwE&cid=CAASuwHkaGEaibKl8ILiSSCet62nh6pb0Parwp6VoB80KR_n0kR7clm1-YMYDAoS2f19KFIP07F8dfN2qExlvooYQoZ6yxAETapxYVua1KfX0z-99-ciZjNMxnGD8TqCEPi39kHKVwHGZsF9PlIvtqGDDp45pv8RJhYP6CeWznQPSj0S-bbNPdiMhEVx6n0bBcIjDHlUF5Bp1u7MD0BCbNwGFB4z9j2EGCpPD5jqvrvr-3fanSNQlHnwRDplyv4b&cce=2&category=acrcp_v1_32&sig=AOD64_2xXX99rO8h_gnXulathyeWr5lFWw&adurl&q&ctype=99&nis=6, 0403 945 676,Wetherill Park NSW Australia,Business Owner / Managing Director,92,High,pending,,,Plumbing & Trades,High,Personalized,,,,,,,,,,
contact@nardiplumbing.com.au,,,Nardiplumbing,/aclk?sa=L&ai=DChsSEwjE5JyNsKuWAxVswzwCHZ8JJqMYACICCAEQARoCc2Y&co=1&ase=2&gclid=EAIaIQobChMIxOScjbCrlgMVbMM8Ah2fCSajEBAYASAAEgKhcPD_BwE&cid=CAASuwHkaGEaibKl8ILiSSCet62nh6pb0Parwp6VoB80KR_n0kR7clm1-YMYDAoS2f19KFIP07F8dfN2qExlvooYQoZ6yxAETapxYVua1KfX0z-99-ciZjNMxnGD8TqCEPi39kHKVwHGZsF9PlIvtqGDDp45pv8RJhYP6CeWznQPSj0S-bbNPdiMhEVx6n0bBcIjDHlUF5Bp1u7MD0BCbNwGFB4z9j2EGCpPD5jqvrvr-3fanSNQlHnwRDplyv4b&cce=2&category=acrcp_v1_32&sig=AOD64_2xXX99rO8h_gnXulathyeWr5lFWw&adurl&q&ctype=99&nis=6, (02) 9138 0966,", Unit 6/33 Elizabeth St, Wetherill Park NSW 2164",Business Owner / Managing Director,92,High,pending,,,Plumbing & Trades,High,Personalized,,,,,,,,,,
contact@ghpplumbingcivilptyltd.com.au,,,Ghpplumbingcivilptyltd,/aclk?sa=L&ai=DChsSEwjE5JyNsKuWAxVswzwCHZ8JJqMYACICCAEQARoCc2Y&co=1&ase=2&gclid=EAIaIQobChMIxOScjbCrlgMVbMM8Ah2fCSajEBAYASAAEgKhcPD_BwE&cid=CAASuwHkaGEaibKl8ILiSSCet62nh6pb0Parwp6VoB80KR_n0kR7clm1-YMYDAoS2f19KFIP07F8dfN2qExlvooYQoZ6yxAETapxYVua1KfX0z-99-ciZjNMxnGD8TqCEPi39kHKVwHGZsF9PlIvtqGDDp45pv8RJhYP6CeWznQPSj0S-bbNPdiMhEVx6n0bBcIjDHlUF5Bp1u7MD0BCbNwGFB4z9j2EGCpPD5jqvrvr-3fanSNQlHnwRDplyv4b&cce=2&category=acrcp_v1_32&sig=AOD64_2xXX99rO8h_gnXulathyeWr5lFWw&adurl&q&ctype=99&nis=6, (02) 9756 1623,", 9 Hargraves Pl, Wetherill Park NSW 2164",Business Owner / Managing Director,92,High,pending,,,Plumbing & Trades,High,Personalized,,,,,,,,,,
info@smithfieldplumbingservices.com.au,,,Smithfieldplumbingservices,https://smithfieldplumbingservices.com.au/, (02) 9140 0152,Smithfield NSW Australia,Business Owner / Managing Director,92,High,pending,,,Plumbing & Trades,High,Personalized,,,,,,,,,,
contact@cabraplumbingservices.com.au,,,Cabraplumbingservices,/aclk?sa=L&ai=DChsSEwjyhb6dsKuWAxU-mGYCHRiuHVwYACICCAEQABoCc20&co=1&ase=2&gclid=EAIaIQobChMI8oW-nbCrlgMVPphmAh0Yrh1cEBAYASAAEgIsZ_D_BwE&cid=CAASuwHkaA-zkw-6XPLf5qnafLNWhv0G4JclfUwPpWSANOAjaRx6M3hRjkOk94FpzmZmFryUpEXcdJmBLJN4LfzDAevthlpif6dlYoSurSTnisxYkzgAdgGbr2HuTicV5HS4YMb6pvikqo0WnYgKVau9t005-hK3XpFsa56-4E3Hfpxk7_CpF-Tua-T3veK75AR8a6b3NR3t_aje4RRULn5hEaTNgLOqKjtjrnhfIVG9PxFhR6hkno56s__OSLId&cce=2&category=acrcp_v1_32&sig=AOD64_2ipa34k9ITtoFcRKeUjUfJDmcRFQ&adurl&q&ctype=99&nis=6, 0421 018 156,Cabramatta NSW Australia,Business Owner / Managing Director,92,High,pending,,,Plumbing & Trades,High,Personalized,,,,,,,,,,
contact@servicetodayplumbercabramatta.com.au,,,Servicetodayplumbercabramatta,/aclk?sa=L&ai=DChsSEwjyhb6dsKuWAxU-mGYCHRiuHVwYACICCAEQABoCc20&co=1&ase=2&gclid=EAIaIQobChMI8oW-nbCrlgMVPphmAh0Yrh1cEBAYASAAEgIsZ_D_BwE&cid=CAASuwHkaA-zkw-6XPLf5qnafLNWhv0G4JclfUwPpWSANOAjaRx6M3hRjkOk94FpzmZmFryUpEXcdJmBLJN4LfzDAevthlpif6dlYoSurSTnisxYkzgAdgGbr2HuTicV5HS4YMb6pvikqo0WnYgKVau9t005-hK3XpFsa56-4E3Hfpxk7_CpF-Tua-T3veK75AR8a6b3NR3t_aje4RRULn5hEaTNgLOqKjtjrnhfIVG9PxFhR6hkno56s__OSLId&cce=2&category=acrcp_v1_32&sig=AOD64_2ipa34k9ITtoFcRKeUjUfJDmcRFQ&adurl&q&ctype=99&nis=6, 0488 823 150,Cabramatta NSW Australia,Business Owner / Managing Director,92,High,pending,,,Plumbing & Trades,High,Personalized,,,,,,,,,,
contact@kevinplumbingservices.com.au,,,Kevinplumbingservices,/aclk?sa=L&ai=DChsSEwjyhb6dsKuWAxU-mGYCHRiuHVwYACICCAEQABoCc20&co=1&ase=2&gclid=EAIaIQobChMI8oW-nbCrlgMVPphmAh0Yrh1cEBAYASAAEgIsZ_D_BwE&cid=CAASuwHkaA-zkw-6XPLf5qnafLNWhv0G4JclfUwPpWSANOAjaRx6M3hRjkOk94FpzmZmFryUpEXcdJmBLJN4LfzDAevthlpif6dlYoSurSTnisxYkzgAdgGbr2HuTicV5HS4YMb6pvikqo0WnYgKVau9t005-hK3XpFsa56-4E3Hfpxk7_CpF-Tua-T3veK75AR8a6b3NR3t_aje4RRULn5hEaTNgLOqKjtjrnhfIVG9PxFhR6hkno56s__OSLId&cce=2&category=acrcp_v1_32&sig=AOD64_2ipa34k9ITtoFcRKeUjUfJDmcRFQ&adurl&q&ctype=99&nis=6, 0423 322 186,Cabramatta NSW Australia,Business Owner / Managing Director,92,High,pending,,,Plumbing & Trades,High,Personalized,,,,,,,,,,
contact@hydrologicplumbing.com.au,,,Hydrologicplumbing,/aclk?sa=L&ai=DChsSEwjyhb6dsKuWAxU-mGYCHRiuHVwYACICCAEQABoCc20&co=1&ase=2&gclid=EAIaIQobChMI8oW-nbCrlgMVPphmAh0Yrh1cEBAYASAAEgIsZ_D_BwE&cid=CAASuwHkaA-zkw-6XPLf5qnafLNWhv0G4JclfUwPpWSANOAjaRx6M3hRjkOk94FpzmZmFryUpEXcdJmBLJN4LfzDAevthlpif6dlYoSurSTnisxYkzgAdgGbr2HuTicV5HS4YMb6pvikqo0WnYgKVau9t005-hK3XpFsa56-4E3Hfpxk7_CpF-Tua-T3veK75AR8a6b3NR3t_aje4RRULn5hEaTNgLOqKjtjrnhfIVG9PxFhR6hkno56s__OSLId&cce=2&category=acrcp_v1_32&sig=AOD64_2ipa34k9ITtoFcRKeUjUfJDmcRFQ&adurl&q&ctype=99&nis=6, 0410 327 059,Cabramatta NSW Australia,Business Owner / Managing Director,92,High,pending,,,Plumbing & Trades,High,Personalized,,,,,,,,,,
contact@hydracorp.com.au,,,Hydracorp,/aclk?sa=L&ai=DChsSEwjyhb6dsKuWAxU-mGYCHRiuHVwYACICCAEQABoCc20&co=1&ase=2&gclid=EAIaIQobChMI8oW-nbCrlgMVPphmAh0Yrh1cEBAYASAAEgIsZ_D_BwE&cid=CAASuwHkaA-zkw-6XPLf5qnafLNWhv0G4JclfUwPpWSANOAjaRx6M3hRjkOk94FpzmZmFryUpEXcdJmBLJN4LfzDAevthlpif6dlYoSurSTnisxYkzgAdgGbr2HuTicV5HS4YMb6pvikqo0WnYgKVau9t005-hK3XpFsa56-4E3Hfpxk7_CpF-Tua-T3veK75AR8a6b3NR3t_aje4RRULn5hEaTNgLOqKjtjrnhfIVG9PxFhR6hkno56s__OSLId&cce=2&category=acrcp_v1_32&sig=AOD64_2ipa34k9ITtoFcRKeUjUfJDmcRFQ&adurl&q&ctype=99&nis=6, 0476 990 769,Cabramatta NSW Australia,Business Owner / Managing Director,92,High,pending,,,Plumbing & Trades,High,Personalized,,,,,,,,,,
contact@alldirectplumbing.com.au,,,Alldirectplumbing,/aclk?sa=L&ai=DChsSEwjyhb6dsKuWAxU-mGYCHRiuHVwYACICCAEQABoCc20&co=1&ase=2&gclid=EAIaIQobChMI8oW-nbCrlgMVPphmAh0Yrh1cEBAYASAAEgIsZ_D_BwE&cid=CAASuwHkaA-zkw-6XPLf5qnafLNWhv0G4JclfUwPpWSANOAjaRx6M3hRjkOk94FpzmZmFryUpEXcdJmBLJN4LfzDAevthlpif6dlYoSurSTnisxYkzgAdgGbr2HuTicV5HS4YMb6pvikqo0WnYgKVau9t005-hK3XpFsa56-4E3Hfpxk7_CpF-Tua-T3veK75AR8a6b3NR3t_aje4RRULn5hEaTNgLOqKjtjrnhfIVG9PxFhR6hkno56s__OSLId&cce=2&category=acrcp_v1_32&sig=AOD64_2ipa34k9ITtoFcRKeUjUfJDmcRFQ&adurl&q&ctype=99&nis=6, 1300 067 422,Cabramatta NSW Australia,Business Owner / Managing Director,92,High,pending,,,Plumbing & Trades,High,Personalized,,,,,,,,,,
contact@ttechplumbingptyltd.com.au,,,Ttechplumbingptyltd,/aclk?sa=L&ai=DChsSEwjT_8CisKuWAxXHwzwCHQJEO3MYACICCAEQABoCc2Y&co=1&ase=2&gclid=EAIaIQobChMI0__AorCrlgMVx8M8Ah0CRDtzEBAYASAAEgKqSfD_BwE&cid=CAASuwHkaOcjvF0wq8D2vdvKwRFJVi5xuJJ_NLWIQG9dgT9nh4At1IuGrqxqyuESwKqy3W6-6pjKw9kCq-KFWjHg0Wu-5PWpZaBxRil8MPFAG4pw7WycIaLpZaVXc_8SILOdAkC5i12xqT_VHCa1LqcruQ4tYbbC5VW-0nn2tFewZn6DsoRQUj0f0WtJs543gv0kfaT9f16Cj1-gtp32aKQA-nwS-v9NNC8XkQsl-vkau47Nd8pQdIesNJULk375&cce=2&category=acrcp_v1_32&sig=AOD64_0wUnJu_VO3Ruk4izI8xueL5uxSbQ&adurl&q&ctype=99&nis=6,,Canley Vale NSW Australia,Business Owner / Managing Director,92,High,pending,,,Plumbing & Trades,High,Personalized,,,,,,,,,,
contact@rhinoplumbingdrainagecanleyvale.com.au,,,Rhinoplumbingdrainagecanleyvale,/aclk?sa=L&ai=DChsSEwjT_8CisKuWAxXHwzwCHQJEO3MYACICCAEQABoCc2Y&co=1&ase=2&gclid=EAIaIQobChMI0__AorCrlgMVx8M8Ah0CRDtzEBAYASAAEgKqSfD_BwE&cid=CAASuwHkaOcjvF0wq8D2vdvKwRFJVi5xuJJ_NLWIQG9dgT9nh4At1IuGrqxqyuESwKqy3W6-6pjKw9kCq-KFWjHg0Wu-5PWpZaBxRil8MPFAG4pw7WycIaLpZaVXc_8SILOdAkC5i12xqT_VHCa1LqcruQ4tYbbC5VW-0nn2tFewZn6DsoRQUj0f0WtJs543gv0kfaT9f16Cj1-gtp32aKQA-nwS-v9NNC8XkQsl-vkau47Nd8pQdIesNJULk375&cce=2&category=acrcp_v1_32&sig=AOD64_0wUnJu_VO3Ruk4izI8xueL5uxSbQ&adurl&q&ctype=99&nis=6,,Canley Vale NSW Australia,Business Owner / Managing Director,92,High,pending,,,Plumbing & Trades,High,Personalized,,,,,,,,,,
contact@servicetodayplumberliverpool.com.au,,,Servicetodayplumberliverpool,/aclk?sa=L&ai=DChsSEwiO1rSlsKuWAxUMOIMDHeMZARwYACICCAEQARoCc2Y&co=1&ase=2&gclid=EAIaIQobChMIjta0pbCrlgMVDDiDAx3jGQEcEBAYASAAEgLDJPD_BwE&cid=CAASuwHkaKADqlqocgj2f78SV934HlAMTwNSOyGm7uvpSQ6jbKvd1TwRyO3VRMPf2p7PjCcEqGDd0ltFDfSXsCiqNdyssOEn87Fvc_-Rqtd2eVxC4niqdfRhztI2AV0M9Gr9LhyAjUlg__pITfkjNiHawQ-4Z5cdOgib_lfJtrqPEQjxY06ZZUWjEGUgvsPxkZiFCAKF1MzpuyjefxmiU_TOzLEKbOFqSgGGKeaohyI6dh1WQFRwYoIE64PAYPFk&cce=2&category=acrcp_v1_32&sig=AOD64_2rXirs5m0orJOb0Y773904nnuCvw&adurl&q&ctype=99&nis=6, 0420 102 267,Liverpool NSW Australia,Business Owner / Managing Director,92,High,pending,,,Plumbing & Trades,High,Personalized,,,,,,,,,,
contact@truthplumbing.com.au,,,Truthplumbing,/aclk?sa=L&ai=DChsSEwiO1rSlsKuWAxUMOIMDHeMZARwYACICCAEQARoCc2Y&co=1&ase=2&gclid=EAIaIQobChMIjta0pbCrlgMVDDiDAx3jGQEcEBAYASAAEgLDJPD_BwE&cid=CAASuwHkaKADqlqocgj2f78SV934HlAMTwNSOyGm7uvpSQ6jbKvd1TwRyO3VRMPf2p7PjCcEqGDd0ltFDfSXsCiqNdyssOEn87Fvc_-Rqtd2eVxC4niqdfRhztI2AV0M9Gr9LhyAjUlg__pITfkjNiHawQ-4Z5cdOgib_lfJtrqPEQjxY06ZZUWjEGUgvsPxkZiFCAKF1MzpuyjefxmiU_TOzLEKbOFqSgGGKeaohyI6dh1WQFRwYoIE64PAYPFk&cce=2&category=acrcp_v1_32&sig=AOD64_2rXirs5m0orJOb0Y773904nnuCvw&adurl&q&ctype=99&nis=6, 0413 822 491,Liverpool NSW Australia,Business Owner / Managing Director,92,High,pending,,,Plumbing & Trades,High,Personalized,,,,,,,,,,
contact@sydneyoncallplumbing.com.au,,,Sydneyoncallplumbing,/aclk?sa=L&ai=DChsSEwiO1rSlsKuWAxUMOIMDHeMZARwYACICCAEQARoCc2Y&co=1&ase=2&gclid=EAIaIQobChMIjta0pbCrlgMVDDiDAx3jGQEcEBAYASAAEgLDJPD_BwE&cid=CAASuwHkaKADqlqocgj2f78SV934HlAMTwNSOyGm7uvpSQ6jbKvd1TwRyO3VRMPf2p7PjCcEqGDd0ltFDfSXsCiqNdyssOEn87Fvc_-Rqtd2eVxC4niqdfRhztI2AV0M9Gr9LhyAjUlg__pITfkjNiHawQ-4Z5cdOgib_lfJtrqPEQjxY06ZZUWjEGUgvsPxkZiFCAKF1MzpuyjefxmiU_TOzLEKbOFqSgGGKeaohyI6dh1WQFRwYoIE64PAYPFk&cce=2&category=acrcp_v1_32&sig=AOD64_2rXirs5m0orJOb0Y773904nnuCvw&adurl&q&ctype=99&nis=6,,Liverpool NSW Australia,Business Owner / Managing Director,92,High,pending,,,Plumbing & Trades,High,Personalized,,,,,,,,,,
contact@am2pmplumbing.com.au,,,Am2pmplumbing,/aclk?sa=L&ai=DChsSEwiO1rSlsKuWAxUMOIMDHeMZARwYACICCAEQARoCc2Y&co=1&ase=2&gclid=EAIaIQobChMIjta0pbCrlgMVDDiDAx3jGQEcEBAYASAAEgLDJPD_BwE&cid=CAASuwHkaKADqlqocgj2f78SV934HlAMTwNSOyGm7uvpSQ6jbKvd1TwRyO3VRMPf2p7PjCcEqGDd0ltFDfSXsCiqNdyssOEn87Fvc_-Rqtd2eVxC4niqdfRhztI2AV0M9Gr9LhyAjUlg__pITfkjNiHawQ-4Z5cdOgib_lfJtrqPEQjxY06ZZUWjEGUgvsPxkZiFCAKF1MzpuyjefxmiU_TOzLEKbOFqSgGGKeaohyI6dh1WQFRwYoIE64PAYPFk&cce=2&category=acrcp_v1_32&sig=AOD64_2rXirs5m0orJOb0Y773904nnuCvw&adurl&q&ctype=99&nis=6, 0450 608 525,", 1 Ingham Dr, Casula NSW 2170",Business Owner / Managing Director,92,High,pending,,,Plumbing & Trades,High,Personalized,,,,,,,,,,
contact@ecoflushplumbingservices.com.au,,,Ecoflushplumbingservices,/aclk?sa=L&ai=DChsSEwjnvrSpsKuWAxVWhmYCHZN3PQgYACICCAEQABoCc20&co=1&ase=2&gclid=EAIaIQobChMI5760qbCrlgMVVoZmAh2Tdz0IEBAYASAAEgID4fD_BwE&cid=CAASuwHkaNq2ruqYduNZJ39VOUh7UIUPQwO8nHg0k01Mj15LcZn7ud7WgfCAjLBhyyvYUxBInAzT1_Q21K47gCSHIYHfYy9y2JrFsbcMWbZ4Q6Bg-hL5p-vn8wnH4dMGru_nLQxz9XyM2VK2dvsBQnpJVXeaCJddKgONlai_-tR0JIPlefsuNI4WlsKMLBftcyDLD45l_wdMKSP5bOiPF-yGbF_wunmv45THL6m_leBGTd7-1Z-8HG0rTfjpdI76&cce=2&category=acrcp_v1_32&sig=AOD64_01tQhhJwvVw4wHPRCPrCIU3d-T0A&adurl&q&ctype=99&nis=6, 0416 057 106,", Casula NSW 2170",Business Owner / Managing Director,92,High,pending,,,Plumbing & Trades,High,Personalized,,,,,,,,,,
contact@servicetodayplumbercasula.com.au,,,Servicetodayplumbercasula,/aclk?sa=L&ai=DChsSEwjnvrSpsKuWAxVWhmYCHZN3PQgYACICCAEQABoCc20&co=1&ase=2&gclid=EAIaIQobChMI5760qbCrlgMVVoZmAh2Tdz0IEBAYASAAEgID4fD_BwE&cid=CAASuwHkaNq2ruqYduNZJ39VOUh7UIUPQwO8nHg0k01Mj15LcZn7ud7WgfCAjLBhyyvYUxBInAzT1_Q21K47gCSHIYHfYy9y2JrFsbcMWbZ4Q6Bg-hL5p-vn8wnH4dMGru_nLQxz9XyM2VK2dvsBQnpJVXeaCJddKgONlai_-tR0JIPlefsuNI4WlsKMLBftcyDLD45l_wdMKSP5bOiPF-yGbF_wunmv45THL6m_leBGTd7-1Z-8HG0rTfjpdI76&cce=2&category=acrcp_v1_32&sig=AOD64_01tQhhJwvVw4wHPRCPrCIU3d-T0A&adurl&q&ctype=99&nis=6, 0488 823 206,Casula NSW Australia,Business Owner / Managing Director,92,High,pending,,,Plumbing & Trades,High,Personalized,,,,,,,,,,
contact@start2finishplumbing.com.au,,,Start2finishplumbing,/aclk?sa=L&ai=DChsSEwjnvrSpsKuWAxVWhmYCHZN3PQgYACICCAEQABoCc20&co=1&ase=2&gclid=EAIaIQobChMI5760qbCrlgMVVoZmAh2Tdz0IEBAYASAAEgID4fD_BwE&cid=CAASuwHkaNq2ruqYduNZJ39VOUh7UIUPQwO8nHg0k01Mj15LcZn7ud7WgfCAjLBhyyvYUxBInAzT1_Q21K47gCSHIYHfYy9y2JrFsbcMWbZ4Q6Bg-hL5p-vn8wnH4dMGru_nLQxz9XyM2VK2dvsBQnpJVXeaCJddKgONlai_-tR0JIPlefsuNI4WlsKMLBftcyDLD45l_wdMKSP5bOiPF-yGbF_wunmv45THL6m_leBGTd7-1Z-8HG0rTfjpdI76&cce=2&category=acrcp_v1_32&sig=AOD64_01tQhhJwvVw4wHPRCPrCIU3d-T0A&adurl&q&ctype=99&nis=6, 0438 331 929,Casula NSW Australia,Business Owner / Managing Director,92,High,pending,,,Plumbing & Trades,High,Personalized,,,,,,,,,,
contact@lastminuteplumbingsolution.com.au,,,Lastminuteplumbingsolution,/aclk?sa=L&ai=DChsSEwjnvrSpsKuWAxVWhmYCHZN3PQgYACICCAEQABoCc20&co=1&ase=2&gclid=EAIaIQobChMI5760qbCrlgMVVoZmAh2Tdz0IEBAYASAAEgID4fD_BwE&cid=CAASuwHkaNq2ruqYduNZJ39VOUh7UIUPQwO8nHg0k01Mj15LcZn7ud7WgfCAjLBhyyvYUxBInAzT1_Q21K47gCSHIYHfYy9y2JrFsbcMWbZ4Q6Bg-hL5p-vn8wnH4dMGru_nLQxz9XyM2VK2dvsBQnpJVXeaCJddKgONlai_-tR0JIPlefsuNI4WlsKMLBftcyDLD45l_wdMKSP5bOiPF-yGbF_wunmv45THL6m_leBGTd7-1Z-8HG0rTfjpdI76&cce=2&category=acrcp_v1_32&sig=AOD64_01tQhhJwvVw4wHPRCPrCIU3d-T0A&adurl&q&ctype=99&nis=6, 0405 757 280,Casula NSW Australia,Business Owner / Managing Director,92,High,pending,,,Plumbing & Trades,High,Personalized,,,,,,,,,,
contact@plumbingworxenterpriseptyltd.com.au,,,Plumbingworxenterpriseptyltd,/aclk?sa=L&ai=DChsSEwjnvrSpsKuWAxVWhmYCHZN3PQgYACICCAEQABoCc20&co=1&ase=2&gclid=EAIaIQobChMI5760qbCrlgMVVoZmAh2Tdz0IEBAYASAAEgID4fD_BwE&cid=CAASuwHkaNq2ruqYduNZJ39VOUh7UIUPQwO8nHg0k01Mj15LcZn7ud7WgfCAjLBhyyvYUxBInAzT1_Q21K47gCSHIYHfYy9y2JrFsbcMWbZ4Q6Bg-hL5p-vn8wnH4dMGru_nLQxz9XyM2VK2dvsBQnpJVXeaCJddKgONlai_-tR0JIPlefsuNI4WlsKMLBftcyDLD45l_wdMKSP5bOiPF-yGbF_wunmv45THL6m_leBGTd7-1Z-8HG0rTfjpdI76&cce=2&category=acrcp_v1_32&sig=AOD64_01tQhhJwvVw4wHPRCPrCIU3d-T0A&adurl&q&ctype=99&nis=6, 0451 017 538,", 1 Furlong Ave, Casula NSW 2170",Business Owner / Managing Director,92,High,pending,,,Plumbing & Trades,High,Personalized,,,,,,,,,,
contact@nwpplumbing.com.au,,,Nwpplumbing,/aclk?sa=L&ai=DChsSEwiOr_StsKuWAxUsk2YCHeNZNX0YACICCAEQABoCc20&co=1&ase=2&gclid=EAIaIQobChMIjq_0rbCrlgMVLJNmAh3jWTV9EBAYASAAEgK1HvD_BwE&cid=CAASuwHkaFyqlpUjpRr60TKKW_dfoWMN2_XWQpi1aiRnLsTXTlzWrWQH-49Hsv1rYmXseCfU7kJmD1hWnYa49X2GsgGypo3Y9AU82DOnJTb28mGyZFrPySz2m9IyWi8RR-5D-DSCGbY3S_LY2A0bMPsux5QnS0tZ_NwB9rGrqIGyDosz5VBITBTjv6hVUnuozL1D0U5jDesZpzXFtqk08oJ1lBgDu3LdTRsDSxKPTVPd_g2Zx6iLlQ1lct943h_R&cce=2&category=acrcp_v1_32&sig=AOD64_3hoHiMS06Jzvg2xUF6qcPuki90tw&adurl&q&ctype=99&nis=6, 0477 160 911,Moorebank NSW Australia,Business Owner / Managing Director,92,High,pending,,,Plumbing & Trades,High,Personalized,,,,,,,,,,
contact@gps24hourplumbinggroup.com.au,,,Gps24hourplumbinggroup,/aclk?sa=L&ai=DChsSEwiOr_StsKuWAxUsk2YCHeNZNX0YACICCAEQABoCc20&co=1&ase=2&gclid=EAIaIQobChMIjq_0rbCrlgMVLJNmAh3jWTV9EBAYASAAEgK1HvD_BwE&cid=CAASuwHkaFyqlpUjpRr60TKKW_dfoWMN2_XWQpi1aiRnLsTXTlzWrWQH-49Hsv1rYmXseCfU7kJmD1hWnYa49X2GsgGypo3Y9AU82DOnJTb28mGyZFrPySz2m9IyWi8RR-5D-DSCGbY3S_LY2A0bMPsux5QnS0tZ_NwB9rGrqIGyDosz5VBITBTjv6hVUnuozL1D0U5jDesZpzXFtqk08oJ1lBgDu3LdTRsDSxKPTVPd_g2Zx6iLlQ1lct943h_R&cce=2&category=acrcp_v1_32&sig=AOD64_3hoHiMS06Jzvg2xUF6qcPuki90tw&adurl&q&ctype=99&nis=6, 0411 545 495,Moorebank NSW Australia,Business Owner / Managing Director,92,High,pending,,,Plumbing & Trades,High,Personalized,,,,,,,,,,
contact@dcgplumbingsolutionsptyltd.com.au,,,Dcgplumbingsolutionsptyltd,/aclk?sa=L&ai=DChsSEwiOr_StsKuWAxUsk2YCHeNZNX0YACICCAEQABoCc20&co=1&ase=2&gclid=EAIaIQobChMIjq_0rbCrlgMVLJNmAh3jWTV9EBAYASAAEgK1HvD_BwE&cid=CAASuwHkaFyqlpUjpRr60TKKW_dfoWMN2_XWQpi1aiRnLsTXTlzWrWQH-49Hsv1rYmXseCfU7kJmD1hWnYa49X2GsgGypo3Y9AU82DOnJTb28mGyZFrPySz2m9IyWi8RR-5D-DSCGbY3S_LY2A0bMPsux5QnS0tZ_NwB9rGrqIGyDosz5VBITBTjv6hVUnuozL1D0U5jDesZpzXFtqk08oJ1lBgDu3LdTRsDSxKPTVPd_g2Zx6iLlQ1lct943h_R&cce=2&category=acrcp_v1_32&sig=AOD64_3hoHiMS06Jzvg2xUF6qcPuki90tw&adurl&q&ctype=99&nis=6, 0426 587 605,", Newbridge Rd, Moorebank NSW 2170",Business Owner / Managing Director,92,High,pending,,,Plumbing & Trades,High,Personalized,,,,,,,,,,
contact@theworkingplumbers.com.au,,,Theworkingplumbers,/aclk?sa=L&ai=DChsSEwiOr_StsKuWAxUsk2YCHeNZNX0YACICCAEQABoCc20&co=1&ase=2&gclid=EAIaIQobChMIjq_0rbCrlgMVLJNmAh3jWTV9EBAYASAAEgK1HvD_BwE&cid=CAASuwHkaFyqlpUjpRr60TKKW_dfoWMN2_XWQpi1aiRnLsTXTlzWrWQH-49Hsv1rYmXseCfU7kJmD1hWnYa49X2GsgGypo3Y9AU82DOnJTb28mGyZFrPySz2m9IyWi8RR-5D-DSCGbY3S_LY2A0bMPsux5QnS0tZ_NwB9rGrqIGyDosz5VBITBTjv6hVUnuozL1D0U5jDesZpzXFtqk08oJ1lBgDu3LdTRsDSxKPTVPd_g2Zx6iLlQ1lct943h_R&cce=2&category=acrcp_v1_32&sig=AOD64_3hoHiMS06Jzvg2xUF6qcPuki90tw&adurl&q&ctype=99&nis=6, 0435 832 629,Moorebank NSW Australia,Business Owner / Managing Director,92,High,pending,,,Plumbing & Trades,High,Personalized,,,,,,,,,,
contact@adriaplumbingmoorebankplumbinggasfittingservices.com.au,,,Adriaplumbingmoorebankplumbinggasfittingservices,/aclk?sa=L&ai=DChsSEwiOr_StsKuWAxUsk2YCHeNZNX0YACICCAEQABoCc20&co=1&ase=2&gclid=EAIaIQobChMIjq_0rbCrlgMVLJNmAh3jWTV9EBAYASAAEgK1HvD_BwE&cid=CAASuwHkaFyqlpUjpRr60TKKW_dfoWMN2_XWQpi1aiRnLsTXTlzWrWQH-49Hsv1rYmXseCfU7kJmD1hWnYa49X2GsgGypo3Y9AU82DOnJTb28mGyZFrPySz2m9IyWi8RR-5D-DSCGbY3S_LY2A0bMPsux5QnS0tZ_NwB9rGrqIGyDosz5VBITBTjv6hVUnuozL1D0U5jDesZpzXFtqk08oJ1lBgDu3LdTRsDSxKPTVPd_g2Zx6iLlQ1lct943h_R&cce=2&category=acrcp_v1_32&sig=AOD64_3hoHiMS06Jzvg2xUF6qcPuki90tw&adurl&q&ctype=99&nis=6, 0403 547 504,", 22 Playford Terrace, Moorebank NSW 2170",Business Owner / Managing Director,92,High,pending,,,Plumbing & Trades,High,Personalized,,,,,,,,,,
contact@hydrafloplumbing.com.au,,,Hydrafloplumbing,/aclk?sa=L&ai=DChsSEwiOr_StsKuWAxUsk2YCHeNZNX0YACICCAEQABoCc20&co=1&ase=2&gclid=EAIaIQobChMIjq_0rbCrlgMVLJNmAh3jWTV9EBAYASAAEgK1HvD_BwE&cid=CAASuwHkaFyqlpUjpRr60TKKW_dfoWMN2_XWQpi1aiRnLsTXTlzWrWQH-49Hsv1rYmXseCfU7kJmD1hWnYa49X2GsgGypo3Y9AU82DOnJTb28mGyZFrPySz2m9IyWi8RR-5D-DSCGbY3S_LY2A0bMPsux5QnS0tZ_NwB9rGrqIGyDosz5VBITBTjv6hVUnuozL1D0U5jDesZpzXFtqk08oJ1lBgDu3LdTRsDSxKPTVPd_g2Zx6iLlQ1lct943h_R&cce=2&category=acrcp_v1_32&sig=AOD64_3hoHiMS06Jzvg2xUF6qcPuki90tw&adurl&q&ctype=99&nis=6, 0426 244 977,Moorebank NSW Australia,Business Owner / Managing Director,92,High,pending,,,Plumbing & Trades,High,Personalized,,,,,,,,,,
contact@thepatientplumber.com.au,,,Thepatientplumber,/aclk?sa=L&ai=DChsSEwiOr_StsKuWAxUsk2YCHeNZNX0YACICCAEQABoCc20&co=1&ase=2&gclid=EAIaIQobChMIjq_0rbCrlgMVLJNmAh3jWTV9EBAYASAAEgK1HvD_BwE&cid=CAASuwHkaFyqlpUjpRr60TKKW_dfoWMN2_XWQpi1aiRnLsTXTlzWrWQH-49Hsv1rYmXseCfU7kJmD1hWnYa49X2GsgGypo3Y9AU82DOnJTb28mGyZFrPySz2m9IyWi8RR-5D-DSCGbY3S_LY2A0bMPsux5QnS0tZ_NwB9rGrqIGyDosz5VBITBTjv6hVUnuozL1D0U5jDesZpzXFtqk08oJ1lBgDu3LdTRsDSxKPTVPd_g2Zx6iLlQ1lct943h_R&cce=2&category=acrcp_v1_32&sig=AOD64_3hoHiMS06Jzvg2xUF6qcPuki90tw&adurl&q&ctype=99&nis=6, 0415 255 895,Moorebank NSW Australia,Business Owner / Managing Director,92,High,pending,,,Plumbing & Trades,High,Personalized,,,,,,,,,,
contact@chippingnortonplumbingdrains.com.au,,,Chippingnortonplumbingdrains,/aclk?sa=L&ai=DChsSEwi7xdmzsKuWAxUrDnsHHdxxFJgYACICCAEQARoCdG0&co=1&ase=2&gclid=EAIaIQobChMIu8XZs7CrlgMVKw57Bx3ccRSYEBAYASAAEgKDTvD_BwE&cid=CAASuwHkaGLhM_ao0foLUHSjdAme0asb8NUb9vbWEbXbazpoK4736rwi0gR6cYRwpXkJNyqxDjyBhnPOmisVXSloOah1RU4tb9B1peApg7hmzY9JBD3yrlsOTvZtjhUZ7BLqGggMXVr0QMZcQrK3TQo4A2oWushXI6BjOoldvtbAOrdMDbD9hbQ89A4n8qvSOI0CKxphIM1l0ORDlxWiH06uA66Cwq1YPyGqbRNIlyM9hKKblH03s0Hg9SsbOpc3&cce=2&category=acrcp_v1_32&sig=AOD64_3afZUOdDasMCHWWZLv6LQ8MNqhCQ&adurl&q&ctype=99&nis=6, 1800 952 897,Chipping Norton NSW Australia,Business Owner / Managing Director,92,High,pending,,,Plumbing & Trades,High,Personalized,,,,,,,,,,
contact@yowieplumbingsolutions.com.au,,,Yowieplumbingsolutions,/aclk?sa=L&ai=DChsSEwi7xdmzsKuWAxUrDnsHHdxxFJgYACICCAEQARoCdG0&co=1&ase=2&gclid=EAIaIQobChMIu8XZs7CrlgMVKw57Bx3ccRSYEBAYASAAEgKDTvD_BwE&cid=CAASuwHkaGLhM_ao0foLUHSjdAme0asb8NUb9vbWEbXbazpoK4736rwi0gR6cYRwpXkJNyqxDjyBhnPOmisVXSloOah1RU4tb9B1peApg7hmzY9JBD3yrlsOTvZtjhUZ7BLqGggMXVr0QMZcQrK3TQo4A2oWushXI6BjOoldvtbAOrdMDbD9hbQ89A4n8qvSOI0CKxphIM1l0ORDlxWiH06uA66Cwq1YPyGqbRNIlyM9hKKblH03s0Hg9SsbOpc3&cce=2&category=acrcp_v1_32&sig=AOD64_3afZUOdDasMCHWWZLv6LQ8MNqhCQ&adurl&q&ctype=99&nis=6, 0492 877 485,", 35 Banbury Cres, Chipping Norton NSW 2170",Business Owner / Managing Director,92,High,pending,,,Plumbing & Trades,High,Personalized,,,,,,,,,,
contact@plumberwattlegrove.com.au,,,Plumberwattlegrove,/aclk?sa=L&ai=DChsSEwi7xdmzsKuWAxUrDnsHHdxxFJgYACICCAEQARoCdG0&co=1&ase=2&gclid=EAIaIQobChMIu8XZs7CrlgMVKw57Bx3ccRSYEBAYASAAEgKDTvD_BwE&cid=CAASuwHkaGLhM_ao0foLUHSjdAme0asb8NUb9vbWEbXbazpoK4736rwi0gR6cYRwpXkJNyqxDjyBhnPOmisVXSloOah1RU4tb9B1peApg7hmzY9JBD3yrlsOTvZtjhUZ7BLqGggMXVr0QMZcQrK3TQo4A2oWushXI6BjOoldvtbAOrdMDbD9hbQ89A4n8qvSOI0CKxphIM1l0ORDlxWiH06uA66Cwq1YPyGqbRNIlyM9hKKblH03s0Hg9SsbOpc3&cce=2&category=acrcp_v1_32&sig=AOD64_3afZUOdDasMCHWWZLv6LQ8MNqhCQ&adurl&q&ctype=99&nis=6, 0411 113 380,", 33 Buckingham Cres, Chipping Norton NSW 2170",Business Owner / Managing Director,92,High,pending,,,Plumbing & Trades,High,Personalized,,,,,,,,,,
contact@crystalwaterplumbing.com.au,,,Crystalwaterplumbing,/aclk?sa=L&ai=DChsSEwi7xdmzsKuWAxUrDnsHHdxxFJgYACICCAEQARoCdG0&co=1&ase=2&gclid=EAIaIQobChMIu8XZs7CrlgMVKw57Bx3ccRSYEBAYASAAEgKDTvD_BwE&cid=CAASuwHkaGLhM_ao0foLUHSjdAme0asb8NUb9vbWEbXbazpoK4736rwi0gR6cYRwpXkJNyqxDjyBhnPOmisVXSloOah1RU4tb9B1peApg7hmzY9JBD3yrlsOTvZtjhUZ7BLqGggMXVr0QMZcQrK3TQo4A2oWushXI6BjOoldvtbAOrdMDbD9hbQ89A4n8qvSOI0CKxphIM1l0ORDlxWiH06uA66Cwq1YPyGqbRNIlyM9hKKblH03s0Hg9SsbOpc3&cce=2&category=acrcp_v1_32&sig=AOD64_3afZUOdDasMCHWWZLv6LQ8MNqhCQ&adurl&q&ctype=99&nis=6, 0475 390 383,Chipping Norton NSW Australia,Business Owner / Managing Director,92,High,pending,,,Plumbing & Trades,High,Personalized,,,,,,,,,,
contact@mrlocalplumbing.com.au,,,Mrlocalplumbing,/aclk?sa=L&ai=DChsSEwi7xdmzsKuWAxUrDnsHHdxxFJgYACICCAEQARoCdG0&co=1&ase=2&gclid=EAIaIQobChMIu8XZs7CrlgMVKw57Bx3ccRSYEBAYASAAEgKDTvD_BwE&cid=CAASuwHkaGLhM_ao0foLUHSjdAme0asb8NUb9vbWEbXbazpoK4736rwi0gR6cYRwpXkJNyqxDjyBhnPOmisVXSloOah1RU4tb9B1peApg7hmzY9JBD3yrlsOTvZtjhUZ7BLqGggMXVr0QMZcQrK3TQo4A2oWushXI6BjOoldvtbAOrdMDbD9hbQ89A4n8qvSOI0CKxphIM1l0ORDlxWiH06uA66Cwq1YPyGqbRNIlyM9hKKblH03s0Hg9SsbOpc3&cce=2&category=acrcp_v1_32&sig=AOD64_3afZUOdDasMCHWWZLv6LQ8MNqhCQ&adurl&q&ctype=99&nis=6, 0451 603 348,Chipping Norton NSW Australia,Business Owner / Managing Director,92,High,pending,,,Plumbing & Trades,High,Personalized,,,,,,,,,,
contact@pulseplumbinggroup.com.au,,,Pulseplumbinggroup,/aclk?sa=L&ai=DChsSEwi7xdmzsKuWAxUrDnsHHdxxFJgYACICCAEQARoCdG0&co=1&ase=2&gclid=EAIaIQobChMIu8XZs7CrlgMVKw57Bx3ccRSYEBAYASAAEgKDTvD_BwE&cid=CAASuwHkaGLhM_ao0foLUHSjdAme0asb8NUb9vbWEbXbazpoK4736rwi0gR6cYRwpXkJNyqxDjyBhnPOmisVXSloOah1RU4tb9B1peApg7hmzY9JBD3yrlsOTvZtjhUZ7BLqGggMXVr0QMZcQrK3TQo4A2oWushXI6BjOoldvtbAOrdMDbD9hbQ89A4n8qvSOI0CKxphIM1l0ORDlxWiH06uA66Cwq1YPyGqbRNIlyM9hKKblH03s0Hg9SsbOpc3&cce=2&category=acrcp_v1_32&sig=AOD64_3afZUOdDasMCHWWZLv6LQ8MNqhCQ&adurl&q&ctype=99&nis=6, 0406 511 150,Chipping Norton NSW Australia,Business Owner / Managing Director,92,High,pending,,,Plumbing & Trades,High,Personalized,,,,,,,,,,
contact@mollyplumbingptyltd.com.au,,,Mollyplumbingptyltd,/aclk?sa=L&ai=DChsSEwia-465sKuWAxWv2UwCHSoiGOoYACICCAEQABoCdG0&co=1&ase=2&gclid=EAIaIQobChMImvuOubCrlgMVr9lMAh0qIhjqEBAYASAAEgJ0A_D_BwE&cid=CAASuwHkaAr_miMwhs7R26Di5fZmFWWMCI_nEIVNjCJipzAm0ND9VnQqNKwYqgedpahyDgQy50tJcKJRD1m32Fgm4xhkzNDpZjzp8a-paWkhkh_XZjp0qm4Dy6T1q4jK1jn1dbqRHoGnG6GbWd7sIE6xa5EYCh0qf_y_5rvpRds2QSH_qzdL5GWQhnkhpfV-B3rRbfA8b4hV3HCvP11_xCfJrUSg5uwSdZA0_82mcZ42eJbOm2vzJnpcz4R27cSg&cce=2&category=acrcp_v1_32&sig=AOD64_0GPsRmY6eKIzf2R4hGgscmiztyoA&adurl&q&ctype=99&nis=6, 0405 394 999,", 17 Acacia Ave, Prestons NSW 2170",Business Owner / Managing Director,92,High,pending,,,Plumbing & Trades,High,Personalized,,,,,,,,,,
contact@servicetodayplumberprestons.com.au,,,Servicetodayplumberprestons,/aclk?sa=L&ai=DChsSEwia-465sKuWAxWv2UwCHSoiGOoYACICCAEQABoCdG0&co=1&ase=2&gclid=EAIaIQobChMImvuOubCrlgMVr9lMAh0qIhjqEBAYASAAEgJ0A_D_BwE&cid=CAASuwHkaAr_miMwhs7R26Di5fZmFWWMCI_nEIVNjCJipzAm0ND9VnQqNKwYqgedpahyDgQy50tJcKJRD1m32Fgm4xhkzNDpZjzp8a-paWkhkh_XZjp0qm4Dy6T1q4jK1jn1dbqRHoGnG6GbWd7sIE6xa5EYCh0qf_y_5rvpRds2QSH_qzdL5GWQhnkhpfV-B3rRbfA8b4hV3HCvP11_xCfJrUSg5uwSdZA0_82mcZ42eJbOm2vzJnpcz4R27cSg&cce=2&category=acrcp_v1_32&sig=AOD64_0GPsRmY6eKIzf2R4hGgscmiztyoA&adurl&q&ctype=99&nis=6, 0488 814 197,Prestons NSW Australia,Business Owner / Managing Director,92,High,pending,,,Plumbing & Trades,High,Personalized,,,,,,,,,,
contact@xclusiveplumbingsydney.com.au,,,Xclusiveplumbingsydney,/aclk?sa=L&ai=DChsSEwia-465sKuWAxWv2UwCHSoiGOoYACICCAEQABoCdG0&co=1&ase=2&gclid=EAIaIQobChMImvuOubCrlgMVr9lMAh0qIhjqEBAYASAAEgJ0A_D_BwE&cid=CAASuwHkaAr_miMwhs7R26Di5fZmFWWMCI_nEIVNjCJipzAm0ND9VnQqNKwYqgedpahyDgQy50tJcKJRD1m32Fgm4xhkzNDpZjzp8a-paWkhkh_XZjp0qm4Dy6T1q4jK1jn1dbqRHoGnG6GbWd7sIE6xa5EYCh0qf_y_5rvpRds2QSH_qzdL5GWQhnkhpfV-B3rRbfA8b4hV3HCvP11_xCfJrUSg5uwSdZA0_82mcZ42eJbOm2vzJnpcz4R27cSg&cce=2&category=acrcp_v1_32&sig=AOD64_0GPsRmY6eKIzf2R4hGgscmiztyoA&adurl&q&ctype=99&nis=6, 0414 470 809,Prestons NSW Australia,Business Owner / Managing Director,92,High,pending,,,Plumbing & Trades,High,Personalized,,,,,,,,,,
contact@ribcoplumbingptyltd.com.au,,,Ribcoplumbingptyltd,/aclk?sa=L&ai=DChsSEwia-465sKuWAxWv2UwCHSoiGOoYACICCAEQABoCdG0&co=1&ase=2&gclid=EAIaIQobChMImvuOubCrlgMVr9lMAh0qIhjqEBAYASAAEgJ0A_D_BwE&cid=CAASuwHkaAr_miMwhs7R26Di5fZmFWWMCI_nEIVNjCJipzAm0ND9VnQqNKwYqgedpahyDgQy50tJcKJRD1m32Fgm4xhkzNDpZjzp8a-paWkhkh_XZjp0qm4Dy6T1q4jK1jn1dbqRHoGnG6GbWd7sIE6xa5EYCh0qf_y_5rvpRds2QSH_qzdL5GWQhnkhpfV-B3rRbfA8b4hV3HCvP11_xCfJrUSg5uwSdZA0_82mcZ42eJbOm2vzJnpcz4R27cSg&cce=2&category=acrcp_v1_32&sig=AOD64_0GPsRmY6eKIzf2R4hGgscmiztyoA&adurl&q&ctype=99&nis=6, 0409 464 847,Prestons NSW Australia,Business Owner / Managing Director,92,High,pending,,,Plumbing & Trades,High,Personalized,,,,,,,,,,
contact@forflushsakeplumbing.com.au,,,Forflushsakeplumbing,/aclk?sa=L&ai=DChsSEwj4oeu8sKuWAxX6iGYCHU8UL34YACICCAEQABoCc20&co=1&ase=2&gclid=EAIaIQobChMI-KHrvLCrlgMV-ohmAh1PFC9-EBAYASAAEgKW5_D_BwE&cid=CAASuwHkaP0MS6Kwc3-O7Q5Wdr2pUKQBeYV1d2ZNXQT5zYVTKJpUUmYMTzy3SNBED0RI_ZB_vMwuTslknSEoLWzqspsJ64kiE-hiyOl-3v5jfPjSdOcLLXu-TGNUq3_vv_csapBLWqhGv8U1E7AqPrH7YGEAJPpbqBEvU4PFZUCSk-eklp6VXuGoeiXjpgN6Yt0sfT8krXRhgbG8ETibCqrvoek2DMw6-fA0JvI1Di6D8FEJ_8JK9O0Mbt5IbBlq&cce=2&category=acrcp_v1_32&sig=AOD64_0vNuVj6EdjHPfz_Zwvs27dZoJ0gQ&adurl&q&ctype=99&nis=6, 0431 113 922,Hoxton Park NSW Australia,Business Owner / Managing Director,92,High,pending,,,Plumbing & Trades,High,Personalized,,,,,,,,,,
contact@servicetodayplumberhoxtonpark.com.au,,,Servicetodayplumberhoxtonpark,/aclk?sa=L&ai=DChsSEwj4oeu8sKuWAxX6iGYCHU8UL34YACICCAEQABoCc20&co=1&ase=2&gclid=EAIaIQobChMI-KHrvLCrlgMV-ohmAh1PFC9-EBAYASAAEgKW5_D_BwE&cid=CAASuwHkaP0MS6Kwc3-O7Q5Wdr2pUKQBeYV1d2ZNXQT5zYVTKJpUUmYMTzy3SNBED0RI_ZB_vMwuTslknSEoLWzqspsJ64kiE-hiyOl-3v5jfPjSdOcLLXu-TGNUq3_vv_csapBLWqhGv8U1E7AqPrH7YGEAJPpbqBEvU4PFZUCSk-eklp6VXuGoeiXjpgN6Yt0sfT8krXRhgbG8ETibCqrvoek2DMw6-fA0JvI1Di6D8FEJ_8JK9O0Mbt5IbBlq&cce=2&category=acrcp_v1_32&sig=AOD64_0vNuVj6EdjHPfz_Zwvs27dZoJ0gQ&adurl&q&ctype=99&nis=6, 0488 802 976,Hoxton Park NSW Australia,Business Owner / Managing Director,92,High,pending,,,Plumbing & Trades,High,Personalized,,,,,,,,,,
contact@mdgplumbingservicesptyltd.com.au,,,Mdgplumbingservicesptyltd,/aclk?sa=L&ai=DChsSEwj4oeu8sKuWAxX6iGYCHU8UL34YACICCAEQABoCc20&co=1&ase=2&gclid=EAIaIQobChMI-KHrvLCrlgMV-ohmAh1PFC9-EBAYASAAEgKW5_D_BwE&cid=CAASuwHkaP0MS6Kwc3-O7Q5Wdr2pUKQBeYV1d2ZNXQT5zYVTKJpUUmYMTzy3SNBED0RI_ZB_vMwuTslknSEoLWzqspsJ64kiE-hiyOl-3v5jfPjSdOcLLXu-TGNUq3_vv_csapBLWqhGv8U1E7AqPrH7YGEAJPpbqBEvU4PFZUCSk-eklp6VXuGoeiXjpgN6Yt0sfT8krXRhgbG8ETibCqrvoek2DMw6-fA0JvI1Di6D8FEJ_8JK9O0Mbt5IbBlq&cce=2&category=acrcp_v1_32&sig=AOD64_0vNuVj6EdjHPfz_Zwvs27dZoJ0gQ&adurl&q&ctype=99&nis=6, 0435 636 278,Hoxton Park NSW Australia,Business Owner / Managing Director,92,High,pending,,,Plumbing & Trades,High,Personalized,,,,,,,,,,
contact@tfrplumbing.com.au,,,Tfrplumbing,/aclk?sa=L&ai=DChsSEwj4oeu8sKuWAxX6iGYCHU8UL34YACICCAEQABoCc20&co=1&ase=2&gclid=EAIaIQobChMI-KHrvLCrlgMV-ohmAh1PFC9-EBAYASAAEgKW5_D_BwE&cid=CAASuwHkaP0MS6Kwc3-O7Q5Wdr2pUKQBeYV1d2ZNXQT5zYVTKJpUUmYMTzy3SNBED0RI_ZB_vMwuTslknSEoLWzqspsJ64kiE-hiyOl-3v5jfPjSdOcLLXu-TGNUq3_vv_csapBLWqhGv8U1E7AqPrH7YGEAJPpbqBEvU4PFZUCSk-eklp6VXuGoeiXjpgN6Yt0sfT8krXRhgbG8ETibCqrvoek2DMw6-fA0JvI1Di6D8FEJ_8JK9O0Mbt5IbBlq&cce=2&category=acrcp_v1_32&sig=AOD64_0vNuVj6EdjHPfz_Zwvs27dZoJ0gQ&adurl&q&ctype=99&nis=6, 0450 750 494,Hoxton Park NSW Australia,Business Owner / Managing Director,92,High,pending,,,Plumbing & Trades,High,Personalized,,,,,,,,,,
contact@thedripguys.com.au,,,Thedripguys,/aclk?sa=L&ai=DChsSEwj4oeu8sKuWAxX6iGYCHU8UL34YACICCAEQABoCc20&co=1&ase=2&gclid=EAIaIQobChMI-KHrvLCrlgMV-ohmAh1PFC9-EBAYASAAEgKW5_D_BwE&cid=CAASuwHkaP0MS6Kwc3-O7Q5Wdr2pUKQBeYV1d2ZNXQT5zYVTKJpUUmYMTzy3SNBED0RI_ZB_vMwuTslknSEoLWzqspsJ64kiE-hiyOl-3v5jfPjSdOcLLXu-TGNUq3_vv_csapBLWqhGv8U1E7AqPrH7YGEAJPpbqBEvU4PFZUCSk-eklp6VXuGoeiXjpgN6Yt0sfT8krXRhgbG8ETibCqrvoek2DMw6-fA0JvI1Di6D8FEJ_8JK9O0Mbt5IbBlq&cce=2&category=acrcp_v1_32&sig=AOD64_0vNuVj6EdjHPfz_Zwvs27dZoJ0gQ&adurl&q&ctype=99&nis=6, 1300 077 711,Hoxton Park NSW Australia,Business Owner / Managing Director,92,High,pending,,,Plumbing & Trades,High,Personalized,,,,,,,,,,
contact@utopiaplumbingservices.com.au,,,Utopiaplumbingservices,/aclk?sa=L&ai=DChsSEwj4oeu8sKuWAxX6iGYCHU8UL34YACICCAEQABoCc20&co=1&ase=2&gclid=EAIaIQobChMI-KHrvLCrlgMV-ohmAh1PFC9-EBAYASAAEgKW5_D_BwE&cid=CAASuwHkaP0MS6Kwc3-O7Q5Wdr2pUKQBeYV1d2ZNXQT5zYVTKJpUUmYMTzy3SNBED0RI_ZB_vMwuTslknSEoLWzqspsJ64kiE-hiyOl-3v5jfPjSdOcLLXu-TGNUq3_vv_csapBLWqhGv8U1E7AqPrH7YGEAJPpbqBEvU4PFZUCSk-eklp6VXuGoeiXjpgN6Yt0sfT8krXRhgbG8ETibCqrvoek2DMw6-fA0JvI1Di6D8FEJ_8JK9O0Mbt5IbBlq&cce=2&category=acrcp_v1_32&sig=AOD64_0vNuVj6EdjHPfz_Zwvs27dZoJ0gQ&adurl&q&ctype=99&nis=6, 0407 967 991,Hoxton Park NSW Australia,Business Owner / Managing Director,92,High,pending,,,Plumbing & Trades,High,Personalized,,,,,,,,,,
contact@lavishplumbing.com.au,,,Lavishplumbing,/aclk?sa=L&ai=DChsSEwj4oeu8sKuWAxX6iGYCHU8UL34YACICCAEQABoCc20&co=1&ase=2&gclid=EAIaIQobChMI-KHrvLCrlgMV-ohmAh1PFC9-EBAYASAAEgKW5_D_BwE&cid=CAASuwHkaP0MS6Kwc3-O7Q5Wdr2pUKQBeYV1d2ZNXQT5zYVTKJpUUmYMTzy3SNBED0RI_ZB_vMwuTslknSEoLWzqspsJ64kiE-hiyOl-3v5jfPjSdOcLLXu-TGNUq3_vv_csapBLWqhGv8U1E7AqPrH7YGEAJPpbqBEvU4PFZUCSk-eklp6VXuGoeiXjpgN6Yt0sfT8krXRhgbG8ETibCqrvoek2DMw6-fA0JvI1Di6D8FEJ_8JK9O0Mbt5IbBlq&cce=2&category=acrcp_v1_32&sig=AOD64_0vNuVj6EdjHPfz_Zwvs27dZoJ0gQ&adurl&q&ctype=99&nis=6,,Hoxton Park NSW Australia,Business Owner / Managing Director,92,High,pending,,,Plumbing & Trades,High,Personalized,,,,,,,,,,
contact@xceedplumbing.com.au,,,Xceedplumbing,/aclk?sa=L&ai=DChsSEwiSsbDCsKuWAxVtpGYCHWNkKTIYACICCAEQABoCc20&co=1&ase=2&gclid=EAIaIQobChMIkrGwwrCrlgMVbaRmAh1jZCkyEBAYASAAEgIDpfD_BwE&cid=CAASuwHkaDJYMCI4cUwccwJIM-NkDkOh0ldK94zaRRoMun_oLCs-Zi5oBUS8l7-TbRmT3D83fXksyqcKlKFi9ziuaAndQWsX1mhoZBZ2RmAxwrMkQyq7nmhWr_8w62IhGQ0vQ2Bn8iuh09UpKikYUT6Neqe95UTiLpmdzFzJ0S43vV6dDdLJbTNCDRKZIXmqHyv-3SS4U5nbCd_BOE_JBgILPzvZdoHKr5s-b9-Anjaq8e_3XBY4wtgf665EercM&cce=2&category=acrcp_v1_32&sig=AOD64_1ylaFI5hAmiS-YWB1XOxt72iiOxQ&adurl&q&ctype=99&nis=6, (02) 9072 0499,", 76 Dardanelles Rd, Edmondson Park NSW 2174",Business Owner / Managing Director,92,High,pending,,,Plumbing & Trades,High,Personalized,,,,,,,,,,
contact@edmondsonparkplumbingdrains.com.au,,,Edmondsonparkplumbingdrains,/aclk?sa=L&ai=DChsSEwiSsbDCsKuWAxVtpGYCHWNkKTIYACICCAEQABoCc20&co=1&ase=2&gclid=EAIaIQobChMIkrGwwrCrlgMVbaRmAh1jZCkyEBAYASAAEgIDpfD_BwE&cid=CAASuwHkaDJYMCI4cUwccwJIM-NkDkOh0ldK94zaRRoMun_oLCs-Zi5oBUS8l7-TbRmT3D83fXksyqcKlKFi9ziuaAndQWsX1mhoZBZ2RmAxwrMkQyq7nmhWr_8w62IhGQ0vQ2Bn8iuh09UpKikYUT6Neqe95UTiLpmdzFzJ0S43vV6dDdLJbTNCDRKZIXmqHyv-3SS4U5nbCd_BOE_JBgILPzvZdoHKr5s-b9-Anjaq8e_3XBY4wtgf665EercM&cce=2&category=acrcp_v1_32&sig=AOD64_1ylaFI5hAmiS-YWB1XOxt72iiOxQ&adurl&q&ctype=99&nis=6, 1800 842 056,Edmondson Park NSW Australia,Business Owner / Managing Director,92,High,pending,,,Plumbing & Trades,High,Personalized,,,,,,,,,,
contact@dcplumbers.com.au,,,Dcplumbers,/aclk?sa=L&ai=DChsSEwiSsbDCsKuWAxVtpGYCHWNkKTIYACICCAEQABoCc20&co=1&ase=2&gclid=EAIaIQobChMIkrGwwrCrlgMVbaRmAh1jZCkyEBAYASAAEgIDpfD_BwE&cid=CAASuwHkaDJYMCI4cUwccwJIM-NkDkOh0ldK94zaRRoMun_oLCs-Zi5oBUS8l7-TbRmT3D83fXksyqcKlKFi9ziuaAndQWsX1mhoZBZ2RmAxwrMkQyq7nmhWr_8w62IhGQ0vQ2Bn8iuh09UpKikYUT6Neqe95UTiLpmdzFzJ0S43vV6dDdLJbTNCDRKZIXmqHyv-3SS4U5nbCd_BOE_JBgILPzvZdoHKr5s-b9-Anjaq8e_3XBY4wtgf665EercM&cce=2&category=acrcp_v1_32&sig=AOD64_1ylaFI5hAmiS-YWB1XOxt72iiOxQ&adurl&q&ctype=99&nis=6, 0449 164 185,Edmondson Park NSW Australia,Business Owner / Managing Director,92,High,pending,,,Plumbing & Trades,High,Personalized,,,,,,,,,,
contact@masterclassplumbing.com.au,,,Masterclassplumbing,/aclk?sa=L&ai=DChsSEwiSsbDCsKuWAxVtpGYCHWNkKTIYACICCAEQABoCc20&co=1&ase=2&gclid=EAIaIQobChMIkrGwwrCrlgMVbaRmAh1jZCkyEBAYASAAEgIDpfD_BwE&cid=CAASuwHkaDJYMCI4cUwccwJIM-NkDkOh0ldK94zaRRoMun_oLCs-Zi5oBUS8l7-TbRmT3D83fXksyqcKlKFi9ziuaAndQWsX1mhoZBZ2RmAxwrMkQyq7nmhWr_8w62IhGQ0vQ2Bn8iuh09UpKikYUT6Neqe95UTiLpmdzFzJ0S43vV6dDdLJbTNCDRKZIXmqHyv-3SS4U5nbCd_BOE_JBgILPzvZdoHKr5s-b9-Anjaq8e_3XBY4wtgf665EercM&cce=2&category=acrcp_v1_32&sig=AOD64_1ylaFI5hAmiS-YWB1XOxt72iiOxQ&adurl&q&ctype=99&nis=6, 0490 339 033,Edmondson Park NSW Australia,Business Owner / Managing Director,92,High,pending,,,Plumbing & Trades,High,Personalized,,,,,,,,,,
contact@tjsplumbingdrainageptyltd.com.au,,,Tjsplumbingdrainageptyltd,/aclk?sa=L&ai=DChsSEwiSsbDCsKuWAxVtpGYCHWNkKTIYACICCAEQABoCc20&co=1&ase=2&gclid=EAIaIQobChMIkrGwwrCrlgMVbaRmAh1jZCkyEBAYASAAEgIDpfD_BwE&cid=CAASuwHkaDJYMCI4cUwccwJIM-NkDkOh0ldK94zaRRoMun_oLCs-Zi5oBUS8l7-TbRmT3D83fXksyqcKlKFi9ziuaAndQWsX1mhoZBZ2RmAxwrMkQyq7nmhWr_8w62IhGQ0vQ2Bn8iuh09UpKikYUT6Neqe95UTiLpmdzFzJ0S43vV6dDdLJbTNCDRKZIXmqHyv-3SS4U5nbCd_BOE_JBgILPzvZdoHKr5s-b9-Anjaq8e_3XBY4wtgf665EercM&cce=2&category=acrcp_v1_32&sig=AOD64_1ylaFI5hAmiS-YWB1XOxt72iiOxQ&adurl&q&ctype=99&nis=6, 0478 554 166,Edmondson Park NSW Australia,Business Owner / Managing Director,92,High,pending,,,Plumbing & Trades,High,Personalized,,,,,,,,,,
contact@mrplungersydney.com.au,,,Mrplungersydney,/aclk?sa=L&ai=DChsSEwiSsbDCsKuWAxVtpGYCHWNkKTIYACICCAEQABoCc20&co=1&ase=2&gclid=EAIaIQobChMIkrGwwrCrlgMVbaRmAh1jZCkyEBAYASAAEgIDpfD_BwE&cid=CAASuwHkaDJYMCI4cUwccwJIM-NkDkOh0ldK94zaRRoMun_oLCs-Zi5oBUS8l7-TbRmT3D83fXksyqcKlKFi9ziuaAndQWsX1mhoZBZ2RmAxwrMkQyq7nmhWr_8w62IhGQ0vQ2Bn8iuh09UpKikYUT6Neqe95UTiLpmdzFzJ0S43vV6dDdLJbTNCDRKZIXmqHyv-3SS4U5nbCd_BOE_JBgILPzvZdoHKr5s-b9-Anjaq8e_3XBY4wtgf665EercM&cce=2&category=acrcp_v1_32&sig=AOD64_1ylaFI5hAmiS-YWB1XOxt72iiOxQ&adurl&q&ctype=99&nis=6, 0412 128 462,Edmondson Park NSW Australia,Business Owner / Managing Director,92,High,pending,,,Plumbing & Trades,High,Personalized,,,,,,,,,,
contact@servicetodayplumberingleburn.com.au,,,Servicetodayplumberingleburn,/aclk?sa=L&ai=DChsSEwju8rTHsKuWAxXGmGYCHcNYLrsYACICCAEQABoCc20&co=1&ase=2&gclid=EAIaIQobChMI7vK0x7CrlgMVxphmAh3DWC67EBAYASAAEgIt7vD_BwE&cid=CAASuwHkaO4iV_qjm-WlsYYz9-4czEUoRhB-6ZA3xqlcciSxriPyGIZIJk4TLCSFtAn7IQKq6vL5tjTrM2iNYX1LJz9Lh-Bpr5oHou_AD8GKE5GNB0DC7fWNJy4279UfEK3rbtyQGbjrDYVb-UAiGWgMAextMYb3DVcFBiA365j-hXZDFSBv-yGeJ1j4X1v5tY01VmtUP5zwSb0GKavh0QtBGt6_TK2y_tufwHh6m5qoTDnzZq9emzTA_lv-2sMF&cce=2&category=acrcp_v1_32&sig=AOD64_3ABwkIazHrY4j3BFc9eFmK4_LOcg&adurl&q&ctype=99&nis=6, 0488 803 193,Ingleburn NSW Australia,Business Owner / Managing Director,92,High,pending,,,Plumbing & Trades,High,Personalized,,,,,,,,,,
contact@ingleburnplumbingservice.com.au,,,Ingleburnplumbingservice,/aclk?sa=L&ai=DChsSEwju8rTHsKuWAxXGmGYCHcNYLrsYACICCAEQABoCc20&co=1&ase=2&gclid=EAIaIQobChMI7vK0x7CrlgMVxphmAh3DWC67EBAYASAAEgIt7vD_BwE&cid=CAASuwHkaO4iV_qjm-WlsYYz9-4czEUoRhB-6ZA3xqlcciSxriPyGIZIJk4TLCSFtAn7IQKq6vL5tjTrM2iNYX1LJz9Lh-Bpr5oHou_AD8GKE5GNB0DC7fWNJy4279UfEK3rbtyQGbjrDYVb-UAiGWgMAextMYb3DVcFBiA365j-hXZDFSBv-yGeJ1j4X1v5tY01VmtUP5zwSb0GKavh0QtBGt6_TK2y_tufwHh6m5qoTDnzZq9emzTA_lv-2sMF&cce=2&category=acrcp_v1_32&sig=AOD64_3ABwkIazHrY4j3BFc9eFmK4_LOcg&adurl&q&ctype=99&nis=6, 0407 499 884,Ingleburn NSW Australia,Business Owner / Managing Director,92,High,pending,,,Plumbing & Trades,High,Personalized,,,,,,,,,,
contact@pacificflowplumbingptyltd.com.au,,,Pacificflowplumbingptyltd,/aclk?sa=L&ai=DChsSEwju8rTHsKuWAxXGmGYCHcNYLrsYACICCAEQABoCc20&co=1&ase=2&gclid=EAIaIQobChMI7vK0x7CrlgMVxphmAh3DWC67EBAYASAAEgIt7vD_BwE&cid=CAASuwHkaO4iV_qjm-WlsYYz9-4czEUoRhB-6ZA3xqlcciSxriPyGIZIJk4TLCSFtAn7IQKq6vL5tjTrM2iNYX1LJz9Lh-Bpr5oHou_AD8GKE5GNB0DC7fWNJy4279UfEK3rbtyQGbjrDYVb-UAiGWgMAextMYb3DVcFBiA365j-hXZDFSBv-yGeJ1j4X1v5tY01VmtUP5zwSb0GKavh0QtBGt6_TK2y_tufwHh6m5qoTDnzZq9emzTA_lv-2sMF&cce=2&category=acrcp_v1_32&sig=AOD64_3ABwkIazHrY4j3BFc9eFmK4_LOcg&adurl&q&ctype=99&nis=6, 0424 945 358,Ingleburn NSW Australia,Business Owner / Managing Director,92,High,pending,,,Plumbing & Trades,High,Personalized,,,,,,,,,,
contact@primeflowplumbing.com.au,,,Primeflowplumbing,/aclk?sa=L&ai=DChsSEwju8rTHsKuWAxXGmGYCHcNYLrsYACICCAEQABoCc20&co=1&ase=2&gclid=EAIaIQobChMI7vK0x7CrlgMVxphmAh3DWC67EBAYASAAEgIt7vD_BwE&cid=CAASuwHkaO4iV_qjm-WlsYYz9-4czEUoRhB-6ZA3xqlcciSxriPyGIZIJk4TLCSFtAn7IQKq6vL5tjTrM2iNYX1LJz9Lh-Bpr5oHou_AD8GKE5GNB0DC7fWNJy4279UfEK3rbtyQGbjrDYVb-UAiGWgMAextMYb3DVcFBiA365j-hXZDFSBv-yGeJ1j4X1v5tY01VmtUP5zwSb0GKavh0QtBGt6_TK2y_tufwHh6m5qoTDnzZq9emzTA_lv-2sMF&cce=2&category=acrcp_v1_32&sig=AOD64_3ABwkIazHrY4j3BFc9eFmK4_LOcg&adurl&q&ctype=99&nis=6, 0402 834 377,Ingleburn NSW Australia,Business Owner / Managing Director,92,High,pending,,,Plumbing & Trades,High,Personalized,,,,,,,,,,
contact@wilcoplumbingsylvaniawaters.com.au,,,Wilcoplumbingsylvaniawaters,/aclk?sa=L&ai=DChsSEwip_bHLsKuWAxW_J4MDHZRWKywYACICCAEQAhoCc2Y&co=1&ase=2&gclid=EAIaIQobChMIqf2xy7CrlgMVvyeDAx2UVissEBAYASAAEgL8AfD_BwE&cid=CAASuwHkaFAYXwVCeyJLDndxQ98q4xT1hA-xicFokxrYcJOBiRefooCs7ztacve2G11VJLaW5KMmCdETO8pkwbqdxF7tYCI3PQSU_s_U_E9dtKrCd4f_kaQ26TPpzLNCERUW6UZVRAE5YMA3LGnq-OBMTOnClyRO-bn3BAe7fSwHMC4cQDxC_p1qOG-zLMpsASnL_amiIkuoGO6n3clRkhTFhG5qRldB19sCk7xFD-SaOGWJY6433BGvhz3UTVHW&cce=2&category=acrcp_v1_33&sig=AOD64_0TzBb5_z2krS_5bYwwu6Bkq99FMQ&adurl&q&ctype=99&nis=6, 0485 877 359,", 262 Belgrave Esplanade, Sylvania Waters NSW 2224",Business Owner / Managing Director,92,High,pending,,,Plumbing & Trades,High,Personalized,,,,,,,,,,
contact@mintoplumbingblockeddrains.com.au,,,Mintoplumbingblockeddrains,/aclk?sa=L&ai=DChsSEwip_bHLsKuWAxW_J4MDHZRWKywYACICCAEQAhoCc2Y&co=1&ase=2&gclid=EAIaIQobChMIqf2xy7CrlgMVvyeDAx2UVissEBAYASAAEgL8AfD_BwE&cid=CAASuwHkaFAYXwVCeyJLDndxQ98q4xT1hA-xicFokxrYcJOBiRefooCs7ztacve2G11VJLaW5KMmCdETO8pkwbqdxF7tYCI3PQSU_s_U_E9dtKrCd4f_kaQ26TPpzLNCERUW6UZVRAE5YMA3LGnq-OBMTOnClyRO-bn3BAe7fSwHMC4cQDxC_p1qOG-zLMpsASnL_amiIkuoGO6n3clRkhTFhG5qRldB19sCk7xFD-SaOGWJY6433BGvhz3UTVHW&cce=2&category=acrcp_v1_33&sig=AOD64_0TzBb5_z2krS_5bYwwu6Bkq99FMQ&adurl&q&ctype=99&nis=6, 1300 857 653,Minto NSW Australia,Business Owner / Managing Director,92,High,pending,,,Plumbing & Trades,High,Personalized,,,,,,,,,,
contact@servicetodayplumberminto.com.au,,,Servicetodayplumberminto,/aclk?sa=L&ai=DChsSEwip_bHLsKuWAxW_J4MDHZRWKywYACICCAEQAhoCc2Y&co=1&ase=2&gclid=EAIaIQobChMIqf2xy7CrlgMVvyeDAx2UVissEBAYASAAEgL8AfD_BwE&cid=CAASuwHkaFAYXwVCeyJLDndxQ98q4xT1hA-xicFokxrYcJOBiRefooCs7ztacve2G11VJLaW5KMmCdETO8pkwbqdxF7tYCI3PQSU_s_U_E9dtKrCd4f_kaQ26TPpzLNCERUW6UZVRAE5YMA3LGnq-OBMTOnClyRO-bn3BAe7fSwHMC4cQDxC_p1qOG-zLMpsASnL_amiIkuoGO6n3clRkhTFhG5qRldB19sCk7xFD-SaOGWJY6433BGvhz3UTVHW&cce=2&category=acrcp_v1_33&sig=AOD64_0TzBb5_z2krS_5bYwwu6Bkq99FMQ&adurl&q&ctype=99&nis=6, 0488 814 075,Minto NSW Australia,Business Owner / Managing Director,92,High,pending,,,Plumbing & Trades,High,Personalized,,,,,,,,,,
contact@prodripplumbing.com.au,,,Prodripplumbing,/aclk?sa=L&ai=DChsSEwip_bHLsKuWAxW_J4MDHZRWKywYACICCAEQAhoCc2Y&co=1&ase=2&gclid=EAIaIQobChMIqf2xy7CrlgMVvyeDAx2UVissEBAYASAAEgL8AfD_BwE&cid=CAASuwHkaFAYXwVCeyJLDndxQ98q4xT1hA-xicFokxrYcJOBiRefooCs7ztacve2G11VJLaW5KMmCdETO8pkwbqdxF7tYCI3PQSU_s_U_E9dtKrCd4f_kaQ26TPpzLNCERUW6UZVRAE5YMA3LGnq-OBMTOnClyRO-bn3BAe7fSwHMC4cQDxC_p1qOG-zLMpsASnL_amiIkuoGO6n3clRkhTFhG5qRldB19sCk7xFD-SaOGWJY6433BGvhz3UTVHW&cce=2&category=acrcp_v1_33&sig=AOD64_0TzBb5_z2krS_5bYwwu6Bkq99FMQ&adurl&q&ctype=99&nis=6, 0449 786 787,Minto NSW Australia,Business Owner / Managing Director,92,High,pending,,,Plumbing & Trades,High,Personalized,,,,,,,,,,
contact@servicetodayplumberleumeah.com.au,,,Servicetodayplumberleumeah,/aclk?sa=L&ai=DChsSEwip_bHLsKuWAxW_J4MDHZRWKywYACICCAEQAhoCc2Y&co=1&ase=2&gclid=EAIaIQobChMIqf2xy7CrlgMVvyeDAx2UVissEBAYASAAEgL8AfD_BwE&cid=CAASuwHkaFAYXwVCeyJLDndxQ98q4xT1hA-xicFokxrYcJOBiRefooCs7ztacve2G11VJLaW5KMmCdETO8pkwbqdxF7tYCI3PQSU_s_U_E9dtKrCd4f_kaQ26TPpzLNCERUW6UZVRAE5YMA3LGnq-OBMTOnClyRO-bn3BAe7fSwHMC4cQDxC_p1qOG-zLMpsASnL_amiIkuoGO6n3clRkhTFhG5qRldB19sCk7xFD-SaOGWJY6433BGvhz3UTVHW&cce=2&category=acrcp_v1_33&sig=AOD64_0TzBb5_z2krS_5bYwwu6Bkq99FMQ&adurl&q&ctype=99&nis=6, 0485 994 842,Minto NSW Australia,Business Owner / Managing Director,92,High,pending,,,Plumbing & Trades,High,Personalized,,,,,,,,,,
contact@servicetodayplumbercampbelltown.com.au,,,Servicetodayplumbercampbelltown,/aclk?sa=L&ai=DChsSEwj2_vfPsKuWAxXqm2YCHXfqMaMYACICCAEQABoCc20&co=1&ase=2&gclid=EAIaIQobChMI9v73z7CrlgMV6ptmAh136jGjEBAYASAAEgLcpvD_BwE&cid=CAASuwHkaFjwlmqcsDQ35G2cCHLUhYYmtj1NqujK7H580xmynO9zXidXdHZ3Q1uyDjS0y8oX9TLcHG8yDDNxtoSEncNKiFwHHodiIecZs4Vbw0XfhOY371dNrgG-iqJ0aML5o3stScD3aKwBnAqFtbOiZf3oTxaHlp4kuWGvS31ZExo9UKBJHAPktcHLJPnX4xGU25cbtK-PZSP4CPeMRpk91r25RZk31YIBQmD6BUsheTQt_EHMCKdmyfjE8YCj&cce=2&category=acrcp_v1_32&sig=AOD64_15o0MIHoQTs8BlHX-gfosBn9y0IA&adurl&q&ctype=99&nis=6, 0488 801 943,Campbelltown NSW Australia,Business Owner / Managing Director,92,High,pending,,,Plumbing & Trades,High,Personalized,,,,,,,,,,
contact@aphplumbingservices.com.au,,,Aphplumbingservices,/aclk?sa=L&ai=DChsSEwj2_vfPsKuWAxXqm2YCHXfqMaMYACICCAEQABoCc20&co=1&ase=2&gclid=EAIaIQobChMI9v73z7CrlgMV6ptmAh136jGjEBAYASAAEgLcpvD_BwE&cid=CAASuwHkaFjwlmqcsDQ35G2cCHLUhYYmtj1NqujK7H580xmynO9zXidXdHZ3Q1uyDjS0y8oX9TLcHG8yDDNxtoSEncNKiFwHHodiIecZs4Vbw0XfhOY371dNrgG-iqJ0aML5o3stScD3aKwBnAqFtbOiZf3oTxaHlp4kuWGvS31ZExo9UKBJHAPktcHLJPnX4xGU25cbtK-PZSP4CPeMRpk91r25RZk31YIBQmD6BUsheTQt_EHMCKdmyfjE8YCj&cce=2&category=acrcp_v1_32&sig=AOD64_15o0MIHoQTs8BlHX-gfosBn9y0IA&adurl&q&ctype=99&nis=6, 1300 503 900,", Unit 20/1-3 Genty St, Campbelltown NSW 2560",Business Owner / Managing Director,92,High,pending,,,Plumbing & Trades,High,Personalized,,,,,,,,,,
contact@nathanrplumber.com.au,,,Nathanrplumber,/aclk?sa=L&ai=DChsSEwj2_vfPsKuWAxXqm2YCHXfqMaMYACICCAEQABoCc20&co=1&ase=2&gclid=EAIaIQobChMI9v73z7CrlgMV6ptmAh136jGjEBAYASAAEgLcpvD_BwE&cid=CAASuwHkaFjwlmqcsDQ35G2cCHLUhYYmtj1NqujK7H580xmynO9zXidXdHZ3Q1uyDjS0y8oX9TLcHG8yDDNxtoSEncNKiFwHHodiIecZs4Vbw0XfhOY371dNrgG-iqJ0aML5o3stScD3aKwBnAqFtbOiZf3oTxaHlp4kuWGvS31ZExo9UKBJHAPktcHLJPnX4xGU25cbtK-PZSP4CPeMRpk91r25RZk31YIBQmD6BUsheTQt_EHMCKdmyfjE8YCj&cce=2&category=acrcp_v1_32&sig=AOD64_15o0MIHoQTs8BlHX-gfosBn9y0IA&adurl&q&ctype=99&nis=6, 0481 302 229,Campbelltown NSW Australia,Business Owner / Managing Director,92,High,pending,,,Plumbing & Trades,High,Personalized,,,,,,,,,,
contact@smartchoiceplumbing.com.au,,,Smartchoiceplumbing,/aclk?sa=L&ai=DChsSEwj2_vfPsKuWAxXqm2YCHXfqMaMYACICCAEQABoCc20&co=1&ase=2&gclid=EAIaIQobChMI9v73z7CrlgMV6ptmAh136jGjEBAYASAAEgLcpvD_BwE&cid=CAASuwHkaFjwlmqcsDQ35G2cCHLUhYYmtj1NqujK7H580xmynO9zXidXdHZ3Q1uyDjS0y8oX9TLcHG8yDDNxtoSEncNKiFwHHodiIecZs4Vbw0XfhOY371dNrgG-iqJ0aML5o3stScD3aKwBnAqFtbOiZf3oTxaHlp4kuWGvS31ZExo9UKBJHAPktcHLJPnX4xGU25cbtK-PZSP4CPeMRpk91r25RZk31YIBQmD6BUsheTQt_EHMCKdmyfjE8YCj&cce=2&category=acrcp_v1_32&sig=AOD64_15o0MIHoQTs8BlHX-gfosBn9y0IA&adurl&q&ctype=99&nis=6, 0450 013 005,", Blaxland Rd, Campbelltown NSW 2560",Business Owner / Managing Director,92,High,pending,,,Plumbing & Trades,High,Personalized,,,,,,,,,,
contact@capitallineplumbingdevelopmentsptyltd.com.au,,,Capitallineplumbingdevelopmentsptyltd,/aclk?sa=L&ai=DChsSEwj2_vfPsKuWAxXqm2YCHXfqMaMYACICCAEQABoCc20&co=1&ase=2&gclid=EAIaIQobChMI9v73z7CrlgMV6ptmAh136jGjEBAYASAAEgLcpvD_BwE&cid=CAASuwHkaFjwlmqcsDQ35G2cCHLUhYYmtj1NqujK7H580xmynO9zXidXdHZ3Q1uyDjS0y8oX9TLcHG8yDDNxtoSEncNKiFwHHodiIecZs4Vbw0XfhOY371dNrgG-iqJ0aML5o3stScD3aKwBnAqFtbOiZf3oTxaHlp4kuWGvS31ZExo9UKBJHAPktcHLJPnX4xGU25cbtK-PZSP4CPeMRpk91r25RZk31YIBQmD6BUsheTQt_EHMCKdmyfjE8YCj&cce=2&category=acrcp_v1_32&sig=AOD64_15o0MIHoQTs8BlHX-gfosBn9y0IA&adurl&q&ctype=99&nis=6, 0458 134 086,", Queen street, Campbelltown NSW 2560",Business Owner / Managing Director,92,High,pending,,,Plumbing & Trades,High,Personalized,,,,,,,,,,
contact@newmanbarkerplumbing.com.au,,,Newmanbarkerplumbing,/aclk?sa=L&ai=DChsSEwj2_vfPsKuWAxXqm2YCHXfqMaMYACICCAEQABoCc20&co=1&ase=2&gclid=EAIaIQobChMI9v73z7CrlgMV6ptmAh136jGjEBAYASAAEgLcpvD_BwE&cid=CAASuwHkaFjwlmqcsDQ35G2cCHLUhYYmtj1NqujK7H580xmynO9zXidXdHZ3Q1uyDjS0y8oX9TLcHG8yDDNxtoSEncNKiFwHHodiIecZs4Vbw0XfhOY371dNrgG-iqJ0aML5o3stScD3aKwBnAqFtbOiZf3oTxaHlp4kuWGvS31ZExo9UKBJHAPktcHLJPnX4xGU25cbtK-PZSP4CPeMRpk91r25RZk31YIBQmD6BUsheTQt_EHMCKdmyfjE8YCj&cce=2&category=acrcp_v1_32&sig=AOD64_15o0MIHoQTs8BlHX-gfosBn9y0IA&adurl&q&ctype=99&nis=6, (02) 4625 5409,", Unit P 9/5/7 Hepher Rd, Campbelltown NSW 2560",Business Owner / Managing Director,92,High,pending,,,Plumbing & Trades,High,Personalized,,,,,,,,,,
contact@akplumbingandmaintenance.com.au,,,Akplumbingandmaintenance,/aclk?sa=L&ai=DChsSEwj4teLVsKuWAxXLXQ8CHbHQI3EYACICCAEQABoCdGI&co=1&ase=2&gclid=EAIaIQobChMI-LXi1bCrlgMVy10PAh2x0CNxEBAYASAAEgJ2KvD_BwE&cid=CAASuwHkaOO3iyOda6z1eOFkLZI2LHHSNUKjQixod2nR8Oua0MShRsH0dItK8gcJ7jP1WNIkAaPOXW_nBbs6UEjU3TMM-7huimgBr0gaoKNK7WVVw5LwU_c7qfURseJ79iWuVTIRYRXeK-krfleJLcRT-VZMlfqI_68r83cDrVUJkFv-wqoIcqjYJMpW7Yv5Dpz3zlzf9dEBI77l9CL8LwkpcWuc4Ssmbvo3d-C7x_qBZQNBfJMl5BKHMUS1CxMo&cce=2&category=acrcp_v1_32&sig=AOD64_0Zju5LrCc7CzY5Bi4fidVZjuImJA&adurl&q&ctype=99&nis=6, 0452 508 558,", 85 Evelyn St, Macquarie Fields NSW 2564",Business Owner / Managing Director,92,High,pending,,,Plumbing & Trades,High,Personalized,,,,,,,,,,
contact@macquariefieldsplumbingdrains.com.au,,,Macquariefieldsplumbingdrains,/aclk?sa=L&ai=DChsSEwj4teLVsKuWAxXLXQ8CHbHQI3EYACICCAEQABoCdGI&co=1&ase=2&gclid=EAIaIQobChMI-LXi1bCrlgMVy10PAh2x0CNxEBAYASAAEgJ2KvD_BwE&cid=CAASuwHkaOO3iyOda6z1eOFkLZI2LHHSNUKjQixod2nR8Oua0MShRsH0dItK8gcJ7jP1WNIkAaPOXW_nBbs6UEjU3TMM-7huimgBr0gaoKNK7WVVw5LwU_c7qfURseJ79iWuVTIRYRXeK-krfleJLcRT-VZMlfqI_68r83cDrVUJkFv-wqoIcqjYJMpW7Yv5Dpz3zlzf9dEBI77l9CL8LwkpcWuc4Ssmbvo3d-C7x_qBZQNBfJMl5BKHMUS1CxMo&cce=2&category=acrcp_v1_32&sig=AOD64_0Zju5LrCc7CzY5Bi4fidVZjuImJA&adurl&q&ctype=99&nis=6, 0480 031 459,Macquarie Fields NSW Australia,Business Owner / Managing Director,92,High,pending,,,Plumbing & Trades,High,Personalized,,,,,,,,,,
contact@passionplumbing.com.au,,,Passionplumbing,/aclk?sa=L&ai=DChsSEwj4teLVsKuWAxXLXQ8CHbHQI3EYACICCAEQABoCdGI&co=1&ase=2&gclid=EAIaIQobChMI-LXi1bCrlgMVy10PAh2x0CNxEBAYASAAEgJ2KvD_BwE&cid=CAASuwHkaOO3iyOda6z1eOFkLZI2LHHSNUKjQixod2nR8Oua0MShRsH0dItK8gcJ7jP1WNIkAaPOXW_nBbs6UEjU3TMM-7huimgBr0gaoKNK7WVVw5LwU_c7qfURseJ79iWuVTIRYRXeK-krfleJLcRT-VZMlfqI_68r83cDrVUJkFv-wqoIcqjYJMpW7Yv5Dpz3zlzf9dEBI77l9CL8LwkpcWuc4Ssmbvo3d-C7x_qBZQNBfJMl5BKHMUS1CxMo&cce=2&category=acrcp_v1_32&sig=AOD64_0Zju5LrCc7CzY5Bi4fidVZjuImJA&adurl&q&ctype=99&nis=6, 0402 001 727,Macquarie Fields NSW Australia,Business Owner / Managing Director,92,High,pending,,,Plumbing & Trades,High,Personalized,,,,,,,,,,
contact@gpsplumbingandjetblasting.com.au,,,Gpsplumbingandjetblasting,/aclk?sa=L&ai=DChsSEwj4teLVsKuWAxXLXQ8CHbHQI3EYACICCAEQABoCdGI&co=1&ase=2&gclid=EAIaIQobChMI-LXi1bCrlgMVy10PAh2x0CNxEBAYASAAEgJ2KvD_BwE&cid=CAASuwHkaOO3iyOda6z1eOFkLZI2LHHSNUKjQixod2nR8Oua0MShRsH0dItK8gcJ7jP1WNIkAaPOXW_nBbs6UEjU3TMM-7huimgBr0gaoKNK7WVVw5LwU_c7qfURseJ79iWuVTIRYRXeK-krfleJLcRT-VZMlfqI_68r83cDrVUJkFv-wqoIcqjYJMpW7Yv5Dpz3zlzf9dEBI77l9CL8LwkpcWuc4Ssmbvo3d-C7x_qBZQNBfJMl5BKHMUS1CxMo&cce=2&category=acrcp_v1_32&sig=AOD64_0Zju5LrCc7CzY5Bi4fidVZjuImJA&adurl&q&ctype=99&nis=6, 0424 002 361,Macquarie Fields NSW Australia,Business Owner / Managing Director,92,High,pending,,,Plumbing & Trades,High,Personalized,,,,,,,,,,
contact@macarthurhotwaterandplumbing.com.au,,,Macarthurhotwaterandplumbing,/aclk?sa=L&ai=DChsSEwj4teLVsKuWAxXLXQ8CHbHQI3EYACICCAEQABoCdGI&co=1&ase=2&gclid=EAIaIQobChMI-LXi1bCrlgMVy10PAh2x0CNxEBAYASAAEgJ2KvD_BwE&cid=CAASuwHkaOO3iyOda6z1eOFkLZI2LHHSNUKjQixod2nR8Oua0MShRsH0dItK8gcJ7jP1WNIkAaPOXW_nBbs6UEjU3TMM-7huimgBr0gaoKNK7WVVw5LwU_c7qfURseJ79iWuVTIRYRXeK-krfleJLcRT-VZMlfqI_68r83cDrVUJkFv-wqoIcqjYJMpW7Yv5Dpz3zlzf9dEBI77l9CL8LwkpcWuc4Ssmbvo3d-C7x_qBZQNBfJMl5BKHMUS1CxMo&cce=2&category=acrcp_v1_32&sig=AOD64_0Zju5LrCc7CzY5Bi4fidVZjuImJA&adurl&q&ctype=99&nis=6, 0431 308 073,Macquarie Fields NSW Australia,Business Owner / Managing Director,92,High,pending,,,Plumbing & Trades,High,Personalized,,,,,,,,,,
contact@arcadianplumbing.com.au,,,Arcadianplumbing,/aclk?sa=L&ai=DChsSEwj4teLVsKuWAxXLXQ8CHbHQI3EYACICCAEQABoCdGI&co=1&ase=2&gclid=EAIaIQobChMI-LXi1bCrlgMVy10PAh2x0CNxEBAYASAAEgJ2KvD_BwE&cid=CAASuwHkaOO3iyOda6z1eOFkLZI2LHHSNUKjQixod2nR8Oua0MShRsH0dItK8gcJ7jP1WNIkAaPOXW_nBbs6UEjU3TMM-7huimgBr0gaoKNK7WVVw5LwU_c7qfURseJ79iWuVTIRYRXeK-krfleJLcRT-VZMlfqI_68r83cDrVUJkFv-wqoIcqjYJMpW7Yv5Dpz3zlzf9dEBI77l9CL8LwkpcWuc4Ssmbvo3d-C7x_qBZQNBfJMl5BKHMUS1CxMo&cce=2&category=acrcp_v1_32&sig=AOD64_0Zju5LrCc7CzY5Bi4fidVZjuImJA&adurl&q&ctype=99&nis=6, 0480 745 974,Macquarie Fields NSW Australia,Business Owner / Managing Director,92,High,pending,,,Plumbing & Trades,High,Personalized,,,,,,,,,,
contact@anytimeplumbinganddrainage.com.au,,,Anytimeplumbinganddrainage,/aclk?sa=L&ai=DChsSEwib0sfasKuWAxXvxDwCHbB1IwkYACICCAEQABoCc2Y&co=1&ase=2&gclid=EAIaIQobChMIm9LH2rCrlgMV78Q8Ah2wdSMJEBAYASAAEgJL1PD_BwE&cid=CAASuwHkaDjNRvgd9NGAOJI-amPRPXr5YXEx2G8ZViAB_Gm4YC-DwgkYElkCmTvYGmu0YoFP-smag_Ni1PvQcLtqDduW6u3BNrSidyeQyLF68BLemDyqt23fb3YbGgREuNpjZjdro6VrgNBkjuy3CABRP945yEWNFZAo6S2AGYFgcj4Kdg5HkMsvJMT5ptwx9kdfzT4Va5FJS2K17UW0rWL3Xw-F2K3niql49_P-2GeWu_ezwqHP4dtJAbk1T60R&cce=2&category=acrcp_v1_32&sig=AOD64_3dAV9Si4_ohjpCFRm5v8qOaSKw5Q&adurl&q&ctype=99&nis=6, (02) 4647 0787,Narellan NSW Australia,Business Owner / Managing Director,92,High,pending,,,Plumbing & Trades,High,Personalized,,,,,,,,,,
contact@narellanplumbingdrainage.com.au,,,Narellanplumbingdrainage,/aclk?sa=L&ai=DChsSEwib0sfasKuWAxXvxDwCHbB1IwkYACICCAEQABoCc2Y&co=1&ase=2&gclid=EAIaIQobChMIm9LH2rCrlgMV78Q8Ah2wdSMJEBAYASAAEgJL1PD_BwE&cid=CAASuwHkaDjNRvgd9NGAOJI-amPRPXr5YXEx2G8ZViAB_Gm4YC-DwgkYElkCmTvYGmu0YoFP-smag_Ni1PvQcLtqDduW6u3BNrSidyeQyLF68BLemDyqt23fb3YbGgREuNpjZjdro6VrgNBkjuy3CABRP945yEWNFZAo6S2AGYFgcj4Kdg5HkMsvJMT5ptwx9kdfzT4Va5FJS2K17UW0rWL3Xw-F2K3niql49_P-2GeWu_ezwqHP4dtJAbk1T60R&cce=2&category=acrcp_v1_32&sig=AOD64_3dAV9Si4_ohjpCFRm5v8qOaSKw5Q&adurl&q&ctype=99&nis=6, 0489 910 172,Narellan NSW Australia,Business Owner / Managing Director,92,High,pending,,,Plumbing & Trades,High,Personalized,,,,,,,,,,
contact@servicetodayplumbernarellan.com.au,,,Servicetodayplumbernarellan,/aclk?sa=L&ai=DChsSEwib0sfasKuWAxXvxDwCHbB1IwkYACICCAEQABoCc2Y&co=1&ase=2&gclid=EAIaIQobChMIm9LH2rCrlgMV78Q8Ah2wdSMJEBAYASAAEgJL1PD_BwE&cid=CAASuwHkaDjNRvgd9NGAOJI-amPRPXr5YXEx2G8ZViAB_Gm4YC-DwgkYElkCmTvYGmu0YoFP-smag_Ni1PvQcLtqDduW6u3BNrSidyeQyLF68BLemDyqt23fb3YbGgREuNpjZjdro6VrgNBkjuy3CABRP945yEWNFZAo6S2AGYFgcj4Kdg5HkMsvJMT5ptwx9kdfzT4Va5FJS2K17UW0rWL3Xw-F2K3niql49_P-2GeWu_ezwqHP4dtJAbk1T60R&cce=2&category=acrcp_v1_32&sig=AOD64_3dAV9Si4_ohjpCFRm5v8qOaSKw5Q&adurl&q&ctype=99&nis=6, 0488 804 186,Narellan NSW Australia,Business Owner / Managing Director,92,High,pending,,,Plumbing & Trades,High,Personalized,,,,,,,,,,
contact@getpipedplumbing.com.au,,,Getpipedplumbing,/aclk?sa=L&ai=DChsSEwib0sfasKuWAxXvxDwCHbB1IwkYACICCAEQABoCc2Y&co=1&ase=2&gclid=EAIaIQobChMIm9LH2rCrlgMV78Q8Ah2wdSMJEBAYASAAEgJL1PD_BwE&cid=CAASuwHkaDjNRvgd9NGAOJI-amPRPXr5YXEx2G8ZViAB_Gm4YC-DwgkYElkCmTvYGmu0YoFP-smag_Ni1PvQcLtqDduW6u3BNrSidyeQyLF68BLemDyqt23fb3YbGgREuNpjZjdro6VrgNBkjuy3CABRP945yEWNFZAo6S2AGYFgcj4Kdg5HkMsvJMT5ptwx9kdfzT4Va5FJS2K17UW0rWL3Xw-F2K3niql49_P-2GeWu_ezwqHP4dtJAbk1T60R&cce=2&category=acrcp_v1_32&sig=AOD64_3dAV9Si4_ohjpCFRm5v8qOaSKw5Q&adurl&q&ctype=99&nis=6, 0451 021 405,Narellan NSW Australia,Business Owner / Managing Director,92,High,pending,,,Plumbing & Trades,High,Personalized,,,,,,,,,,
contact@maynplumbingsuppliesptyltd.com.au,,,Maynplumbingsuppliesptyltd,/aclk?sa=L&ai=DChsSEwib0sfasKuWAxXvxDwCHbB1IwkYACICCAEQABoCc2Y&co=1&ase=2&gclid=EAIaIQobChMIm9LH2rCrlgMV78Q8Ah2wdSMJEBAYASAAEgJL1PD_BwE&cid=CAASuwHkaDjNRvgd9NGAOJI-amPRPXr5YXEx2G8ZViAB_Gm4YC-DwgkYElkCmTvYGmu0YoFP-smag_Ni1PvQcLtqDduW6u3BNrSidyeQyLF68BLemDyqt23fb3YbGgREuNpjZjdro6VrgNBkjuy3CABRP945yEWNFZAo6S2AGYFgcj4Kdg5HkMsvJMT5ptwx9kdfzT4Va5FJS2K17UW0rWL3Xw-F2K3niql49_P-2GeWu_ezwqHP4dtJAbk1T60R&cce=2&category=acrcp_v1_32&sig=AOD64_3dAV9Si4_ohjpCFRm5v8qOaSKw5Q&adurl&q&ctype=99&nis=6, (02) 4647 9007,", 15 Elyard St, Narellan NSW 2567",Business Owner / Managing Director,92,High,pending,,,Plumbing & Trades,High,Personalized,,,,,,,,,,
contact@aptplumbingservicespl.com.au,,,Aptplumbingservicespl,/aclk?sa=L&ai=DChsSEwib0sfasKuWAxXvxDwCHbB1IwkYACICCAEQABoCc2Y&co=1&ase=2&gclid=EAIaIQobChMIm9LH2rCrlgMV78Q8Ah2wdSMJEBAYASAAEgJL1PD_BwE&cid=CAASuwHkaDjNRvgd9NGAOJI-amPRPXr5YXEx2G8ZViAB_Gm4YC-DwgkYElkCmTvYGmu0YoFP-smag_Ni1PvQcLtqDduW6u3BNrSidyeQyLF68BLemDyqt23fb3YbGgREuNpjZjdro6VrgNBkjuy3CABRP945yEWNFZAo6S2AGYFgcj4Kdg5HkMsvJMT5ptwx9kdfzT4Va5FJS2K17UW0rWL3Xw-F2K3niql49_P-2GeWu_ezwqHP4dtJAbk1T60R&cce=2&category=acrcp_v1_32&sig=AOD64_3dAV9Si4_ohjpCFRm5v8qOaSKw5Q&adurl&q&ctype=99&nis=6, (02) 9727 5736,", Unit 8/24 Anzac Ave, Smeaton Grange NSW 2567",Business Owner / Managing Director,92,High,pending,,,Plumbing & Trades,High,Personalized,,,,,,,,,,
contact@ausflowplumbingservices.com.au,,,Ausflowplumbingservices,/aclk?sa=L&ai=DChsSEwib0sfasKuWAxXvxDwCHbB1IwkYACICCAEQABoCc2Y&co=1&ase=2&gclid=EAIaIQobChMIm9LH2rCrlgMV78Q8Ah2wdSMJEBAYASAAEgJL1PD_BwE&cid=CAASuwHkaDjNRvgd9NGAOJI-amPRPXr5YXEx2G8ZViAB_Gm4YC-DwgkYElkCmTvYGmu0YoFP-smag_Ni1PvQcLtqDduW6u3BNrSidyeQyLF68BLemDyqt23fb3YbGgREuNpjZjdro6VrgNBkjuy3CABRP945yEWNFZAo6S2AGYFgcj4Kdg5HkMsvJMT5ptwx9kdfzT4Va5FJS2K17UW0rWL3Xw-F2K3niql49_P-2GeWu_ezwqHP4dtJAbk1T60R&cce=2&category=acrcp_v1_32&sig=AOD64_3dAV9Si4_ohjpCFRm5v8qOaSKw5Q&adurl&q&ctype=99&nis=6, (02) 4648 0531,", Narellan NSW 2567",Business Owner / Managing Director,92,High,pending,,,Plumbing & Trades,High,Personalized,,,,,,,,,,
info@camdenplumbing.com.au,,,Camdenplumbing,https://www.camdenplumbing.com.au/, (02) 4655 2379,", 7 Mitchell St, Camden NSW 2570",Business Owner / Managing Director,92,High,pending,,,Plumbing & Trades,High,Personalized,,,,,,,,,,
contact@hpgsolutions.com.au,,,Hpgsolutions,/aclk?sa=L&ai=DChsSEwjO7_rlsKuWAxX9KIMDHUbMDkQYACICCAEQABoCc2Y&co=1&ase=2&gclid=EAIaIQobChMIzu_65bCrlgMV_SiDAx1GzA5EEBAYASAAEgKGFPD_BwE&cid=CAASuwHkaBOPWrJ2GTDW5U-3n3D_2_0GnOQyzcKT6KteQjVkOj0keNolrjOdfQpmDP-Z0TUb73UV-Pk8orBd6t1h8koPD-t0QgsQ-mwHrQwP6u_IXmirzQywpWJ03bF8L4IM5xJ6-LKdkZlyEMwwfJKvgbNTfJSECW8lnU5MGXumgeMywHh0w4gI0Y51D0Y2ivbxghxcyKmDuwj8qjOIch8phe6vuXC71Kgfhux7fBPf6bKdgjpfWm29xgx4SIMU&cce=2&category=acrcp_v1_32&sig=AOD64_2ZXxeEQ6avzR-mAeWqKTA3-ma_kA&adurl&q&ctype=99&nis=6, 0423 309 441,", 6/55 Anderson Rd, Smeaton Grange NSW 2567",Business Owner / Managing Director,92,High,pending,,,Plumbing & Trades,High,Personalized,,,,,,,,,,
contact@ciroplumbing.com.au,,,Ciroplumbing,/aclk?sa=L&ai=DChsSEwjO7_rlsKuWAxX9KIMDHUbMDkQYACICCAEQABoCc2Y&co=1&ase=2&gclid=EAIaIQobChMIzu_65bCrlgMV_SiDAx1GzA5EEBAYASAAEgKGFPD_BwE&cid=CAASuwHkaBOPWrJ2GTDW5U-3n3D_2_0GnOQyzcKT6KteQjVkOj0keNolrjOdfQpmDP-Z0TUb73UV-Pk8orBd6t1h8koPD-t0QgsQ-mwHrQwP6u_IXmirzQywpWJ03bF8L4IM5xJ6-LKdkZlyEMwwfJKvgbNTfJSECW8lnU5MGXumgeMywHh0w4gI0Y51D0Y2ivbxghxcyKmDuwj8qjOIch8phe6vuXC71Kgfhux7fBPf6bKdgjpfWm29xgx4SIMU&cce=2&category=acrcp_v1_32&sig=AOD64_2ZXxeEQ6avzR-mAeWqKTA3-ma_kA&adurl&q&ctype=99&nis=6, 0404 400 386,Gregory Hills NSW Australia,Business Owner / Managing Director,92,High,pending,,,Plumbing & Trades,High,Personalized,,,,,,,,,,
contact@plumbworxsydney.com.au,,,Plumbworxsydney,/aclk?sa=L&ai=DChsSEwjO7_rlsKuWAxX9KIMDHUbMDkQYACICCAEQABoCc2Y&co=1&ase=2&gclid=EAIaIQobChMIzu_65bCrlgMV_SiDAx1GzA5EEBAYASAAEgKGFPD_BwE&cid=CAASuwHkaBOPWrJ2GTDW5U-3n3D_2_0GnOQyzcKT6KteQjVkOj0keNolrjOdfQpmDP-Z0TUb73UV-Pk8orBd6t1h8koPD-t0QgsQ-mwHrQwP6u_IXmirzQywpWJ03bF8L4IM5xJ6-LKdkZlyEMwwfJKvgbNTfJSECW8lnU5MGXumgeMywHh0w4gI0Y51D0Y2ivbxghxcyKmDuwj8qjOIch8phe6vuXC71Kgfhux7fBPf6bKdgjpfWm29xgx4SIMU&cce=2&category=acrcp_v1_32&sig=AOD64_2ZXxeEQ6avzR-mAeWqKTA3-ma_kA&adurl&q&ctype=99&nis=6, 1300 069 240,Gregory Hills NSW Australia,Business Owner / Managing Director,92,High,pending,,,Plumbing & Trades,High,Personalized,,,,,,,,,,
contact@reececivilgregoryhills.com.au,,,Reececivilgregoryhills,/aclk?sa=L&ai=DChsSEwjO7_rlsKuWAxX9KIMDHUbMDkQYACICCAEQABoCc2Y&co=1&ase=2&gclid=EAIaIQobChMIzu_65bCrlgMV_SiDAx1GzA5EEBAYASAAEgKGFPD_BwE&cid=CAASuwHkaBOPWrJ2GTDW5U-3n3D_2_0GnOQyzcKT6KteQjVkOj0keNolrjOdfQpmDP-Z0TUb73UV-Pk8orBd6t1h8koPD-t0QgsQ-mwHrQwP6u_IXmirzQywpWJ03bF8L4IM5xJ6-LKdkZlyEMwwfJKvgbNTfJSECW8lnU5MGXumgeMywHh0w4gI0Y51D0Y2ivbxghxcyKmDuwj8qjOIch8phe6vuXC71Kgfhux7fBPf6bKdgjpfWm29xgx4SIMU&cce=2&category=acrcp_v1_32&sig=AOD64_2ZXxeEQ6avzR-mAeWqKTA3-ma_kA&adurl&q&ctype=99&nis=6, (02) 4646 2740,", 44-48 Rodeo Rd Cnr, Central Hills Dr, Gregory Hills NSW 2557",Business Owner / Managing Director,92,High,pending,,,Plumbing & Trades,High,Personalized,,,,,,,,,,
contact@plumbingo.com.au,,,Plumbingo,/aclk?sa=L&ai=DChsSEwjO7_rlsKuWAxX9KIMDHUbMDkQYACICCAEQABoCc2Y&co=1&ase=2&gclid=EAIaIQobChMIzu_65bCrlgMV_SiDAx1GzA5EEBAYASAAEgKGFPD_BwE&cid=CAASuwHkaBOPWrJ2GTDW5U-3n3D_2_0GnOQyzcKT6KteQjVkOj0keNolrjOdfQpmDP-Z0TUb73UV-Pk8orBd6t1h8koPD-t0QgsQ-mwHrQwP6u_IXmirzQywpWJ03bF8L4IM5xJ6-LKdkZlyEMwwfJKvgbNTfJSECW8lnU5MGXumgeMywHh0w4gI0Y51D0Y2ivbxghxcyKmDuwj8qjOIch8phe6vuXC71Kgfhux7fBPf6bKdgjpfWm29xgx4SIMU&cce=2&category=acrcp_v1_32&sig=AOD64_2ZXxeEQ6avzR-mAeWqKTA3-ma_kA&adurl&q&ctype=99&nis=6, 0450 179 696,Gregory Hills NSW Australia,Business Owner / Managing Director,92,High,pending,,,Plumbing & Trades,High,Personalized,,,,,,,,,,
info@allaspectsofplumbing.com.au,,,Allaspectsofplumbing,https://www.allaspectsofplumbing.com.au/contact-us, (02) 4681 0883,", 70 Tahmoor Rd, Tahmoor NSW 2573",Business Owner / Managing Director,92,High,pending,,,Plumbing & Trades,High,Personalized,,,,,,,,,,
info@pictonplumbing.com.au,,,Pictonplumbing,https://pictonplumbing.com.au/, 0489 986 422,Picton NSW Australia,Business Owner / Managing Director,92,High,pending,,,Plumbing & Trades,High,Personalized,,,,,,,,,,
contact@newwaveplumbinggasfitting.com.au,,,Newwaveplumbinggasfitting,/aclk?sa=L&ai=DChsSEwi_mrD6sKuWAxWVNYMDHftOLMEYACICCAEQABoCc2Y&co=1&ase=2&gclid=EAIaIQobChMIv5qw-rCrlgMVlTWDAx37TizBEBAYASAAEgKan_D_BwE&cid=CAASuwHkaDEDUjhahmlh36AXKspKrOul2OH63G_fAM-PS_p0tonFX1ZnSNFmcI437iPocQ2O5lQ07V9hfzPci5HVIIy9xr34G_17frl-FJhyc9LzewWoMjt3hN92Y4vKqGMC_71SoA-CDnhDxT8g8a7lV_K5-XwjHwq3xgZqjE8KV2T4l_h2TeMfFN6K2x-CHmO8yqKLW9mtGDxhkU1R218wUoTMuyAL7wys0WLsiyftw4YpcpAVQ8qVuPc6bMYz&cce=2&category=acrcp_v1_32&sig=AOD64_0dJh9kfhFGWNAW7ItlP7Q5rMXcPA&adurl&q&ctype=99&nis=6, 0485 002 570,", 2-6 Kingsway, Cronulla NSW 2230",Business Owner / Managing Director,92,High,pending,,,Plumbing & Trades,High,Personalized,,,,,,,,,,
contact@servicetodayplumbercronulla.com.au,,,Servicetodayplumbercronulla,/aclk?sa=L&ai=DChsSEwi_mrD6sKuWAxWVNYMDHftOLMEYACICCAEQABoCc2Y&co=1&ase=2&gclid=EAIaIQobChMIv5qw-rCrlgMVlTWDAx37TizBEBAYASAAEgKan_D_BwE&cid=CAASuwHkaDEDUjhahmlh36AXKspKrOul2OH63G_fAM-PS_p0tonFX1ZnSNFmcI437iPocQ2O5lQ07V9hfzPci5HVIIy9xr34G_17frl-FJhyc9LzewWoMjt3hN92Y4vKqGMC_71SoA-CDnhDxT8g8a7lV_K5-XwjHwq3xgZqjE8KV2T4l_h2TeMfFN6K2x-CHmO8yqKLW9mtGDxhkU1R218wUoTMuyAL7wys0WLsiyftw4YpcpAVQ8qVuPc6bMYz&cce=2&category=acrcp_v1_32&sig=AOD64_0dJh9kfhFGWNAW7ItlP7Q5rMXcPA&adurl&q&ctype=99&nis=6, 0488 802 164,Cronulla NSW Australia,Business Owner / Managing Director,92,High,pending,,,Plumbing & Trades,High,Personalized,,,,,,,,,,
contact@pipesmartplumbing.com.au,,,Pipesmartplumbing,/aclk?sa=L&ai=DChsSEwi_mrD6sKuWAxWVNYMDHftOLMEYACICCAEQABoCc2Y&co=1&ase=2&gclid=EAIaIQobChMIv5qw-rCrlgMVlTWDAx37TizBEBAYASAAEgKan_D_BwE&cid=CAASuwHkaDEDUjhahmlh36AXKspKrOul2OH63G_fAM-PS_p0tonFX1ZnSNFmcI437iPocQ2O5lQ07V9hfzPci5HVIIy9xr34G_17frl-FJhyc9LzewWoMjt3hN92Y4vKqGMC_71SoA-CDnhDxT8g8a7lV_K5-XwjHwq3xgZqjE8KV2T4l_h2TeMfFN6K2x-CHmO8yqKLW9mtGDxhkU1R218wUoTMuyAL7wys0WLsiyftw4YpcpAVQ8qVuPc6bMYz&cce=2&category=acrcp_v1_32&sig=AOD64_0dJh9kfhFGWNAW7ItlP7Q5rMXcPA&adurl&q&ctype=99&nis=6, 0424 157 546,", 107 Gerrale St, Cronulla NSW 2230",Business Owner / Managing Director,92,High,pending,,,Plumbing & Trades,High,Personalized,,,,,,,,,,
contact@eagleplumbing247.com.au,,,Eagleplumbing247,/aclk?sa=L&ai=DChsSEwi_mrD6sKuWAxWVNYMDHftOLMEYACICCAEQABoCc2Y&co=1&ase=2&gclid=EAIaIQobChMIv5qw-rCrlgMVlTWDAx37TizBEBAYASAAEgKan_D_BwE&cid=CAASuwHkaDEDUjhahmlh36AXKspKrOul2OH63G_fAM-PS_p0tonFX1ZnSNFmcI437iPocQ2O5lQ07V9hfzPci5HVIIy9xr34G_17frl-FJhyc9LzewWoMjt3hN92Y4vKqGMC_71SoA-CDnhDxT8g8a7lV_K5-XwjHwq3xgZqjE8KV2T4l_h2TeMfFN6K2x-CHmO8yqKLW9mtGDxhkU1R218wUoTMuyAL7wys0WLsiyftw4YpcpAVQ8qVuPc6bMYz&cce=2&category=acrcp_v1_32&sig=AOD64_0dJh9kfhFGWNAW7ItlP7Q5rMXcPA&adurl&q&ctype=99&nis=6, 0489 998 221,", 5 Coolangatta Ave, Burraneer NSW 2230",Business Owner / Managing Director,92,High,pending,,,Plumbing & Trades,High,Personalized,,,,,,,,,,
contact@jtlplumbingptyltd.com.au,,,Jtlplumbingptyltd,/aclk?sa=L&ai=DChsSEwi_mrD6sKuWAxWVNYMDHftOLMEYACICCAEQABoCc2Y&co=1&ase=2&gclid=EAIaIQobChMIv5qw-rCrlgMVlTWDAx37TizBEBAYASAAEgKan_D_BwE&cid=CAASuwHkaDEDUjhahmlh36AXKspKrOul2OH63G_fAM-PS_p0tonFX1ZnSNFmcI437iPocQ2O5lQ07V9hfzPci5HVIIy9xr34G_17frl-FJhyc9LzewWoMjt3hN92Y4vKqGMC_71SoA-CDnhDxT8g8a7lV_K5-XwjHwq3xgZqjE8KV2T4l_h2TeMfFN6K2x-CHmO8yqKLW9mtGDxhkU1R218wUoTMuyAL7wys0WLsiyftw4YpcpAVQ8qVuPc6bMYz&cce=2&category=acrcp_v1_32&sig=AOD64_0dJh9kfhFGWNAW7ItlP7Q5rMXcPA&adurl&q&ctype=99&nis=6, 0414 831 419,", Shop 3, 59/65 Gerrale St, Cronulla NSW 2230",Business Owner / Managing Director,92,High,pending,,,Plumbing & Trades,High,Personalized,,,,,,,,,,
contact@allneedsplumbingcronulla.com.au,,,Allneedsplumbingcronulla,/aclk?sa=L&ai=DChsSEwi_mrD6sKuWAxWVNYMDHftOLMEYACICCAEQABoCc2Y&co=1&ase=2&gclid=EAIaIQobChMIv5qw-rCrlgMVlTWDAx37TizBEBAYASAAEgKan_D_BwE&cid=CAASuwHkaDEDUjhahmlh36AXKspKrOul2OH63G_fAM-PS_p0tonFX1ZnSNFmcI437iPocQ2O5lQ07V9hfzPci5HVIIy9xr34G_17frl-FJhyc9LzewWoMjt3hN92Y4vKqGMC_71SoA-CDnhDxT8g8a7lV_K5-XwjHwq3xgZqjE8KV2T4l_h2TeMfFN6K2x-CHmO8yqKLW9mtGDxhkU1R218wUoTMuyAL7wys0WLsiyftw4YpcpAVQ8qVuPc6bMYz&cce=2&category=acrcp_v1_32&sig=AOD64_0dJh9kfhFGWNAW7ItlP7Q5rMXcPA&adurl&q&ctype=99&nis=6, 0468 175 078,", 55 Kurnell Rd, Cronulla NSW 2230",Business Owner / Managing Director,92,High,pending,,,Plumbing & Trades,High,Personalized,,,,,,,,,,
contact@sjhdrainage.com.au,,,Sjhdrainage,/aclk?sa=L&ai=DChsSEwi_mrD6sKuWAxWVNYMDHftOLMEYACICCAEQABoCc2Y&co=1&ase=2&gclid=EAIaIQobChMIv5qw-rCrlgMVlTWDAx37TizBEBAYASAAEgKan_D_BwE&cid=CAASuwHkaDEDUjhahmlh36AXKspKrOul2OH63G_fAM-PS_p0tonFX1ZnSNFmcI437iPocQ2O5lQ07V9hfzPci5HVIIy9xr34G_17frl-FJhyc9LzewWoMjt3hN92Y4vKqGMC_71SoA-CDnhDxT8g8a7lV_K5-XwjHwq3xgZqjE8KV2T4l_h2TeMfFN6K2x-CHmO8yqKLW9mtGDxhkU1R218wUoTMuyAL7wys0WLsiyftw4YpcpAVQ8qVuPc6bMYz&cce=2&category=acrcp_v1_32&sig=AOD64_0dJh9kfhFGWNAW7ItlP7Q5rMXcPA&adurl&q&ctype=99&nis=6, 0423 939 575,", Locksley St, Cronulla NSW 2230",Business Owner / Managing Director,92,High,pending,,,Plumbing & Trades,High,Personalized,,,,,,,,,,
info@allneedsplumbing.com.au,,,Allneedsplumbing,https://allneedsplumbing.com.au/miranda/?utm_source=google&utm_medium=organic&utm_campaign=gbp-listing&utm_content=miranda, 0485 900 325,", 16 Pinnacle St, Miranda NSW 2228",Business Owner / Managing Director,92,High,pending,,,Plumbing & Trades,High,Personalized,,,,,,,,,,
contact@jghplumbing.com.au,,,Jghplumbing,/aclk?sa=L&ai=DChsSEwiJvpOGsauWAxVDjGYCHeGlM3cYACICCAEQABoCc20&co=1&ase=2&gclid=EAIaIQobChMIib6ThrGrlgMVQ4xmAh3hpTN3EBAYASAAEgICdPD_BwE&cid=CAASuwHkaHPh5p32gj91VrSguAKsZqgLzrZ0-pUWaXflyPkOpjqHPNSJ5UC2OpxGNXluzWNnTVYg-oAqUGP1GnkhiTj-TsEBqTNMgfc-QBZtCHSDXU09qjAB-QP1KjYhBylTRNZI9WbGgBuJOzCRsGSa4FYSFCp26cM3iNgycAklDKSZO1mTaMcw0SrxIruFPHaG25S1uGdpDz4_-EVE-KppIKrcNS70NuhasFGFwufJ_sFZJhiEkznpNsl6xf1j&cce=2&category=acrcp_v1_32&sig=AOD64_1fQClYfOEnheW1SHwN0nfrTXUaww&adurl&q&ctype=99&nis=6, 0421 188 367,", Unit 17E/1-3 Endeavour Rd, Caringbah NSW 2229",Business Owner / Managing Director,92,High,pending,,,Plumbing & Trades,High,Personalized,,,,,,,,,,
contact@servicetodayplumbercaringbah.com.au,,,Servicetodayplumbercaringbah,/aclk?sa=L&ai=DChsSEwiJvpOGsauWAxVDjGYCHeGlM3cYACICCAEQABoCc20&co=1&ase=2&gclid=EAIaIQobChMIib6ThrGrlgMVQ4xmAh3hpTN3EBAYASAAEgICdPD_BwE&cid=CAASuwHkaHPh5p32gj91VrSguAKsZqgLzrZ0-pUWaXflyPkOpjqHPNSJ5UC2OpxGNXluzWNnTVYg-oAqUGP1GnkhiTj-TsEBqTNMgfc-QBZtCHSDXU09qjAB-QP1KjYhBylTRNZI9WbGgBuJOzCRsGSa4FYSFCp26cM3iNgycAklDKSZO1mTaMcw0SrxIruFPHaG25S1uGdpDz4_-EVE-KppIKrcNS70NuhasFGFwufJ_sFZJhiEkznpNsl6xf1j&cce=2&category=acrcp_v1_32&sig=AOD64_1fQClYfOEnheW1SHwN0nfrTXUaww&adurl&q&ctype=99&nis=6, 0420 101 995,Caringbah NSW Australia,Business Owner / Managing Director,92,High,pending,,,Plumbing & Trades,High,Personalized,,,,,,,,,,
contact@caringbahplumbingdrains.com.au,,,Caringbahplumbingdrains,/aclk?sa=L&ai=DChsSEwiJvpOGsauWAxVDjGYCHeGlM3cYACICCAEQABoCc20&co=1&ase=2&gclid=EAIaIQobChMIib6ThrGrlgMVQ4xmAh3hpTN3EBAYASAAEgICdPD_BwE&cid=CAASuwHkaHPh5p32gj91VrSguAKsZqgLzrZ0-pUWaXflyPkOpjqHPNSJ5UC2OpxGNXluzWNnTVYg-oAqUGP1GnkhiTj-TsEBqTNMgfc-QBZtCHSDXU09qjAB-QP1KjYhBylTRNZI9WbGgBuJOzCRsGSa4FYSFCp26cM3iNgycAklDKSZO1mTaMcw0SrxIruFPHaG25S1uGdpDz4_-EVE-KppIKrcNS70NuhasFGFwufJ_sFZJhiEkznpNsl6xf1j&cce=2&category=acrcp_v1_32&sig=AOD64_1fQClYfOEnheW1SHwN0nfrTXUaww&adurl&q&ctype=99&nis=6, 0485 869 484,Caringbah NSW Australia,Business Owner / Managing Director,92,High,pending,,,Plumbing & Trades,High,Personalized,,,,,,,,,,
contact@plumbersplease.com.au,,,Plumbersplease,/aclk?sa=L&ai=DChsSEwiJvpOGsauWAxVDjGYCHeGlM3cYACICCAEQABoCc20&co=1&ase=2&gclid=EAIaIQobChMIib6ThrGrlgMVQ4xmAh3hpTN3EBAYASAAEgICdPD_BwE&cid=CAASuwHkaHPh5p32gj91VrSguAKsZqgLzrZ0-pUWaXflyPkOpjqHPNSJ5UC2OpxGNXluzWNnTVYg-oAqUGP1GnkhiTj-TsEBqTNMgfc-QBZtCHSDXU09qjAB-QP1KjYhBylTRNZI9WbGgBuJOzCRsGSa4FYSFCp26cM3iNgycAklDKSZO1mTaMcw0SrxIruFPHaG25S1uGdpDz4_-EVE-KppIKrcNS70NuhasFGFwufJ_sFZJhiEkznpNsl6xf1j&cce=2&category=acrcp_v1_32&sig=AOD64_1fQClYfOEnheW1SHwN0nfrTXUaww&adurl&q&ctype=99&nis=6, 0413 327 408,", 12b/1-3 Endeavour Rd, Caringbah NSW 2228",Business Owner / Managing Director,92,High,pending,,,Plumbing & Trades,High,Personalized,,,,,,,,,,
contact@upnplumbingptyltd.com.au,,,Upnplumbingptyltd,/aclk?sa=L&ai=DChsSEwiJvpOGsauWAxVDjGYCHeGlM3cYACICCAEQABoCc20&co=1&ase=2&gclid=EAIaIQobChMIib6ThrGrlgMVQ4xmAh3hpTN3EBAYASAAEgICdPD_BwE&cid=CAASuwHkaHPh5p32gj91VrSguAKsZqgLzrZ0-pUWaXflyPkOpjqHPNSJ5UC2OpxGNXluzWNnTVYg-oAqUGP1GnkhiTj-TsEBqTNMgfc-QBZtCHSDXU09qjAB-QP1KjYhBylTRNZI9WbGgBuJOzCRsGSa4FYSFCp26cM3iNgycAklDKSZO1mTaMcw0SrxIruFPHaG25S1uGdpDz4_-EVE-KppIKrcNS70NuhasFGFwufJ_sFZJhiEkznpNsl6xf1j&cce=2&category=acrcp_v1_32&sig=AOD64_1fQClYfOEnheW1SHwN0nfrTXUaww&adurl&q&ctype=99&nis=6, 0499 249 958,", Unit 10/70 Captain Cook Dr, Caringbah NSW 2229",Business Owner / Managing Director,92,High,pending,,,Plumbing & Trades,High,Personalized,,,,,,,,,,
contact@jeremymacphersonplumbingptyltd.com.au,,,Jeremymacphersonplumbingptyltd,/aclk?sa=L&ai=DChsSEwiJvpOGsauWAxVDjGYCHeGlM3cYACICCAEQABoCc20&co=1&ase=2&gclid=EAIaIQobChMIib6ThrGrlgMVQ4xmAh3hpTN3EBAYASAAEgICdPD_BwE&cid=CAASuwHkaHPh5p32gj91VrSguAKsZqgLzrZ0-pUWaXflyPkOpjqHPNSJ5UC2OpxGNXluzWNnTVYg-oAqUGP1GnkhiTj-TsEBqTNMgfc-QBZtCHSDXU09qjAB-QP1KjYhBylTRNZI9WbGgBuJOzCRsGSa4FYSFCp26cM3iNgycAklDKSZO1mTaMcw0SrxIruFPHaG25S1uGdpDz4_-EVE-KppIKrcNS70NuhasFGFwufJ_sFZJhiEkznpNsl6xf1j&cce=2&category=acrcp_v1_32&sig=AOD64_1fQClYfOEnheW1SHwN0nfrTXUaww&adurl&q&ctype=99&nis=6, (02) 9524 6656,", 234 Taren Point Rd, Caringbah NSW 2229",Business Owner / Managing Director,92,High,pending,,,Plumbing & Trades,High,Personalized,,,,,,,,,,
contact@mpjplumbinggroupptyltd.com.au,,,Mpjplumbinggroupptyltd,/aclk?sa=L&ai=DChsSEwiJvpOGsauWAxVDjGYCHeGlM3cYACICCAEQABoCc20&co=1&ase=2&gclid=EAIaIQobChMIib6ThrGrlgMVQ4xmAh3hpTN3EBAYASAAEgICdPD_BwE&cid=CAASuwHkaHPh5p32gj91VrSguAKsZqgLzrZ0-pUWaXflyPkOpjqHPNSJ5UC2OpxGNXluzWNnTVYg-oAqUGP1GnkhiTj-TsEBqTNMgfc-QBZtCHSDXU09qjAB-QP1KjYhBylTRNZI9WbGgBuJOzCRsGSa4FYSFCp26cM3iNgycAklDKSZO1mTaMcw0SrxIruFPHaG25S1uGdpDz4_-EVE-KppIKrcNS70NuhasFGFwufJ_sFZJhiEkznpNsl6xf1j&cce=2&category=acrcp_v1_32&sig=AOD64_1fQClYfOEnheW1SHwN0nfrTXUaww&adurl&q&ctype=99&nis=6, (02) 8537 3316,", Unit 12/29 Bay Rd, Taren Point NSW 2229",Business Owner / Managing Director,92,High,pending,,,Plumbing & Trades,High,Personalized,,,,,,,,,,
contact@sutherlandshireplumbingdrains.com.au,,,Sutherlandshireplumbingdrains,/aclk?sa=L&ai=DChsSEwihkPqLsauWAxUeIEQIHZn5HHIYACICCAEQABoCZHo&co=1&ase=2&gclid=EAIaIQobChMIoZD6i7GrlgMVHiBECB2Z-RxyEBAYASAAEgL9evD_BwE&cid=CAASuwHkaMJLCgad2BWThHAwgRMpLG92OIKDqrR8sP25W8TokgV_NXOpYMrluxIJN3bYylE3-KF23YtdRawg2kuS_OkZMS_vuJaY7ZubB6gg6-Ro3CFLdUlbn4ikD-muzSkMoG1yISTAiXPyYOCY_cMpQM7QsBIhnL4fekkip11o9B6ri2VpU8GzIAYBVEVBebZq_rbkgR3jJKkCG6xqVHpriHNau3fmxGmDjJRgDxr4STADRk3NN6UH_jwd0u51&cce=2&category=acrcp_v1_32&sig=AOD64_2Ln1_FjGrQjg_rG1uSs_UAYTTT2Q&adurl&q&ctype=99&nis=6, 0485 814 790,Sutherland NSW Australia,Business Owner / Managing Director,92,High,pending,,,Plumbing & Trades,High,Personalized,,,,,,,,,,
contact@priorityplusplumbingsutherlandshire.com.au,,,Priorityplusplumbingsutherlandshire,/aclk?sa=L&ai=DChsSEwihkPqLsauWAxUeIEQIHZn5HHIYACICCAEQABoCZHo&co=1&ase=2&gclid=EAIaIQobChMIoZD6i7GrlgMVHiBECB2Z-RxyEBAYASAAEgL9evD_BwE&cid=CAASuwHkaMJLCgad2BWThHAwgRMpLG92OIKDqrR8sP25W8TokgV_NXOpYMrluxIJN3bYylE3-KF23YtdRawg2kuS_OkZMS_vuJaY7ZubB6gg6-Ro3CFLdUlbn4ikD-muzSkMoG1yISTAiXPyYOCY_cMpQM7QsBIhnL4fekkip11o9B6ri2VpU8GzIAYBVEVBebZq_rbkgR3jJKkCG6xqVHpriHNau3fmxGmDjJRgDxr4STADRk3NN6UH_jwd0u51&cce=2&category=acrcp_v1_32&sig=AOD64_2Ln1_FjGrQjg_rG1uSs_UAYTTT2Q&adurl&q&ctype=99&nis=6, (02) 9544 6455,", 7/429 The Boulevarde, Kirrawee NSW 2232",Business Owner / Managing Director,92,High,pending,,,Plumbing & Trades,High,Personalized,,,,,,,,,,
contact@servicetodayplumbermiranda.com.au,,,Servicetodayplumbermiranda,/aclk?sa=L&ai=DChsSEwihkPqLsauWAxUeIEQIHZn5HHIYACICCAEQABoCZHo&co=1&ase=2&gclid=EAIaIQobChMIoZD6i7GrlgMVHiBECB2Z-RxyEBAYASAAEgL9evD_BwE&cid=CAASuwHkaMJLCgad2BWThHAwgRMpLG92OIKDqrR8sP25W8TokgV_NXOpYMrluxIJN3bYylE3-KF23YtdRawg2kuS_OkZMS_vuJaY7ZubB6gg6-Ro3CFLdUlbn4ikD-muzSkMoG1yISTAiXPyYOCY_cMpQM7QsBIhnL4fekkip11o9B6ri2VpU8GzIAYBVEVBebZq_rbkgR3jJKkCG6xqVHpriHNau3fmxGmDjJRgDxr4STADRk3NN6UH_jwd0u51&cce=2&category=acrcp_v1_32&sig=AOD64_2Ln1_FjGrQjg_rG1uSs_UAYTTT2Q&adurl&q&ctype=99&nis=6, 0488 805 913,Sutherland NSW Australia,Business Owner / Managing Director,92,High,pending,,,Plumbing & Trades,High,Personalized,,,,,,,,,,
contact@davidfrithqualityplumbingservices.com.au,,,Davidfrithqualityplumbingservices,/aclk?sa=L&ai=DChsSEwihkPqLsauWAxUeIEQIHZn5HHIYACICCAEQABoCZHo&co=1&ase=2&gclid=EAIaIQobChMIoZD6i7GrlgMVHiBECB2Z-RxyEBAYASAAEgL9evD_BwE&cid=CAASuwHkaMJLCgad2BWThHAwgRMpLG92OIKDqrR8sP25W8TokgV_NXOpYMrluxIJN3bYylE3-KF23YtdRawg2kuS_OkZMS_vuJaY7ZubB6gg6-Ro3CFLdUlbn4ikD-muzSkMoG1yISTAiXPyYOCY_cMpQM7QsBIhnL4fekkip11o9B6ri2VpU8GzIAYBVEVBebZq_rbkgR3jJKkCG6xqVHpriHNau3fmxGmDjJRgDxr4STADRk3NN6UH_jwd0u51&cce=2&category=acrcp_v1_32&sig=AOD64_2Ln1_FjGrQjg_rG1uSs_UAYTTT2Q&adurl&q&ctype=99&nis=6, 0411 086 859,", 32 Durbar Ave, Kirrawee NSW 2232",Business Owner / Managing Director,92,High,pending,,,Plumbing & Trades,High,Personalized,,,,,,,,,,
contact@dtplumbingsolutions.com.au,,,Dtplumbingsolutions,/aclk?sa=L&ai=DChsSEwihkPqLsauWAxUeIEQIHZn5HHIYACICCAEQABoCZHo&co=1&ase=2&gclid=EAIaIQobChMIoZD6i7GrlgMVHiBECB2Z-RxyEBAYASAAEgL9evD_BwE&cid=CAASuwHkaMJLCgad2BWThHAwgRMpLG92OIKDqrR8sP25W8TokgV_NXOpYMrluxIJN3bYylE3-KF23YtdRawg2kuS_OkZMS_vuJaY7ZubB6gg6-Ro3CFLdUlbn4ikD-muzSkMoG1yISTAiXPyYOCY_cMpQM7QsBIhnL4fekkip11o9B6ri2VpU8GzIAYBVEVBebZq_rbkgR3jJKkCG6xqVHpriHNau3fmxGmDjJRgDxr4STADRk3NN6UH_jwd0u51&cce=2&category=acrcp_v1_32&sig=AOD64_2Ln1_FjGrQjg_rG1uSs_UAYTTT2Q&adurl&q&ctype=99&nis=6, 0435 355 633,Sutherland NSW Australia,Business Owner / Managing Director,92,High,pending,,,Plumbing & Trades,High,Personalized,,,,,,,,,,
contact@everydayplumbinggasservices.com.au,,,Everydayplumbinggasservices,/aclk?sa=L&ai=DChsSEwihkPqLsauWAxUeIEQIHZn5HHIYACICCAEQABoCZHo&co=1&ase=2&gclid=EAIaIQobChMIoZD6i7GrlgMVHiBECB2Z-RxyEBAYASAAEgL9evD_BwE&cid=CAASuwHkaMJLCgad2BWThHAwgRMpLG92OIKDqrR8sP25W8TokgV_NXOpYMrluxIJN3bYylE3-KF23YtdRawg2kuS_OkZMS_vuJaY7ZubB6gg6-Ro3CFLdUlbn4ikD-muzSkMoG1yISTAiXPyYOCY_cMpQM7QsBIhnL4fekkip11o9B6ri2VpU8GzIAYBVEVBebZq_rbkgR3jJKkCG6xqVHpriHNau3fmxGmDjJRgDxr4STADRk3NN6UH_jwd0u51&cce=2&category=acrcp_v1_32&sig=AOD64_2Ln1_FjGrQjg_rG1uSs_UAYTTT2Q&adurl&q&ctype=99&nis=6, 0488 801 008,Sutherland NSW Australia,Business Owner / Managing Director,92,High,pending,,,Plumbing & Trades,High,Personalized,,,,,,,,,,
contact@tarenpointplumbing.com.au,,,Tarenpointplumbing,/aclk?sa=L&ai=DChsSEwihkPqLsauWAxUeIEQIHZn5HHIYACICCAEQABoCZHo&co=1&ase=2&gclid=EAIaIQobChMIoZD6i7GrlgMVHiBECB2Z-RxyEBAYASAAEgL9evD_BwE&cid=CAASuwHkaMJLCgad2BWThHAwgRMpLG92OIKDqrR8sP25W8TokgV_NXOpYMrluxIJN3bYylE3-KF23YtdRawg2kuS_OkZMS_vuJaY7ZubB6gg6-Ro3CFLdUlbn4ikD-muzSkMoG1yISTAiXPyYOCY_cMpQM7QsBIhnL4fekkip11o9B6ri2VpU8GzIAYBVEVBebZq_rbkgR3jJKkCG6xqVHpriHNau3fmxGmDjJRgDxr4STADRk3NN6UH_jwd0u51&cce=2&category=acrcp_v1_32&sig=AOD64_2Ln1_FjGrQjg_rG1uSs_UAYTTT2Q&adurl&q&ctype=99&nis=6, 0439 437 407,", 55 Rival St, Kareela NSW 2232",Business Owner / Managing Director,92,High,pending,,,Plumbing & Trades,High,Personalized,,,,,,,,,,
contact@southeastplumbingengadine.com.au,,,Southeastplumbingengadine,/aclk?sa=L&ai=DChsSEwiZnbyRsauWAxVOlEsFHbWcKjMYACICCAEQABoCc2Y&co=1&ase=2&gclid=EAIaIQobChMImZ28kbGrlgMVTpRLBR21nCozEBAYASAAEgKBXfD_BwE&cid=CAASuwHkaMLULmgbabV2LVmlYGZ9a07n3z28mDo8uhuAseIXfgp-Ip-g3ffOHR1A99sDZJ8-I4muXpXXZPTz_76QU69-Yc5Ll1hELdJnr2tihRXOpw05Qp3PPi_oWBNRxXQXouojFNYXhcV6uAh0MhEcmydJ6cpsm4NKyi89FxmMFOXuoUBzCQeQ6HEmYltdKgsa48yMHcgNw4ZU88tKjO3a_aMnMwt1qqZe6HYLEvXbZK4peiKBBmlMZ1pFs27V&cce=2&category=acrcp_v1_32&sig=AOD64_2b9Km94mm22-iXEueI5IZNe7xlnw&adurl&q&ctype=99&nis=6, 0414 651 351,", 9 Porter Rd, Engadine NSW 2233",Business Owner / Managing Director,92,High,pending,,,Plumbing & Trades,High,Personalized,,,,,,,,,,
contact@servicetodayplumberengadine.com.au,,,Servicetodayplumberengadine,/aclk?sa=L&ai=DChsSEwiZnbyRsauWAxVOlEsFHbWcKjMYACICCAEQABoCc2Y&co=1&ase=2&gclid=EAIaIQobChMImZ28kbGrlgMVTpRLBR21nCozEBAYASAAEgKBXfD_BwE&cid=CAASuwHkaMLULmgbabV2LVmlYGZ9a07n3z28mDo8uhuAseIXfgp-Ip-g3ffOHR1A99sDZJ8-I4muXpXXZPTz_76QU69-Yc5Ll1hELdJnr2tihRXOpw05Qp3PPi_oWBNRxXQXouojFNYXhcV6uAh0MhEcmydJ6cpsm4NKyi89FxmMFOXuoUBzCQeQ6HEmYltdKgsa48yMHcgNw4ZU88tKjO3a_aMnMwt1qqZe6HYLEvXbZK4peiKBBmlMZ1pFs27V&cce=2&category=acrcp_v1_32&sig=AOD64_2b9Km94mm22-iXEueI5IZNe7xlnw&adurl&q&ctype=99&nis=6, 0488 801 954,Engadine NSW Australia,Business Owner / Managing Director,92,High,pending,,,Plumbing & Trades,High,Personalized,,,,,,,,,,
contact@quikflowplumbingexcavation.com.au,,,Quikflowplumbingexcavation,/aclk?sa=L&ai=DChsSEwiZnbyRsauWAxVOlEsFHbWcKjMYACICCAEQABoCc2Y&co=1&ase=2&gclid=EAIaIQobChMImZ28kbGrlgMVTpRLBR21nCozEBAYASAAEgKBXfD_BwE&cid=CAASuwHkaMLULmgbabV2LVmlYGZ9a07n3z28mDo8uhuAseIXfgp-Ip-g3ffOHR1A99sDZJ8-I4muXpXXZPTz_76QU69-Yc5Ll1hELdJnr2tihRXOpw05Qp3PPi_oWBNRxXQXouojFNYXhcV6uAh0MhEcmydJ6cpsm4NKyi89FxmMFOXuoUBzCQeQ6HEmYltdKgsa48yMHcgNw4ZU88tKjO3a_aMnMwt1qqZe6HYLEvXbZK4peiKBBmlMZ1pFs27V&cce=2&category=acrcp_v1_32&sig=AOD64_2b9Km94mm22-iXEueI5IZNe7xlnw&adurl&q&ctype=99&nis=6, 0421 794 509,", 51 Croston Rd, Engadine NSW 2233",Business Owner / Managing Director,92,High,pending,,,Plumbing & Trades,High,Personalized,,,,,,,,,,
contact@localleakdetectionspecialistsydney.com.au,,,Localleakdetectionspecialistsydney,/aclk?sa=L&ai=DChsSEwiZnbyRsauWAxVOlEsFHbWcKjMYACICCAEQABoCc2Y&co=1&ase=2&gclid=EAIaIQobChMImZ28kbGrlgMVTpRLBR21nCozEBAYASAAEgKBXfD_BwE&cid=CAASuwHkaMLULmgbabV2LVmlYGZ9a07n3z28mDo8uhuAseIXfgp-Ip-g3ffOHR1A99sDZJ8-I4muXpXXZPTz_76QU69-Yc5Ll1hELdJnr2tihRXOpw05Qp3PPi_oWBNRxXQXouojFNYXhcV6uAh0MhEcmydJ6cpsm4NKyi89FxmMFOXuoUBzCQeQ6HEmYltdKgsa48yMHcgNw4ZU88tKjO3a_aMnMwt1qqZe6HYLEvXbZK4peiKBBmlMZ1pFs27V&cce=2&category=acrcp_v1_32&sig=AOD64_2b9Km94mm22-iXEueI5IZNe7xlnw&adurl&q&ctype=99&nis=6, 0412 414 780,", 22/199 Woronora Rd, Engadine NSW 2233",Business Owner / Managing Director,92,High,pending,,,Plumbing & Trades,High,Personalized,,,,,,,,,,
contact@mcveighplumbing.com.au,,,Mcveighplumbing,/aclk?sa=L&ai=DChsSEwiZnbyRsauWAxVOlEsFHbWcKjMYACICCAEQABoCc2Y&co=1&ase=2&gclid=EAIaIQobChMImZ28kbGrlgMVTpRLBR21nCozEBAYASAAEgKBXfD_BwE&cid=CAASuwHkaMLULmgbabV2LVmlYGZ9a07n3z28mDo8uhuAseIXfgp-Ip-g3ffOHR1A99sDZJ8-I4muXpXXZPTz_76QU69-Yc5Ll1hELdJnr2tihRXOpw05Qp3PPi_oWBNRxXQXouojFNYXhcV6uAh0MhEcmydJ6cpsm4NKyi89FxmMFOXuoUBzCQeQ6HEmYltdKgsa48yMHcgNw4ZU88tKjO3a_aMnMwt1qqZe6HYLEvXbZK4peiKBBmlMZ1pFs27V&cce=2&category=acrcp_v1_32&sig=AOD64_2b9Km94mm22-iXEueI5IZNe7xlnw&adurl&q&ctype=99&nis=6, 0476 238 941,", Anzac Ave, Engadine NSW 2233",Business Owner / Managing Director,92,High,pending,,,Plumbing & Trades,High,Personalized,,,,,,,,,,
contact@dunkedupplumbing.com.au,,,Dunkedupplumbing,/aclk?sa=L&ai=DChsSEwiZnbyRsauWAxVOlEsFHbWcKjMYACICCAEQABoCc2Y&co=1&ase=2&gclid=EAIaIQobChMImZ28kbGrlgMVTpRLBR21nCozEBAYASAAEgKBXfD_BwE&cid=CAASuwHkaMLULmgbabV2LVmlYGZ9a07n3z28mDo8uhuAseIXfgp-Ip-g3ffOHR1A99sDZJ8-I4muXpXXZPTz_76QU69-Yc5Ll1hELdJnr2tihRXOpw05Qp3PPi_oWBNRxXQXouojFNYXhcV6uAh0MhEcmydJ6cpsm4NKyi89FxmMFOXuoUBzCQeQ6HEmYltdKgsa48yMHcgNw4ZU88tKjO3a_aMnMwt1qqZe6HYLEvXbZK4peiKBBmlMZ1pFs27V&cce=2&category=acrcp_v1_32&sig=AOD64_2b9Km94mm22-iXEueI5IZNe7xlnw&adurl&q&ctype=99&nis=6, 0411 469 952,Engadine NSW Australia,Business Owner / Managing Director,92,High,pending,,,Plumbing & Trades,High,Personalized,,,,,,,,,,
contact@rapidwaveplumbing.com.au,,,Rapidwaveplumbing,/aclk?sa=L&ai=DChsSEwiZnbyRsauWAxVOlEsFHbWcKjMYACICCAEQABoCc2Y&co=1&ase=2&gclid=EAIaIQobChMImZ28kbGrlgMVTpRLBR21nCozEBAYASAAEgKBXfD_BwE&cid=CAASuwHkaMLULmgbabV2LVmlYGZ9a07n3z28mDo8uhuAseIXfgp-Ip-g3ffOHR1A99sDZJ8-I4muXpXXZPTz_76QU69-Yc5Ll1hELdJnr2tihRXOpw05Qp3PPi_oWBNRxXQXouojFNYXhcV6uAh0MhEcmydJ6cpsm4NKyi89FxmMFOXuoUBzCQeQ6HEmYltdKgsa48yMHcgNw4ZU88tKjO3a_aMnMwt1qqZe6HYLEvXbZK4peiKBBmlMZ1pFs27V&cce=2&category=acrcp_v1_32&sig=AOD64_2b9Km94mm22-iXEueI5IZNe7xlnw&adurl&q&ctype=99&nis=6, 0433 863 949,Engadine NSW Australia,Business Owner / Managing Director,92,High,pending,,,Plumbing & Trades,High,Personalized,,,,,,,,,,
contact@gymeaplumberservice.com.au,,,Gymeaplumberservice,/aclk?sa=L&ai=DChsSEwj3vIaXsauWAxURrWYCHbp6PS8YACICCAEQABoCc20&co=1&ase=2&gclid=EAIaIQobChMI97yGl7GrlgMVEa1mAh26ej0vEBAYASAAEgLLTPD_BwE&cid=CAASuwHkaPOUizYwnDfomyARJzrmj-3JATX8k7iaALeR8nvuZI9SlwwRI13v82FGsS0chCK2hXFUukru1ErX63-RVwIKaZniAM3MKWDjB7CHp3J-d-d5mnYSImsirzbRlSIBr6pwxZGYJOM69RgDdej6VDs97Ij232y1lm3AgminYlbX7tP7-rzxWvfhNNhW4gvAl0EW3wAGEDyOWf2rqfFzBhcmeI5EKWIi2u0D6Ex7y6OgbM-0u9lNZHIEl8zO&cce=2&category=acrcp_v1_32&sig=AOD64_2JNz5C56dt64tq3FAxD71mA6970Q&adurl&q&ctype=99&nis=6, 0468 228 034,", 25 Gymea Bay Rd, Gymea NSW 2227",Business Owner / Managing Director,92,High,pending,,,Plumbing & Trades,High,Personalized,,,,,,,,,,
contact@damienmcevoyplumbing.com.au,,,Damienmcevoyplumbing,/aclk?sa=L&ai=DChsSEwj3vIaXsauWAxURrWYCHbp6PS8YACICCAEQABoCc20&co=1&ase=2&gclid=EAIaIQobChMI97yGl7GrlgMVEa1mAh26ej0vEBAYASAAEgLLTPD_BwE&cid=CAASuwHkaPOUizYwnDfomyARJzrmj-3JATX8k7iaALeR8nvuZI9SlwwRI13v82FGsS0chCK2hXFUukru1ErX63-RVwIKaZniAM3MKWDjB7CHp3J-d-d5mnYSImsirzbRlSIBr6pwxZGYJOM69RgDdej6VDs97Ij232y1lm3AgminYlbX7tP7-rzxWvfhNNhW4gvAl0EW3wAGEDyOWf2rqfFzBhcmeI5EKWIi2u0D6Ex7y6OgbM-0u9lNZHIEl8zO&cce=2&category=acrcp_v1_32&sig=AOD64_2JNz5C56dt64tq3FAxD71mA6970Q&adurl&q&ctype=99&nis=6, (02) 8599 4593,Gymea NSW Australia,Business Owner / Managing Director,92,High,pending,,,Plumbing & Trades,High,Personalized,,,,,,,,,,
contact@montysplumbingptyltd.com.au,,,Montysplumbingptyltd,/aclk?sa=L&ai=DChsSEwj3vIaXsauWAxURrWYCHbp6PS8YACICCAEQABoCc20&co=1&ase=2&gclid=EAIaIQobChMI97yGl7GrlgMVEa1mAh26ej0vEBAYASAAEgLLTPD_BwE&cid=CAASuwHkaPOUizYwnDfomyARJzrmj-3JATX8k7iaALeR8nvuZI9SlwwRI13v82FGsS0chCK2hXFUukru1ErX63-RVwIKaZniAM3MKWDjB7CHp3J-d-d5mnYSImsirzbRlSIBr6pwxZGYJOM69RgDdej6VDs97Ij232y1lm3AgminYlbX7tP7-rzxWvfhNNhW4gvAl0EW3wAGEDyOWf2rqfFzBhcmeI5EKWIi2u0D6Ex7y6OgbM-0u9lNZHIEl8zO&cce=2&category=acrcp_v1_32&sig=AOD64_2JNz5C56dt64tq3FAxD71mA6970Q&adurl&q&ctype=99&nis=6, 0438 266 292,Gymea NSW Australia,Business Owner / Managing Director,92,High,pending,,,Plumbing & Trades,High,Personalized,,,,,,,,,,
contact@jimmyplumbs.com.au,,,Jimmyplumbs,/aclk?sa=L&ai=DChsSEwj3vIaXsauWAxURrWYCHbp6PS8YACICCAEQABoCc20&co=1&ase=2&gclid=EAIaIQobChMI97yGl7GrlgMVEa1mAh26ej0vEBAYASAAEgLLTPD_BwE&cid=CAASuwHkaPOUizYwnDfomyARJzrmj-3JATX8k7iaALeR8nvuZI9SlwwRI13v82FGsS0chCK2hXFUukru1ErX63-RVwIKaZniAM3MKWDjB7CHp3J-d-d5mnYSImsirzbRlSIBr6pwxZGYJOM69RgDdej6VDs97Ij232y1lm3AgminYlbX7tP7-rzxWvfhNNhW4gvAl0EW3wAGEDyOWf2rqfFzBhcmeI5EKWIi2u0D6Ex7y6OgbM-0u9lNZHIEl8zO&cce=2&category=acrcp_v1_32&sig=AOD64_2JNz5C56dt64tq3FAxD71mA6970Q&adurl&q&ctype=99&nis=6, 0428 497 979,Gymea NSW Australia,Business Owner / Managing Director,92,High,pending,,,Plumbing & Trades,High,Personalized,,,,,,,,,,
info@newbriceplumbing.com.au,,,Newbriceplumbing,https://newbriceplumbing.com.au/plumber-in-jannali/, (02) 9046 8430,", 29 Soldiers Rd, Jannali NSW 2226",Business Owner / Managing Director,92,High,pending,,,Plumbing & Trades,High,Personalized,,,,,,,,,,
info@ezyflowh2o.com.au,,,Ezyflowh2o,http://www.ezyflowh2o.com.au/, 0415 743 200,", 6 Kippax Pl, Menai NSW 2234",Business Owner / Managing Director,92,High,pending,,,Plumbing & Trades,High,Personalized,,,,,,,,,,
contact@jacklomboplumbingservices.com.au,,,Jacklomboplumbingservices,/aclk?sa=L&ai=DChsSEwjO08mlsauWAxW3pWYCHbZfJSIYACICCAEQABoCc20&co=1&ase=2&gclid=EAIaIQobChMIztPJpbGrlgMVt6VmAh22XyUiEBAYASAAEgIR8vD_BwE&cid=CAASuwHkaEG_PejyCkou0ZLGtcLtClzi_6cKoGO3IewUQkfYZPK6JrkycA-oQnthsJ5iBzX5j_ChMZDrgJXyFSvtQ78ClY-Unv_6oIL96A3IbNS3GYd5V_-oOy-YV0YnRUiRsHSh0hR3EK0RgpBx1u7vWLn82ojTYp5nMmVT8T08pDHGjT6SHWE8KxAZYMQzr_UsCX4Dm8quLBSMmO1am6rLSU7uCZN6ICML6wQWuJygRCwlx5czwt9N1oVkQYNJ&cce=2&category=acrcp_v1_32&sig=AOD64_3MjYIhfWy162G7KzWK44AmeomZ_A&adurl&q&ctype=99&nis=6, 0478 533 711,", 380 The Boulevarde, Kirrawee NSW 2232",Business Owner / Managing Director,92,High,pending,,,Plumbing & Trades,High,Personalized,,,,,,,,,,
contact@mpplumbingplumbersutherlandshire.com.au,,,Mpplumbingplumbersutherlandshire,/aclk?sa=L&ai=DChsSEwjO08mlsauWAxW3pWYCHbZfJSIYACICCAEQABoCc20&co=1&ase=2&gclid=EAIaIQobChMIztPJpbGrlgMVt6VmAh22XyUiEBAYASAAEgIR8vD_BwE&cid=CAASuwHkaEG_PejyCkou0ZLGtcLtClzi_6cKoGO3IewUQkfYZPK6JrkycA-oQnthsJ5iBzX5j_ChMZDrgJXyFSvtQ78ClY-Unv_6oIL96A3IbNS3GYd5V_-oOy-YV0YnRUiRsHSh0hR3EK0RgpBx1u7vWLn82ojTYp5nMmVT8T08pDHGjT6SHWE8KxAZYMQzr_UsCX4Dm8quLBSMmO1am6rLSU7uCZN6ICML6wQWuJygRCwlx5czwt9N1oVkQYNJ&cce=2&category=acrcp_v1_32&sig=AOD64_3MjYIhfWy162G7KzWK44AmeomZ_A&adurl&q&ctype=99&nis=6, 0417 027 758,", 30/398 The Boulevarde, Kirrawee NSW 2232",Business Owner / Managing Director,92,High,pending,,,Plumbing & Trades,High,Personalized,,,,,,,,,,
contact@servicetodayplumberrockdale.com.au,,,Servicetodayplumberrockdale,/aclk?sa=L&ai=DChsSEwjKy9mrsauWAxU61xYFHY21EykYACICCAEQARoCdGw&co=1&ase=2&gclid=EAIaIQobChMIysvZq7GrlgMVOtcWBR2NtRMpEBAYASAAEgKoOfD_BwE&cid=CAASuwHkaFfaP74rKM051ivAizpf3pj_jP3m0o0bVqsSn3Yh3LsMduwVU_1wYevn3orVvRWAFqqdXkWhmUPG47M7oNw7BgA02RnkNXfmTh-2bTZb742eqNxLFqG64cGj5lAGipT9Mr7liM5LcLOt_-_gktbywFGQ6LjyLNMDqsnGlIPJN3I7_jmHCfjouc-Ig4mGMPJVSjxbbSgNXK2KxlyXCYyrb_M44Qiau-R-3Yn8jX66EVq3LrMLtn5kXUay&cce=2&category=acrcp_v1_32&sig=AOD64_0vLcijT7_tAfRSwtas0sZyw9R9Lg&adurl&q&ctype=99&nis=6, 0488 814 207,Rockdale NSW Australia,Business Owner / Managing Director,92,High,pending,,,Plumbing & Trades,High,Personalized,,,,,,,,,,
contact@rockdaleplumbinganddrains.com.au,,,Rockdaleplumbinganddrains,/aclk?sa=L&ai=DChsSEwjKy9mrsauWAxU61xYFHY21EykYACICCAEQARoCdGw&co=1&ase=2&gclid=EAIaIQobChMIysvZq7GrlgMVOtcWBR2NtRMpEBAYASAAEgKoOfD_BwE&cid=CAASuwHkaFfaP74rKM051ivAizpf3pj_jP3m0o0bVqsSn3Yh3LsMduwVU_1wYevn3orVvRWAFqqdXkWhmUPG47M7oNw7BgA02RnkNXfmTh-2bTZb742eqNxLFqG64cGj5lAGipT9Mr7liM5LcLOt_-_gktbywFGQ6LjyLNMDqsnGlIPJN3I7_jmHCfjouc-Ig4mGMPJVSjxbbSgNXK2KxlyXCYyrb_M44Qiau-R-3Yn8jX66EVq3LrMLtn5kXUay&cce=2&category=acrcp_v1_32&sig=AOD64_0vLcijT7_tAfRSwtas0sZyw9R9Lg&adurl&q&ctype=99&nis=6, 0480 006 997,", 1 Garnet St, Rockdale NSW 2216",Business Owner / Managing Director,92,High,pending,,,Plumbing & Trades,High,Personalized,,,,,,,,,,
contact@plumbtec.com.au,,,Plumbtec,/aclk?sa=L&ai=DChsSEwjKy9mrsauWAxU61xYFHY21EykYACICCAEQARoCdGw&co=1&ase=2&gclid=EAIaIQobChMIysvZq7GrlgMVOtcWBR2NtRMpEBAYASAAEgKoOfD_BwE&cid=CAASuwHkaFfaP74rKM051ivAizpf3pj_jP3m0o0bVqsSn3Yh3LsMduwVU_1wYevn3orVvRWAFqqdXkWhmUPG47M7oNw7BgA02RnkNXfmTh-2bTZb742eqNxLFqG64cGj5lAGipT9Mr7liM5LcLOt_-_gktbywFGQ6LjyLNMDqsnGlIPJN3I7_jmHCfjouc-Ig4mGMPJVSjxbbSgNXK2KxlyXCYyrb_M44Qiau-R-3Yn8jX66EVq3LrMLtn5kXUay&cce=2&category=acrcp_v1_32&sig=AOD64_0vLcijT7_tAfRSwtas0sZyw9R9Lg&adurl&q&ctype=99&nis=6, 0452 343 438,Rockdale NSW Australia,Business Owner / Managing Director,92,High,pending,,,Plumbing & Trades,High,Personalized,,,,,,,,,,
contact@servicetodayplumberkogarah.com.au,,,Servicetodayplumberkogarah,/aclk?sa=L&ai=DChsSEwjKy9mrsauWAxU61xYFHY21EykYACICCAEQARoCdGw&co=1&ase=2&gclid=EAIaIQobChMIysvZq7GrlgMVOtcWBR2NtRMpEBAYASAAEgKoOfD_BwE&cid=CAASuwHkaFfaP74rKM051ivAizpf3pj_jP3m0o0bVqsSn3Yh3LsMduwVU_1wYevn3orVvRWAFqqdXkWhmUPG47M7oNw7BgA02RnkNXfmTh-2bTZb742eqNxLFqG64cGj5lAGipT9Mr7liM5LcLOt_-_gktbywFGQ6LjyLNMDqsnGlIPJN3I7_jmHCfjouc-Ig4mGMPJVSjxbbSgNXK2KxlyXCYyrb_M44Qiau-R-3Yn8jX66EVq3LrMLtn5kXUay&cce=2&category=acrcp_v1_32&sig=AOD64_0vLcijT7_tAfRSwtas0sZyw9R9Lg&adurl&q&ctype=99&nis=6, 0488 823 204,Rockdale NSW Australia,Business Owner / Managing Director,92,High,pending,,,Plumbing & Trades,High,Personalized,,,,,,,,,,
contact@endeavourplumbinggroupptyltd.com.au,,,Endeavourplumbinggroupptyltd,/aclk?sa=L&ai=DChsSEwjKy9mrsauWAxU61xYFHY21EykYACICCAEQARoCdGw&co=1&ase=2&gclid=EAIaIQobChMIysvZq7GrlgMVOtcWBR2NtRMpEBAYASAAEgKoOfD_BwE&cid=CAASuwHkaFfaP74rKM051ivAizpf3pj_jP3m0o0bVqsSn3Yh3LsMduwVU_1wYevn3orVvRWAFqqdXkWhmUPG47M7oNw7BgA02RnkNXfmTh-2bTZb742eqNxLFqG64cGj5lAGipT9Mr7liM5LcLOt_-_gktbywFGQ6LjyLNMDqsnGlIPJN3I7_jmHCfjouc-Ig4mGMPJVSjxbbSgNXK2KxlyXCYyrb_M44Qiau-R-3Yn8jX66EVq3LrMLtn5kXUay&cce=2&category=acrcp_v1_32&sig=AOD64_0vLcijT7_tAfRSwtas0sZyw9R9Lg&adurl&q&ctype=99&nis=6, 0451 362 627,", 25 Clarence Rd, Rockdale NSW 2216",Business Owner / Managing Director,92,High,pending,,,Plumbing & Trades,High,Personalized,,,,,,,,,,
contact@flushed.com.au,,,Flushed,/aclk?sa=L&ai=DChsSEwjKy9mrsauWAxU61xYFHY21EykYACICCAEQARoCdGw&co=1&ase=2&gclid=EAIaIQobChMIysvZq7GrlgMVOtcWBR2NtRMpEBAYASAAEgKoOfD_BwE&cid=CAASuwHkaFfaP74rKM051ivAizpf3pj_jP3m0o0bVqsSn3Yh3LsMduwVU_1wYevn3orVvRWAFqqdXkWhmUPG47M7oNw7BgA02RnkNXfmTh-2bTZb742eqNxLFqG64cGj5lAGipT9Mr7liM5LcLOt_-_gktbywFGQ6LjyLNMDqsnGlIPJN3I7_jmHCfjouc-Ig4mGMPJVSjxbbSgNXK2KxlyXCYyrb_M44Qiau-R-3Yn8jX66EVq3LrMLtn5kXUay&cce=2&category=acrcp_v1_32&sig=AOD64_0vLcijT7_tAfRSwtas0sZyw9R9Lg&adurl&q&ctype=99&nis=6, 0407 515 181,Rockdale NSW Australia,Business Owner / Managing Director,92,High,pending,,,Plumbing & Trades,High,Personalized,,,,,,,,,,
contact@pacificplumbingsolutions.com.au,,,Pacificplumbingsolutions,/aclk?sa=L&ai=DChsSEwiHz9CwsauWAxXZmGYCHe0_Hb4YACICCAEQABoCc20&co=1&ase=2&gclid=EAIaIQobChMIh8_QsLGrlgMV2ZhmAh3tPx2-EBAYASAAEgI9FPD_BwE&cid=CAASuwHkaI1g7efsjvnP7Br7ICvTDyVB-3VPFDy4kdqI3Oyq4ggUX-nxjR3MITtJMCY5r2pJht94y8TmCCqwxYaYegJ_PT9qvlJFd3VMcG4eoHAesja_cnB-SFCaQfzdT6GXlIqlY5dlncNfo6gIetrVCFPze3IrWuPylxpc5BtyoI_tMiLKT4hym0iv41J23Fz3kexfHdgpAfS0PGSzxlIxuCP2dzq4qVshWev5X6Kh3gceZU6pnQHdE9UNY_cK&cce=2&category=acrcp_v1_32&sig=AOD64_2d-sPoyNW8_zZV7gfqDTIz0YhSSA&adurl&q&ctype=99&nis=6, 1300 016 665,Kogarah NSW Australia,Business Owner / Managing Director,92,High,pending,,,Plumbing & Trades,High,Personalized,,,,,,,,,,
contact@tonkaplumbing.com.au,,,Tonkaplumbing,/aclk?sa=L&ai=DChsSEwiHz9CwsauWAxXZmGYCHe0_Hb4YACICCAEQABoCc20&co=1&ase=2&gclid=EAIaIQobChMIh8_QsLGrlgMV2ZhmAh3tPx2-EBAYASAAEgI9FPD_BwE&cid=CAASuwHkaI1g7efsjvnP7Br7ICvTDyVB-3VPFDy4kdqI3Oyq4ggUX-nxjR3MITtJMCY5r2pJht94y8TmCCqwxYaYegJ_PT9qvlJFd3VMcG4eoHAesja_cnB-SFCaQfzdT6GXlIqlY5dlncNfo6gIetrVCFPze3IrWuPylxpc5BtyoI_tMiLKT4hym0iv41J23Fz3kexfHdgpAfS0PGSzxlIxuCP2dzq4qVshWev5X6Kh3gceZU6pnQHdE9UNY_cK&cce=2&category=acrcp_v1_32&sig=AOD64_2d-sPoyNW8_zZV7gfqDTIz0YhSSA&adurl&q&ctype=99&nis=6, 0422 666 110,", Barton St, Kogarah NSW 2217",Business Owner / Managing Director,92,High,pending,,,Plumbing & Trades,High,Personalized,,,,,,,,,,
contact@etaplumbing.com.au,,,Etaplumbing,/aclk?sa=L&ai=DChsSEwiHz9CwsauWAxXZmGYCHe0_Hb4YACICCAEQABoCc20&co=1&ase=2&gclid=EAIaIQobChMIh8_QsLGrlgMV2ZhmAh3tPx2-EBAYASAAEgI9FPD_BwE&cid=CAASuwHkaI1g7efsjvnP7Br7ICvTDyVB-3VPFDy4kdqI3Oyq4ggUX-nxjR3MITtJMCY5r2pJht94y8TmCCqwxYaYegJ_PT9qvlJFd3VMcG4eoHAesja_cnB-SFCaQfzdT6GXlIqlY5dlncNfo6gIetrVCFPze3IrWuPylxpc5BtyoI_tMiLKT4hym0iv41J23Fz3kexfHdgpAfS0PGSzxlIxuCP2dzq4qVshWev5X6Kh3gceZU6pnQHdE9UNY_cK&cce=2&category=acrcp_v1_32&sig=AOD64_2d-sPoyNW8_zZV7gfqDTIz0YhSSA&adurl&q&ctype=99&nis=6, 0452 292 004,Kogarah NSW Australia,Business Owner / Managing Director,92,High,pending,,,Plumbing & Trades,High,Personalized,,,,,,,,,,
contact@ausplumbing.com.au,,,Ausplumbing,/aclk?sa=L&ai=DChsSEwiHz9CwsauWAxXZmGYCHe0_Hb4YACICCAEQABoCc20&co=1&ase=2&gclid=EAIaIQobChMIh8_QsLGrlgMV2ZhmAh3tPx2-EBAYASAAEgI9FPD_BwE&cid=CAASuwHkaI1g7efsjvnP7Br7ICvTDyVB-3VPFDy4kdqI3Oyq4ggUX-nxjR3MITtJMCY5r2pJht94y8TmCCqwxYaYegJ_PT9qvlJFd3VMcG4eoHAesja_cnB-SFCaQfzdT6GXlIqlY5dlncNfo6gIetrVCFPze3IrWuPylxpc5BtyoI_tMiLKT4hym0iv41J23Fz3kexfHdgpAfS0PGSzxlIxuCP2dzq4qVshWev5X6Kh3gceZU6pnQHdE9UNY_cK&cce=2&category=acrcp_v1_32&sig=AOD64_2d-sPoyNW8_zZV7gfqDTIz0YhSSA&adurl&q&ctype=99&nis=6, 0414 445 013,Kogarah NSW Australia,Business Owner / Managing Director,92,High,pending,,,Plumbing & Trades,High,Personalized,,,,,,,,,,
contact@localkogarahplumber.com.au,,,Localkogarahplumber,/aclk?sa=L&ai=DChsSEwiHz9CwsauWAxXZmGYCHe0_Hb4YACICCAEQABoCc20&co=1&ase=2&gclid=EAIaIQobChMIh8_QsLGrlgMV2ZhmAh3tPx2-EBAYASAAEgI9FPD_BwE&cid=CAASuwHkaI1g7efsjvnP7Br7ICvTDyVB-3VPFDy4kdqI3Oyq4ggUX-nxjR3MITtJMCY5r2pJht94y8TmCCqwxYaYegJ_PT9qvlJFd3VMcG4eoHAesja_cnB-SFCaQfzdT6GXlIqlY5dlncNfo6gIetrVCFPze3IrWuPylxpc5BtyoI_tMiLKT4hym0iv41J23Fz3kexfHdgpAfS0PGSzxlIxuCP2dzq4qVshWev5X6Kh3gceZU6pnQHdE9UNY_cK&cce=2&category=acrcp_v1_32&sig=AOD64_2d-sPoyNW8_zZV7gfqDTIz0YhSSA&adurl&q&ctype=99&nis=6,,", Marshall St, Kogarah NSW 2217",Business Owner / Managing Director,92,High,pending,,,Plumbing & Trades,High,Personalized,,,,,,,,,,
info@plumbwellplumbers.com.au,,,Plumbwellplumbers,https://plumbwellplumbers.com.au/, (02) 9139 8008,", 6B Edgehill St, Carlton NSW 2218",Business Owner / Managing Director,92,High,pending,,,Plumbing & Trades,High,Personalized,,,,,,,,,,
contact@driptechplumbing.com.au,,,Driptechplumbing,/aclk?sa=L&ai=DChsSEwj0rM6-sauWAxWBpGYCHbcRC1sYACICCAEQABoCc20&co=1&ase=2&gclid=EAIaIQobChMI9KzOvrGrlgMVgaRmAh23EQtbEBAYASAAEgIK4fD_BwE&cid=CAASuwHkaBu5AGkg8QqpPlWxU1nftrpz4yZex3lDsLdGQ0-mnqvJqn7Re_VIkVXtXyqoxx2zGZA0g_8CdS_Aw6-QdaC3V9x7yf4AnyOzzqVxgKYe7fnTUoNYrpRm_qQRv6RIkJ2Xeqtv_WPaBuuqIrtfy9prSybVqsmGbKAaOYAhcjWvlcxEd3Vb4eSIfh17bHQYCJvd-JuxfJ8AKdt8AzMLMt-D-rPLKSOqebpVDBlJdR3TtGuOFu8JjsK9T3oo&cce=2&category=acrcp_v1_32&sig=AOD64_3b1uFeEQN76K4d-8n6UzKfDODr7g&adurl&q&ctype=99&nis=6, 1300 530 630,Penshurst NSW Australia,Business Owner / Managing Director,92,High,pending,,,Plumbing & Trades,High,Personalized,,,,,,,,,,
contact@warwickbarnesplumbingemergencyplumbersydney.com.au,,,Warwickbarnesplumbingemergencyplumbersydney,/aclk?sa=L&ai=DChsSEwj0rM6-sauWAxWBpGYCHbcRC1sYACICCAEQABoCc20&co=1&ase=2&gclid=EAIaIQobChMI9KzOvrGrlgMVgaRmAh23EQtbEBAYASAAEgIK4fD_BwE&cid=CAASuwHkaBu5AGkg8QqpPlWxU1nftrpz4yZex3lDsLdGQ0-mnqvJqn7Re_VIkVXtXyqoxx2zGZA0g_8CdS_Aw6-QdaC3V9x7yf4AnyOzzqVxgKYe7fnTUoNYrpRm_qQRv6RIkJ2Xeqtv_WPaBuuqIrtfy9prSybVqsmGbKAaOYAhcjWvlcxEd3Vb4eSIfh17bHQYCJvd-JuxfJ8AKdt8AzMLMt-D-rPLKSOqebpVDBlJdR3TtGuOFu8JjsK9T3oo&cce=2&category=acrcp_v1_32&sig=AOD64_3b1uFeEQN76K4d-8n6UzKfDODr7g&adurl&q&ctype=99&nis=6, 0413 881 473,", 24/576 Forest Rd, Penshurst NSW 2222",Business Owner / Managing Director,92,High,pending,,,Plumbing & Trades,High,Personalized,,,,,,,,,,
contact@cormayplumbing.com.au,,,Cormayplumbing,/aclk?sa=L&ai=DChsSEwj0rM6-sauWAxWBpGYCHbcRC1sYACICCAEQABoCc20&co=1&ase=2&gclid=EAIaIQobChMI9KzOvrGrlgMVgaRmAh23EQtbEBAYASAAEgIK4fD_BwE&cid=CAASuwHkaBu5AGkg8QqpPlWxU1nftrpz4yZex3lDsLdGQ0-mnqvJqn7Re_VIkVXtXyqoxx2zGZA0g_8CdS_Aw6-QdaC3V9x7yf4AnyOzzqVxgKYe7fnTUoNYrpRm_qQRv6RIkJ2Xeqtv_WPaBuuqIrtfy9prSybVqsmGbKAaOYAhcjWvlcxEd3Vb4eSIfh17bHQYCJvd-JuxfJ8AKdt8AzMLMt-D-rPLKSOqebpVDBlJdR3TtGuOFu8JjsK9T3oo&cce=2&category=acrcp_v1_32&sig=AOD64_3b1uFeEQN76K4d-8n6UzKfDODr7g&adurl&q&ctype=99&nis=6, 0415 529 643,Penshurst NSW Australia,Business Owner / Managing Director,92,High,pending,,,Plumbing & Trades,High,Personalized,,,,,,,,,,
contact@rtpplumbinggroup.com.au,,,Rtpplumbinggroup,/aclk?sa=L&ai=DChsSEwj0rM6-sauWAxWBpGYCHbcRC1sYACICCAEQABoCc20&co=1&ase=2&gclid=EAIaIQobChMI9KzOvrGrlgMVgaRmAh23EQtbEBAYASAAEgIK4fD_BwE&cid=CAASuwHkaBu5AGkg8QqpPlWxU1nftrpz4yZex3lDsLdGQ0-mnqvJqn7Re_VIkVXtXyqoxx2zGZA0g_8CdS_Aw6-QdaC3V9x7yf4AnyOzzqVxgKYe7fnTUoNYrpRm_qQRv6RIkJ2Xeqtv_WPaBuuqIrtfy9prSybVqsmGbKAaOYAhcjWvlcxEd3Vb4eSIfh17bHQYCJvd-JuxfJ8AKdt8AzMLMt-D-rPLKSOqebpVDBlJdR3TtGuOFu8JjsK9T3oo&cce=2&category=acrcp_v1_32&sig=AOD64_3b1uFeEQN76K4d-8n6UzKfDODr7g&adurl&q&ctype=99&nis=6, 0422 396 140,Penshurst NSW Australia,Business Owner / Managing Director,92,High,pending,,,Plumbing & Trades,High,Personalized,,,,,,,,,,
contact@penshurstplumberexperts.com.au,,,Penshurstplumberexperts,/aclk?sa=L&ai=DChsSEwj0rM6-sauWAxWBpGYCHbcRC1sYACICCAEQABoCc20&co=1&ase=2&gclid=EAIaIQobChMI9KzOvrGrlgMVgaRmAh23EQtbEBAYASAAEgIK4fD_BwE&cid=CAASuwHkaBu5AGkg8QqpPlWxU1nftrpz4yZex3lDsLdGQ0-mnqvJqn7Re_VIkVXtXyqoxx2zGZA0g_8CdS_Aw6-QdaC3V9x7yf4AnyOzzqVxgKYe7fnTUoNYrpRm_qQRv6RIkJ2Xeqtv_WPaBuuqIrtfy9prSybVqsmGbKAaOYAhcjWvlcxEd3Vb4eSIfh17bHQYCJvd-JuxfJ8AKdt8AzMLMt-D-rPLKSOqebpVDBlJdR3TtGuOFu8JjsK9T3oo&cce=2&category=acrcp_v1_32&sig=AOD64_3b1uFeEQN76K4d-8n6UzKfDODr7g&adurl&q&ctype=99&nis=6,,", 76a Penshurst St, Penshurst NSW 2222",Business Owner / Managing Director,92,High,pending,,,Plumbing & Trades,High,Personalized,,,,,,,,,,
contact@sydneysideplumbingleakdetectionptyltd.com.au,,,Sydneysideplumbingleakdetectionptyltd,/aclk?sa=L&ai=DChsSEwj0rM6-sauWAxWBpGYCHbcRC1sYACICCAEQABoCc20&co=1&ase=2&gclid=EAIaIQobChMI9KzOvrGrlgMVgaRmAh23EQtbEBAYASAAEgIK4fD_BwE&cid=CAASuwHkaBu5AGkg8QqpPlWxU1nftrpz4yZex3lDsLdGQ0-mnqvJqn7Re_VIkVXtXyqoxx2zGZA0g_8CdS_Aw6-QdaC3V9x7yf4AnyOzzqVxgKYe7fnTUoNYrpRm_qQRv6RIkJ2Xeqtv_WPaBuuqIrtfy9prSybVqsmGbKAaOYAhcjWvlcxEd3Vb4eSIfh17bHQYCJvd-JuxfJ8AKdt8AzMLMt-D-rPLKSOqebpVDBlJdR3TtGuOFu8JjsK9T3oo&cce=2&category=acrcp_v1_32&sig=AOD64_3b1uFeEQN76K4d-8n6UzKfDODr7g&adurl&q&ctype=99&nis=6, 0449 800 462,", 609 Forest Rd, Peakhurst NSW 2210",Business Owner / Managing Director,92,High,pending,,,Plumbing & Trades,High,Personalized,,,,,,,,,,
contact@prolificplumbingpiperelining.com.au,,,Prolificplumbingpiperelining,/aclk?sa=L&ai=DChsSEwj0rM6-sauWAxWBpGYCHbcRC1sYACICCAEQABoCc20&co=1&ase=2&gclid=EAIaIQobChMI9KzOvrGrlgMVgaRmAh23EQtbEBAYASAAEgIK4fD_BwE&cid=CAASuwHkaBu5AGkg8QqpPlWxU1nftrpz4yZex3lDsLdGQ0-mnqvJqn7Re_VIkVXtXyqoxx2zGZA0g_8CdS_Aw6-QdaC3V9x7yf4AnyOzzqVxgKYe7fnTUoNYrpRm_qQRv6RIkJ2Xeqtv_WPaBuuqIrtfy9prSybVqsmGbKAaOYAhcjWvlcxEd3Vb4eSIfh17bHQYCJvd-JuxfJ8AKdt8AzMLMt-D-rPLKSOqebpVDBlJdR3TtGuOFu8JjsK9T3oo&cce=2&category=acrcp_v1_32&sig=AOD64_3b1uFeEQN76K4d-8n6UzKfDODr7g&adurl&q&ctype=99&nis=6, 0430 374 265,", 32A Universal St, Mortdale NSW 2223",Business Owner / Managing Director,92,High,pending,,,Plumbing & Trades,High,Personalized,,,,,,,,,,
info@prolificplumbing.com.au,,,Prolificplumbing,http://www.prolificplumbing.com.au/, 0410 333 993,", 55 Wyong St, Oatley NSW 2223",Business Owner / Managing Director,92,High,pending,,,Plumbing & Trades,High,Personalized,,,,,,,,,,
contact@proplumber.com.au,,,Proplumber,/aclk?sa=L&ai=DChsSEwi58MXJsauWAxUXl7kFHYpeN84YACICCAEQABoCdG0&co=1&ase=2&gclid=EAIaIQobChMIufDFybGrlgMVF5e5BR2KXjfOEBAYASAAEgLqIfD_BwE&cid=CAASuwHkaM_Ib9chAIBIp79YoKaVjFEgjO7L7AHxCz7EuCkKjIkIWhkjnWm12LZPLJJUkenH5yebUWl72B9TySkKYS_o0H4KDDKaGGEzmNTVmbgaLPIxhpglc4PUBZ6DsHkW5T3zA_8BwJ86r9S8IE2094pR6svQ7FLFRiN4vqVQoOK9ZivUgO3HA_Kzozbsb4HnroRtJIYuaAVRc7xp3Ot3s2zYD_KVB6Gsa3agOrv-DIr1pEmMSv1VMtLmcvna&cce=2&category=acrcp_v1_32&sig=AOD64_0TGTeKoDRoZbThCm44pM51JZ4lSA&adurl&q&ctype=99&nis=6, 0421 779 324,", 65 Pitt St, Mortdale NSW 2223",Business Owner / Managing Director,92,High,pending,,,Plumbing & Trades,High,Personalized,,,,,,,,,,
contact@mortdaleplumbing.com.au,,,Mortdaleplumbing,/aclk?sa=L&ai=DChsSEwi58MXJsauWAxUXl7kFHYpeN84YACICCAEQABoCdG0&co=1&ase=2&gclid=EAIaIQobChMIufDFybGrlgMVF5e5BR2KXjfOEBAYASAAEgLqIfD_BwE&cid=CAASuwHkaM_Ib9chAIBIp79YoKaVjFEgjO7L7AHxCz7EuCkKjIkIWhkjnWm12LZPLJJUkenH5yebUWl72B9TySkKYS_o0H4KDDKaGGEzmNTVmbgaLPIxhpglc4PUBZ6DsHkW5T3zA_8BwJ86r9S8IE2094pR6svQ7FLFRiN4vqVQoOK9ZivUgO3HA_Kzozbsb4HnroRtJIYuaAVRc7xp3Ot3s2zYD_KVB6Gsa3agOrv-DIr1pEmMSv1VMtLmcvna&cce=2&category=acrcp_v1_32&sig=AOD64_0TGTeKoDRoZbThCm44pM51JZ4lSA&adurl&q&ctype=99&nis=6, 0480 840 257,", 1-7 Pitt St, Mortdale NSW 2223",Business Owner / Managing Director,92,High,pending,,,Plumbing & Trades,High,Personalized,,,,,,,,,,
contact@plumbsavers.com.au,,,Plumbsavers,/aclk?sa=L&ai=DChsSEwi58MXJsauWAxUXl7kFHYpeN84YACICCAEQABoCdG0&co=1&ase=2&gclid=EAIaIQobChMIufDFybGrlgMVF5e5BR2KXjfOEBAYASAAEgLqIfD_BwE&cid=CAASuwHkaM_Ib9chAIBIp79YoKaVjFEgjO7L7AHxCz7EuCkKjIkIWhkjnWm12LZPLJJUkenH5yebUWl72B9TySkKYS_o0H4KDDKaGGEzmNTVmbgaLPIxhpglc4PUBZ6DsHkW5T3zA_8BwJ86r9S8IE2094pR6svQ7FLFRiN4vqVQoOK9ZivUgO3HA_Kzozbsb4HnroRtJIYuaAVRc7xp3Ot3s2zYD_KVB6Gsa3agOrv-DIr1pEmMSv1VMtLmcvna&cce=2&category=acrcp_v1_32&sig=AOD64_0TGTeKoDRoZbThCm44pM51JZ4lSA&adurl&q&ctype=99&nis=6, 0417 552 376,", Mortdale NSW 2223",Business Owner / Managing Director,92,High,pending,,,Plumbing & Trades,High,Personalized,,,,,,,,,,
contact@georgesriveremergencyplumbers.com.au,,,Georgesriveremergencyplumbers,/aclk?sa=L&ai=DChsSEwi58MXJsauWAxUXl7kFHYpeN84YACICCAEQABoCdG0&co=1&ase=2&gclid=EAIaIQobChMIufDFybGrlgMVF5e5BR2KXjfOEBAYASAAEgLqIfD_BwE&cid=CAASuwHkaM_Ib9chAIBIp79YoKaVjFEgjO7L7AHxCz7EuCkKjIkIWhkjnWm12LZPLJJUkenH5yebUWl72B9TySkKYS_o0H4KDDKaGGEzmNTVmbgaLPIxhpglc4PUBZ6DsHkW5T3zA_8BwJ86r9S8IE2094pR6svQ7FLFRiN4vqVQoOK9ZivUgO3HA_Kzozbsb4HnroRtJIYuaAVRc7xp3Ot3s2zYD_KVB6Gsa3agOrv-DIr1pEmMSv1VMtLmcvna&cce=2&category=acrcp_v1_32&sig=AOD64_0TGTeKoDRoZbThCm44pM51JZ4lSA&adurl&q&ctype=99&nis=6, 0489 993 485,", 5 Cook St, Mortdale NSW 2223",Business Owner / Managing Director,92,High,pending,,,Plumbing & Trades,High,Personalized,,,,,,,,,,
contact@stevebennettplumbing.com.au,,,Stevebennettplumbing,/aclk?sa=L&ai=DChsSEwi58MXJsauWAxUXl7kFHYpeN84YACICCAEQABoCdG0&co=1&ase=2&gclid=EAIaIQobChMIufDFybGrlgMVF5e5BR2KXjfOEBAYASAAEgLqIfD_BwE&cid=CAASuwHkaM_Ib9chAIBIp79YoKaVjFEgjO7L7AHxCz7EuCkKjIkIWhkjnWm12LZPLJJUkenH5yebUWl72B9TySkKYS_o0H4KDDKaGGEzmNTVmbgaLPIxhpglc4PUBZ6DsHkW5T3zA_8BwJ86r9S8IE2094pR6svQ7FLFRiN4vqVQoOK9ZivUgO3HA_Kzozbsb4HnroRtJIYuaAVRc7xp3Ot3s2zYD_KVB6Gsa3agOrv-DIr1pEmMSv1VMtLmcvna&cce=2&category=acrcp_v1_32&sig=AOD64_0TGTeKoDRoZbThCm44pM51JZ4lSA&adurl&q&ctype=99&nis=6, 0413 158 600,", 776 Forest Rd, Peakhurst NSW 2210",Business Owner / Managing Director,92,High,pending,,,Plumbing & Trades,High,Personalized,,,,,,,,,,
info@fastflowplumbinggroup.com.au,,,Fastflowplumbinggroup,https://fastflowplumbinggroup.com.au/, 0451 557 884,", Rocky Point Rd, Sans Souci NSW 2219",Business Owner / Managing Director,92,High,pending,,,Plumbing & Trades,High,Personalized,,,,,,,,,,
contact@onehourplumbinghotwaterdrainsrepairsandinstallations.com.au,,,Onehourplumbinghotwaterdrainsrepairsandinstallations,/aclk?sa=L&ai=DChsSEwjqw-XTsauWAxXfk2YCHUrRBXEYACICCAEQARoCc20&co=1&ase=2&gclid=EAIaIQobChMI6sPl07GrlgMV35NmAh1K0QVxEBAYASAAEgJsEfD_BwE&cid=CAASuwHkaKM91dsq7BJq6A6NFm3cJeBe--Xe4TutH5CN7v25XCwmT9ty5jxLTM8X1SDrwocp5YNbNxUZFoZ4N6bsBH4hNWT3IWK4U43PJ8Mhz02WZMlA_ROMAHp9yy3paVHxOoODrAzjd3yI2f_GmP7xeuTnBlmUTUd4RbaA4-Vkss5UoTSfE4SfuewnPJVxGh-5NuJ3mZFtsB1emVuwOSp9Yh55Xh0WDXsFxUnpJVEcwJZSlX8nNobQ80360Hxg&cce=2&category=acrcp_v1_32&sig=AOD64_2vlvYvPe3ePWG_LGnWxhCQloO9mQ&adurl&q&ctype=99&nis=6, (02) 9938 9155,", 1/15 Orchard Rd, Brookvale NSW 2100",Business Owner / Managing Director,92,High,pending,,,Plumbing & Trades,High,Personalized,,,,,,,,,,
contact@loomanplumbing.com.au,,,Loomanplumbing,/aclk?sa=L&ai=DChsSEwjqw-XTsauWAxXfk2YCHUrRBXEYACICCAEQARoCc20&co=1&ase=2&gclid=EAIaIQobChMI6sPl07GrlgMV35NmAh1K0QVxEBAYASAAEgJsEfD_BwE&cid=CAASuwHkaKM91dsq7BJq6A6NFm3cJeBe--Xe4TutH5CN7v25XCwmT9ty5jxLTM8X1SDrwocp5YNbNxUZFoZ4N6bsBH4hNWT3IWK4U43PJ8Mhz02WZMlA_ROMAHp9yy3paVHxOoODrAzjd3yI2f_GmP7xeuTnBlmUTUd4RbaA4-Vkss5UoTSfE4SfuewnPJVxGh-5NuJ3mZFtsB1emVuwOSp9Yh55Xh0WDXsFxUnpJVEcwJZSlX8nNobQ80360Hxg&cce=2&category=acrcp_v1_32&sig=AOD64_2vlvYvPe3ePWG_LGnWxhCQloO9mQ&adurl&q&ctype=99&nis=6, 0424 385 834,Arncliffe NSW Australia,Business Owner / Managing Director,92,High,pending,,,Plumbing & Trades,High,Personalized,,,,,,,,,,
contact@baysideemergencyplumbers.com.au,,,Baysideemergencyplumbers,/aclk?sa=L&ai=DChsSEwjqw-XTsauWAxXfk2YCHUrRBXEYACICCAEQARoCc20&co=1&ase=2&gclid=EAIaIQobChMI6sPl07GrlgMV35NmAh1K0QVxEBAYASAAEgJsEfD_BwE&cid=CAASuwHkaKM91dsq7BJq6A6NFm3cJeBe--Xe4TutH5CN7v25XCwmT9ty5jxLTM8X1SDrwocp5YNbNxUZFoZ4N6bsBH4hNWT3IWK4U43PJ8Mhz02WZMlA_ROMAHp9yy3paVHxOoODrAzjd3yI2f_GmP7xeuTnBlmUTUd4RbaA4-Vkss5UoTSfE4SfuewnPJVxGh-5NuJ3mZFtsB1emVuwOSp9Yh55Xh0WDXsFxUnpJVEcwJZSlX8nNobQ80360Hxg&cce=2&category=acrcp_v1_32&sig=AOD64_2vlvYvPe3ePWG_LGnWxhCQloO9mQ&adurl&q&ctype=99&nis=6, 0485 995 129,", 24 Bellevue St, Arncliffe NSW 2205",Business Owner / Managing Director,92,High,pending,,,Plumbing & Trades,High,Personalized,,,,,,,,,,
contact@arncliffeplumbing.com.au,,,Arncliffeplumbing,/aclk?sa=L&ai=DChsSEwjqw-XTsauWAxXfk2YCHUrRBXEYACICCAEQARoCc20&co=1&ase=2&gclid=EAIaIQobChMI6sPl07GrlgMV35NmAh1K0QVxEBAYASAAEgJsEfD_BwE&cid=CAASuwHkaKM91dsq7BJq6A6NFm3cJeBe--Xe4TutH5CN7v25XCwmT9ty5jxLTM8X1SDrwocp5YNbNxUZFoZ4N6bsBH4hNWT3IWK4U43PJ8Mhz02WZMlA_ROMAHp9yy3paVHxOoODrAzjd3yI2f_GmP7xeuTnBlmUTUd4RbaA4-Vkss5UoTSfE4SfuewnPJVxGh-5NuJ3mZFtsB1emVuwOSp9Yh55Xh0WDXsFxUnpJVEcwJZSlX8nNobQ80360Hxg&cce=2&category=acrcp_v1_32&sig=AOD64_2vlvYvPe3ePWG_LGnWxhCQloO9mQ&adurl&q&ctype=99&nis=6, 0485 889 123,", 17 Segenhoe Ln, Arncliffe NSW 2205",Business Owner / Managing Director,92,High,pending,,,Plumbing & Trades,High,Personalized,,,,,,,,,,
contact@activeplumbinggroup.com.au,,,Activeplumbinggroup,/aclk?sa=L&ai=DChsSEwjqw-XTsauWAxXfk2YCHUrRBXEYACICCAEQARoCc20&co=1&ase=2&gclid=EAIaIQobChMI6sPl07GrlgMV35NmAh1K0QVxEBAYASAAEgJsEfD_BwE&cid=CAASuwHkaKM91dsq7BJq6A6NFm3cJeBe--Xe4TutH5CN7v25XCwmT9ty5jxLTM8X1SDrwocp5YNbNxUZFoZ4N6bsBH4hNWT3IWK4U43PJ8Mhz02WZMlA_ROMAHp9yy3paVHxOoODrAzjd3yI2f_GmP7xeuTnBlmUTUd4RbaA4-Vkss5UoTSfE4SfuewnPJVxGh-5NuJ3mZFtsB1emVuwOSp9Yh55Xh0WDXsFxUnpJVEcwJZSlX8nNobQ80360Hxg&cce=2&category=acrcp_v1_32&sig=AOD64_2vlvYvPe3ePWG_LGnWxhCQloO9mQ&adurl&q&ctype=99&nis=6, 0404 249 948,Arncliffe NSW Australia,Business Owner / Managing Director,92,High,pending,,,Plumbing & Trades,High,Personalized,,,,,,,,,,
contact@tmproplumbing.com.au,,,Tmproplumbing,/aclk?sa=L&ai=DChsSEwjqw-XTsauWAxXfk2YCHUrRBXEYACICCAEQARoCc20&co=1&ase=2&gclid=EAIaIQobChMI6sPl07GrlgMV35NmAh1K0QVxEBAYASAAEgJsEfD_BwE&cid=CAASuwHkaKM91dsq7BJq6A6NFm3cJeBe--Xe4TutH5CN7v25XCwmT9ty5jxLTM8X1SDrwocp5YNbNxUZFoZ4N6bsBH4hNWT3IWK4U43PJ8Mhz02WZMlA_ROMAHp9yy3paVHxOoODrAzjd3yI2f_GmP7xeuTnBlmUTUd4RbaA4-Vkss5UoTSfE4SfuewnPJVxGh-5NuJ3mZFtsB1emVuwOSp9Yh55Xh0WDXsFxUnpJVEcwJZSlX8nNobQ80360Hxg&cce=2&category=acrcp_v1_32&sig=AOD64_2vlvYvPe3ePWG_LGnWxhCQloO9mQ&adurl&q&ctype=99&nis=6, 0487 869 984,", Unit 603/20 Levey St, Wolli Creek NSW 2205",Business Owner / Managing Director,92,High,pending,,,Plumbing & Trades,High,Personalized,,,,,,,,,,
info@northsydneyplumbinganddrains.com.au,,,Northsydneyplumbinganddrains,https://northsydneyplumbinganddrains.com.au/, 0485 814 760,North Sydney NSW Australia,Business Owner / Managing Director,92,High,pending,,,Plumbing & Trades,High,Personalized,,,,,,,,,,
contact@servicetodayplumberchatswood.com.au,,,Servicetodayplumberchatswood,/aclk?sa=L&ai=DChsSEwi4pPHdsauWAxUQkmYCHaceFBAYACICCAEQABoCc20&co=1&ase=2&gclid=EAIaIQobChMIuKTx3bGrlgMVEJJmAh2nHhQQEBAYASAAEgK_APD_BwE&cid=CAASuwHkaJdqOiPpzfaNuoxjypekPETA2U8qHipViE4gI3cxaJ9Zdvy1p7H-yeDO28Z93CzcpsfLjEwPbe_Piumpm4UoKteMZowgOoEA-Ti6RJ6xzNZz-B4-Ax0_qWcopGZAeADkArB_hhAB2jRCJGlq06wDrgrCSNL6zPfvbY1b5Cm6JBPyftbFcCsIb3gRXyEce4AR8XBtkpUukcSyD4K6E2lVx1sV4aPUtF5_gfhkon70dvdsnueK7TLgQOSM&cce=2&category=acrcp_v1_32&sig=AOD64_0EGExuV_PgFeP88I7xL3Fe53oVeA&adurl&q&ctype=99&nis=6, 0489 905 207,Chatswood NSW Australia,Business Owner / Managing Director,92,High,pending,,,Plumbing & Trades,High,Personalized,,,,,,,,,,
contact@killaraplumbing.com.au,,,Killaraplumbing,/aclk?sa=L&ai=DChsSEwi4pPHdsauWAxUQkmYCHaceFBAYACICCAEQABoCc20&co=1&ase=2&gclid=EAIaIQobChMIuKTx3bGrlgMVEJJmAh2nHhQQEBAYASAAEgK_APD_BwE&cid=CAASuwHkaJdqOiPpzfaNuoxjypekPETA2U8qHipViE4gI3cxaJ9Zdvy1p7H-yeDO28Z93CzcpsfLjEwPbe_Piumpm4UoKteMZowgOoEA-Ti6RJ6xzNZz-B4-Ax0_qWcopGZAeADkArB_hhAB2jRCJGlq06wDrgrCSNL6zPfvbY1b5Cm6JBPyftbFcCsIb3gRXyEce4AR8XBtkpUukcSyD4K6E2lVx1sV4aPUtF5_gfhkon70dvdsnueK7TLgQOSM&cce=2&category=acrcp_v1_32&sig=AOD64_0EGExuV_PgFeP88I7xL3Fe53oVeA&adurl&q&ctype=99&nis=6, 1300 659 041,", Unit 8/7 Gibbes St, Chatswood NSW 2068",Business Owner / Managing Director,92,High,pending,,,Plumbing & Trades,High,Personalized,,,,,,,,,,
contact@networkplumbingchatswood.com.au,,,Networkplumbingchatswood,/aclk?sa=L&ai=DChsSEwi4pPHdsauWAxUQkmYCHaceFBAYACICCAEQABoCc20&co=1&ase=2&gclid=EAIaIQobChMIuKTx3bGrlgMVEJJmAh2nHhQQEBAYASAAEgK_APD_BwE&cid=CAASuwHkaJdqOiPpzfaNuoxjypekPETA2U8qHipViE4gI3cxaJ9Zdvy1p7H-yeDO28Z93CzcpsfLjEwPbe_Piumpm4UoKteMZowgOoEA-Ti6RJ6xzNZz-B4-Ax0_qWcopGZAeADkArB_hhAB2jRCJGlq06wDrgrCSNL6zPfvbY1b5Cm6JBPyftbFcCsIb3gRXyEce4AR8XBtkpUukcSyD4K6E2lVx1sV4aPUtF5_gfhkon70dvdsnueK7TLgQOSM&cce=2&category=acrcp_v1_32&sig=AOD64_0EGExuV_PgFeP88I7xL3Fe53oVeA&adurl&q&ctype=99&nis=6, (02) 8072 3873,", McCabe Pl, Chatswood NSW 2067",Business Owner / Managing Director,92,High,pending,,,Plumbing & Trades,High,Personalized,,,,,,,,,,
contact@ruttleyservicesplumbersandelectricians.com.au,,,Ruttleyservicesplumbersandelectricians,/aclk?sa=L&ai=DChsSEwi4pPHdsauWAxUQkmYCHaceFBAYACICCAEQABoCc20&co=1&ase=2&gclid=EAIaIQobChMIuKTx3bGrlgMVEJJmAh2nHhQQEBAYASAAEgK_APD_BwE&cid=CAASuwHkaJdqOiPpzfaNuoxjypekPETA2U8qHipViE4gI3cxaJ9Zdvy1p7H-yeDO28Z93CzcpsfLjEwPbe_Piumpm4UoKteMZowgOoEA-Ti6RJ6xzNZz-B4-Ax0_qWcopGZAeADkArB_hhAB2jRCJGlq06wDrgrCSNL6zPfvbY1b5Cm6JBPyftbFcCsIb3gRXyEce4AR8XBtkpUukcSyD4K6E2lVx1sV4aPUtF5_gfhkon70dvdsnueK7TLgQOSM&cce=2&category=acrcp_v1_32&sig=AOD64_0EGExuV_PgFeP88I7xL3Fe53oVeA&adurl&q&ctype=99&nis=6, (02) 9119 1334,", 1/13 Gibbes St, Chatswood NSW 2067",Business Owner / Managing Director,92,High,pending,,,Plumbing & Trades,High,Personalized,,,,,,,,,,
contact@plumbingbroschatswood.com.au,,,Plumbingbroschatswood,/aclk?sa=L&ai=DChsSEwi4pPHdsauWAxUQkmYCHaceFBAYACICCAEQABoCc20&co=1&ase=2&gclid=EAIaIQobChMIuKTx3bGrlgMVEJJmAh2nHhQQEBAYASAAEgK_APD_BwE&cid=CAASuwHkaJdqOiPpzfaNuoxjypekPETA2U8qHipViE4gI3cxaJ9Zdvy1p7H-yeDO28Z93CzcpsfLjEwPbe_Piumpm4UoKteMZowgOoEA-Ti6RJ6xzNZz-B4-Ax0_qWcopGZAeADkArB_hhAB2jRCJGlq06wDrgrCSNL6zPfvbY1b5Cm6JBPyftbFcCsIb3gRXyEce4AR8XBtkpUukcSyD4K6E2lVx1sV4aPUtF5_gfhkon70dvdsnueK7TLgQOSM&cce=2&category=acrcp_v1_32&sig=AOD64_0EGExuV_PgFeP88I7xL3Fe53oVeA&adurl&q&ctype=99&nis=6, 0417 915 265,", Unit 1/27 Dickson Ave, Artarmon NSW 2064",Business Owner / Managing Director,92,High,pending,,,Plumbing & Trades,High,Personalized,,,,,,,,,,
contact@chatswoodplumbingblockeddrains.com.au,,,Chatswoodplumbingblockeddrains,/aclk?sa=L&ai=DChsSEwi4pPHdsauWAxUQkmYCHaceFBAYACICCAEQABoCc20&co=1&ase=2&gclid=EAIaIQobChMIuKTx3bGrlgMVEJJmAh2nHhQQEBAYASAAEgK_APD_BwE&cid=CAASuwHkaJdqOiPpzfaNuoxjypekPETA2U8qHipViE4gI3cxaJ9Zdvy1p7H-yeDO28Z93CzcpsfLjEwPbe_Piumpm4UoKteMZowgOoEA-Ti6RJ6xzNZz-B4-Ax0_qWcopGZAeADkArB_hhAB2jRCJGlq06wDrgrCSNL6zPfvbY1b5Cm6JBPyftbFcCsIb3gRXyEce4AR8XBtkpUukcSyD4K6E2lVx1sV4aPUtF5_gfhkon70dvdsnueK7TLgQOSM&cce=2&category=acrcp_v1_32&sig=AOD64_0EGExuV_PgFeP88I7xL3Fe53oVeA&adurl&q&ctype=99&nis=6, 1800 870 679,Chatswood NSW Australia,Business Owner / Managing Director,92,High,pending,,,Plumbing & Trades,High,Personalized,,,,,,,,,,
contact@rydeplumbing.com.au,,,Rydeplumbing,/aclk?sa=L&ai=DChsSEwij75jjsauWAxV3YUgAHR1YOpgYACICCAEQABoCY2U&co=1&ase=2&gclid=EAIaIQobChMIo--Y47GrlgMVd2FIAB0dWDqYEBAYASAAEgLmPPD_BwE&cid=CAASuwHkaDiUuJrk2W2ODAV99AYgOgLMcmFDcwnsDuaeL6z2MsRRhPOuZsRGrXVdidUhYRFVVpGG8JXUJ_pLkKy5Ku7s-bGTydr7pAQGmOdyr1E2Ztrq1hoQ_CMi48UEtiYyzziYl4qqVBW8MpMjI2PBgtpHXSJWaNbJqzB7XSAOC8KH51cVVrdjCsaMxHrT9sst5QsIX9vm_euKF4ahKAHG17MpOSKWopkZ7jlkG2Uo4Rb0PWYMBvlimP--Bm2P&cce=2&category=acrcp_v1_32&sig=AOD64_1j22v-WhPpWNt9f-FRr1iWsgEeYA&adurl&q&ctype=99&nis=6, 0420 104 423,", 6 Isabel St, Ryde NSW 2122",Business Owner / Managing Director,92,High,pending,,,Plumbing & Trades,High,Personalized,,,,,,,,,,
contact@flushnflowplumbing.com.au,,,Flushnflowplumbing,/aclk?sa=L&ai=DChsSEwij75jjsauWAxV3YUgAHR1YOpgYACICCAEQABoCY2U&co=1&ase=2&gclid=EAIaIQobChMIo--Y47GrlgMVd2FIAB0dWDqYEBAYASAAEgLmPPD_BwE&cid=CAASuwHkaDiUuJrk2W2ODAV99AYgOgLMcmFDcwnsDuaeL6z2MsRRhPOuZsRGrXVdidUhYRFVVpGG8JXUJ_pLkKy5Ku7s-bGTydr7pAQGmOdyr1E2Ztrq1hoQ_CMi48UEtiYyzziYl4qqVBW8MpMjI2PBgtpHXSJWaNbJqzB7XSAOC8KH51cVVrdjCsaMxHrT9sst5QsIX9vm_euKF4ahKAHG17MpOSKWopkZ7jlkG2Uo4Rb0PWYMBvlimP--Bm2P&cce=2&category=acrcp_v1_32&sig=AOD64_1j22v-WhPpWNt9f-FRr1iWsgEeYA&adurl&q&ctype=99&nis=6, 1300 205 248,Ryde NSW Australia,Business Owner / Managing Director,92,High,pending,,,Plumbing & Trades,High,Personalized,,,,,,,,,,
contact@poolecoplumbing.com.au,,,Poolecoplumbing,/aclk?sa=L&ai=DChsSEwij75jjsauWAxV3YUgAHR1YOpgYACICCAEQABoCY2U&co=1&ase=2&gclid=EAIaIQobChMIo--Y47GrlgMVd2FIAB0dWDqYEBAYASAAEgLmPPD_BwE&cid=CAASuwHkaDiUuJrk2W2ODAV99AYgOgLMcmFDcwnsDuaeL6z2MsRRhPOuZsRGrXVdidUhYRFVVpGG8JXUJ_pLkKy5Ku7s-bGTydr7pAQGmOdyr1E2Ztrq1hoQ_CMi48UEtiYyzziYl4qqVBW8MpMjI2PBgtpHXSJWaNbJqzB7XSAOC8KH51cVVrdjCsaMxHrT9sst5QsIX9vm_euKF4ahKAHG17MpOSKWopkZ7jlkG2Uo4Rb0PWYMBvlimP--Bm2P&cce=2&category=acrcp_v1_32&sig=AOD64_1j22v-WhPpWNt9f-FRr1iWsgEeYA&adurl&q&ctype=99&nis=6, 0419 700 845,", 22a Malvina St, Ryde NSW 2112",Business Owner / Managing Director,92,High,pending,,,Plumbing & Trades,High,Personalized,,,,,,,,,,
contact@eastwoodplumbingservices.com.au,,,Eastwoodplumbingservices,/aclk?sa=L&ai=DChsSEwjDxujmsauWAxX1B7wBHRQSJv8YACICCAEQAhoCZHo&co=1&ase=2&gclid=EAIaIQobChMIw8bo5rGrlgMV9Qe8AR0UEib_EBAYASAAEgLR-_D_BwE&cid=CAASuwHkaDsXYyIBDWuJslX_9__CSuB5vTEMW6VbzIozz1hJEIZKnBV_kuXRreL9BgI3SyTECXD6rV06pUCpyRzI_0BDR4rRIqyVgTS84ZtoN-fEj6iZSMCU5710Cb851gV9JUklKUxPlKzABa6xjieXjhsILadsYofwb7Bd1TDMs_HNEb27fs7ZlObDVc2wrj_Bbww_-xMlr4lEBjJUGMPLSJPPZsQTi6liUiVSsBYfzPZH57UDL6hygIW5PzgX&cce=2&category=acrcp_v1_32&sig=AOD64_0_y7fRhc50756sxFGCrmf-LFHTqw&adurl&q&ctype=99&nis=6, 0485 900 883,", 5 Wingate Ave, Eastwood NSW 2122",Business Owner / Managing Director,92,High,pending,,,Plumbing & Trades,High,Personalized,,,,,,,,,,
contact@samsplumbing.com.au,,,Samsplumbing,/aclk?sa=L&ai=DChsSEwjDxujmsauWAxX1B7wBHRQSJv8YACICCAEQAhoCZHo&co=1&ase=2&gclid=EAIaIQobChMIw8bo5rGrlgMV9Qe8AR0UEib_EBAYASAAEgLR-_D_BwE&cid=CAASuwHkaDsXYyIBDWuJslX_9__CSuB5vTEMW6VbzIozz1hJEIZKnBV_kuXRreL9BgI3SyTECXD6rV06pUCpyRzI_0BDR4rRIqyVgTS84ZtoN-fEj6iZSMCU5710Cb851gV9JUklKUxPlKzABa6xjieXjhsILadsYofwb7Bd1TDMs_HNEb27fs7ZlObDVc2wrj_Bbww_-xMlr4lEBjJUGMPLSJPPZsQTi6liUiVSsBYfzPZH57UDL6hygIW5PzgX&cce=2&category=acrcp_v1_32&sig=AOD64_0_y7fRhc50756sxFGCrmf-LFHTqw&adurl&q&ctype=99&nis=6, 0418 240 600,", 11 Edgar St, Eastwood NSW 2122",Business Owner / Managing Director,92,High,pending,,,Plumbing & Trades,High,Personalized,,,,,,,,,,
contact@eastwoodplumbingdrainage.com.au,,,Eastwoodplumbingdrainage,/aclk?sa=L&ai=DChsSEwjDxujmsauWAxX1B7wBHRQSJv8YACICCAEQAhoCZHo&co=1&ase=2&gclid=EAIaIQobChMIw8bo5rGrlgMV9Qe8AR0UEib_EBAYASAAEgLR-_D_BwE&cid=CAASuwHkaDsXYyIBDWuJslX_9__CSuB5vTEMW6VbzIozz1hJEIZKnBV_kuXRreL9BgI3SyTECXD6rV06pUCpyRzI_0BDR4rRIqyVgTS84ZtoN-fEj6iZSMCU5710Cb851gV9JUklKUxPlKzABa6xjieXjhsILadsYofwb7Bd1TDMs_HNEb27fs7ZlObDVc2wrj_Bbww_-xMlr4lEBjJUGMPLSJPPZsQTi6liUiVSsBYfzPZH57UDL6hygIW5PzgX&cce=2&category=acrcp_v1_32&sig=AOD64_0_y7fRhc50756sxFGCrmf-LFHTqw&adurl&q&ctype=99&nis=6, 1300 670 686,Eastwood NSW Australia,Business Owner / Managing Director,92,High,pending,,,Plumbing & Trades,High,Personalized,,,,,,,,,,
contact@jplplumbingptyltd.com.au,,,Jplplumbingptyltd,/aclk?sa=L&ai=DChsSEwjDxujmsauWAxX1B7wBHRQSJv8YACICCAEQAhoCZHo&co=1&ase=2&gclid=EAIaIQobChMIw8bo5rGrlgMV9Qe8AR0UEib_EBAYASAAEgLR-_D_BwE&cid=CAASuwHkaDsXYyIBDWuJslX_9__CSuB5vTEMW6VbzIozz1hJEIZKnBV_kuXRreL9BgI3SyTECXD6rV06pUCpyRzI_0BDR4rRIqyVgTS84ZtoN-fEj6iZSMCU5710Cb851gV9JUklKUxPlKzABa6xjieXjhsILadsYofwb7Bd1TDMs_HNEb27fs7ZlObDVc2wrj_Bbww_-xMlr4lEBjJUGMPLSJPPZsQTi6liUiVSsBYfzPZH57UDL6hygIW5PzgX&cce=2&category=acrcp_v1_32&sig=AOD64_0_y7fRhc50756sxFGCrmf-LFHTqw&adurl&q&ctype=99&nis=6, 0439 742 874,", 18 Florence Ave, Denistone NSW 2114",Business Owner / Managing Director,92,High,pending,,,Plumbing & Trades,High,Personalized,,,,,,,,,,
contact@mussettrickardplumbingptyltd.com.au,,,Mussettrickardplumbingptyltd,/aclk?sa=L&ai=DChsSEwjDxujmsauWAxX1B7wBHRQSJv8YACICCAEQAhoCZHo&co=1&ase=2&gclid=EAIaIQobChMIw8bo5rGrlgMV9Qe8AR0UEib_EBAYASAAEgLR-_D_BwE&cid=CAASuwHkaDsXYyIBDWuJslX_9__CSuB5vTEMW6VbzIozz1hJEIZKnBV_kuXRreL9BgI3SyTECXD6rV06pUCpyRzI_0BDR4rRIqyVgTS84ZtoN-fEj6iZSMCU5710Cb851gV9JUklKUxPlKzABa6xjieXjhsILadsYofwb7Bd1TDMs_HNEb27fs7ZlObDVc2wrj_Bbww_-xMlr4lEBjJUGMPLSJPPZsQTi6liUiVSsBYfzPZH57UDL6hygIW5PzgX&cce=2&category=acrcp_v1_32&sig=AOD64_0_y7fRhc50756sxFGCrmf-LFHTqw&adurl&q&ctype=99&nis=6, 0457 979 122,Eastwood NSW Australia,Business Owner / Managing Director,92,High,pending,,,Plumbing & Trades,High,Personalized,,,,,,,,,,
info@northeppingplumbing.com.au,,,Northeppingplumbing,http://www.northeppingplumbing.com.au/, 0413 946 899,Epping NSW Australia,Business Owner / Managing Director,92,High,pending,,,Plumbing & Trades,High,Personalized,,,,,,,,,,
info@flushnflow.com.au,,,Flushnflow,https://flushnflow.com.au/, 0468 014 771,Macquarie Park NSW Australia,Business Owner / Managing Director,92,High,pending,,,Plumbing & Trades,High,Personalized,,,,,,,,,,
contact@vitalflowplumbingservices.com.au,,,Vitalflowplumbingservices,/aclk?sa=L&ai=DChsSEwjtiq_1sauWAxX6hWYCHRJjN3wYACICCAEQABoCc20&co=1&ase=2&gclid=EAIaIQobChMI7Yqv9bGrlgMV-oVmAh0SYzd8EBAYASAAEgLLNvD_BwE&cid=CAASuwHkaEju1ZB-AZfOj4CqAh4Dp_o1yhkxu-i4FTgKfg6ZxFP9K5IIz09ipcycjw5TErbCF4r1K5Mz8MjeDmdcpvWK-KgqpgtxGPxHeOFew-BLUr3Jvmg7flKjVTIWXn8WEFR8hIyIrNsknElSjRqAN1c35uZ8_cgqdPyBwBWMyEdlmIidSW498RGNBd1HxIXQBeYo7oXYM-cKxRd154lT3R6yrNFu00WsX_zTqa7uDwi6HujtAKDhDuoCvJSw&cce=2&category=acrcp_v1_32&sig=AOD64_3surs3m6q4u4koxg9K0Zj6k1OHJQ&adurl&q&ctype=99&nis=6, 0478 142 669,", 82B Sherbrook Rd, Hornsby NSW 2077",Business Owner / Managing Director,92,High,pending,,,Plumbing & Trades,High,Personalized,,,,,,,,,,
contact@hornsbyplumbinganddrains.com.au,,,Hornsbyplumbinganddrains,/aclk?sa=L&ai=DChsSEwjtiq_1sauWAxX6hWYCHRJjN3wYACICCAEQABoCc20&co=1&ase=2&gclid=EAIaIQobChMI7Yqv9bGrlgMV-oVmAh0SYzd8EBAYASAAEgLLNvD_BwE&cid=CAASuwHkaEju1ZB-AZfOj4CqAh4Dp_o1yhkxu-i4FTgKfg6ZxFP9K5IIz09ipcycjw5TErbCF4r1K5Mz8MjeDmdcpvWK-KgqpgtxGPxHeOFew-BLUr3Jvmg7flKjVTIWXn8WEFR8hIyIrNsknElSjRqAN1c35uZ8_cgqdPyBwBWMyEdlmIidSW498RGNBd1HxIXQBeYo7oXYM-cKxRd154lT3R6yrNFu00WsX_zTqa7uDwi6HujtAKDhDuoCvJSw&cce=2&category=acrcp_v1_32&sig=AOD64_3surs3m6q4u4koxg9K0Zj6k1OHJQ&adurl&q&ctype=99&nis=6, (02) 9056 8173,Hornsby NSW Australia,Business Owner / Managing Director,92,High,pending,,,Plumbing & Trades,High,Personalized,,,,,,,,,,
contact@scottandsonsplumbers.com.au,,,Scottandsonsplumbers,/aclk?sa=L&ai=DChsSEwjtiq_1sauWAxX6hWYCHRJjN3wYACICCAEQABoCc20&co=1&ase=2&gclid=EAIaIQobChMI7Yqv9bGrlgMV-oVmAh0SYzd8EBAYASAAEgLLNvD_BwE&cid=CAASuwHkaEju1ZB-AZfOj4CqAh4Dp_o1yhkxu-i4FTgKfg6ZxFP9K5IIz09ipcycjw5TErbCF4r1K5Mz8MjeDmdcpvWK-KgqpgtxGPxHeOFew-BLUr3Jvmg7flKjVTIWXn8WEFR8hIyIrNsknElSjRqAN1c35uZ8_cgqdPyBwBWMyEdlmIidSW498RGNBd1HxIXQBeYo7oXYM-cKxRd154lT3R6yrNFu00WsX_zTqa7uDwi6HujtAKDhDuoCvJSw&cce=2&category=acrcp_v1_32&sig=AOD64_3surs3m6q4u4koxg9K0Zj6k1OHJQ&adurl&q&ctype=99&nis=6, (02) 9482 9199,", 12 Brennan Cl, Hornsby NSW 2077",Business Owner / Managing Director,92,High,pending,,,Plumbing & Trades,High,Personalized,,,,,,,,,,
contact@mrniceplumbing.com.au,,,Mrniceplumbing,/aclk?sa=L&ai=DChsSEwjtiq_1sauWAxX6hWYCHRJjN3wYACICCAEQABoCc20&co=1&ase=2&gclid=EAIaIQobChMI7Yqv9bGrlgMV-oVmAh0SYzd8EBAYASAAEgLLNvD_BwE&cid=CAASuwHkaEju1ZB-AZfOj4CqAh4Dp_o1yhkxu-i4FTgKfg6ZxFP9K5IIz09ipcycjw5TErbCF4r1K5Mz8MjeDmdcpvWK-KgqpgtxGPxHeOFew-BLUr3Jvmg7flKjVTIWXn8WEFR8hIyIrNsknElSjRqAN1c35uZ8_cgqdPyBwBWMyEdlmIidSW498RGNBd1HxIXQBeYo7oXYM-cKxRd154lT3R6yrNFu00WsX_zTqa7uDwi6HujtAKDhDuoCvJSw&cce=2&category=acrcp_v1_32&sig=AOD64_3surs3m6q4u4koxg9K0Zj6k1OHJQ&adurl&q&ctype=99&nis=6, 0419 747 626,", 5/29 Leighton Pl, Hornsby NSW 2077",Business Owner / Managing Director,92,High,pending,,,Plumbing & Trades,High,Personalized,,,,,,,,,,
contact@hornsbyplumbingservices.com.au,,,Hornsbyplumbingservices,/aclk?sa=L&ai=DChsSEwjtiq_1sauWAxX6hWYCHRJjN3wYACICCAEQABoCc20&co=1&ase=2&gclid=EAIaIQobChMI7Yqv9bGrlgMV-oVmAh0SYzd8EBAYASAAEgLLNvD_BwE&cid=CAASuwHkaEju1ZB-AZfOj4CqAh4Dp_o1yhkxu-i4FTgKfg6ZxFP9K5IIz09ipcycjw5TErbCF4r1K5Mz8MjeDmdcpvWK-KgqpgtxGPxHeOFew-BLUr3Jvmg7flKjVTIWXn8WEFR8hIyIrNsknElSjRqAN1c35uZ8_cgqdPyBwBWMyEdlmIidSW498RGNBd1HxIXQBeYo7oXYM-cKxRd154lT3R6yrNFu00WsX_zTqa7uDwi6HujtAKDhDuoCvJSw&cce=2&category=acrcp_v1_32&sig=AOD64_3surs3m6q4u4koxg9K0Zj6k1OHJQ&adurl&q&ctype=99&nis=6, 0468 207 488,Hornsby NSW Australia,Business Owner / Managing Director,92,High,pending,,,Plumbing & Trades,High,Personalized,,,,,,,,,,
contact@servicetodayplumberhornsby.com.au,,,Servicetodayplumberhornsby,/aclk?sa=L&ai=DChsSEwjtiq_1sauWAxX6hWYCHRJjN3wYACICCAEQABoCc20&co=1&ase=2&gclid=EAIaIQobChMI7Yqv9bGrlgMV-oVmAh0SYzd8EBAYASAAEgLLNvD_BwE&cid=CAASuwHkaEju1ZB-AZfOj4CqAh4Dp_o1yhkxu-i4FTgKfg6ZxFP9K5IIz09ipcycjw5TErbCF4r1K5Mz8MjeDmdcpvWK-KgqpgtxGPxHeOFew-BLUr3Jvmg7flKjVTIWXn8WEFR8hIyIrNsknElSjRqAN1c35uZ8_cgqdPyBwBWMyEdlmIidSW498RGNBd1HxIXQBeYo7oXYM-cKxRd154lT3R6yrNFu00WsX_zTqa7uDwi6HujtAKDhDuoCvJSw&cce=2&category=acrcp_v1_32&sig=AOD64_3surs3m6q4u4koxg9K0Zj6k1OHJQ&adurl&q&ctype=99&nis=6, 0488 823 182,Hornsby NSW Australia,Business Owner / Managing Director,92,High,pending,,,Plumbing & Trades,High,Personalized,,,,,,,,,,
contact@elyonemergencyplumber.com.au,,,Elyonemergencyplumber,/aclk?sa=L&ai=DChsSEwjtiq_1sauWAxX6hWYCHRJjN3wYACICCAEQABoCc20&co=1&ase=2&gclid=EAIaIQobChMI7Yqv9bGrlgMV-oVmAh0SYzd8EBAYASAAEgLLNvD_BwE&cid=CAASuwHkaEju1ZB-AZfOj4CqAh4Dp_o1yhkxu-i4FTgKfg6ZxFP9K5IIz09ipcycjw5TErbCF4r1K5Mz8MjeDmdcpvWK-KgqpgtxGPxHeOFew-BLUr3Jvmg7flKjVTIWXn8WEFR8hIyIrNsknElSjRqAN1c35uZ8_cgqdPyBwBWMyEdlmIidSW498RGNBd1HxIXQBeYo7oXYM-cKxRd154lT3R6yrNFu00WsX_zTqa7uDwi6HujtAKDhDuoCvJSw&cce=2&category=acrcp_v1_32&sig=AOD64_3surs3m6q4u4koxg9K0Zj6k1OHJQ&adurl&q&ctype=99&nis=6, 0450 151 294,Hornsby NSW Australia,Business Owner / Managing Director,92,High,pending,,,Plumbing & Trades,High,Personalized,,,,,,,,,,
contact@thecleanplumberwahroonga40yearsinbusiness.com.au,,,Thecleanplumberwahroonga40yearsinbusiness,/aclk?sa=L&ai=DChsSEwjFvev6sauWAxV3EoMDHWOmONsYACICCAEQARoCc2Y&co=1&ase=2&gclid=EAIaIQobChMIxb3r-rGrlgMVdxKDAx1jpjjbEBAYASAAEgItE_D_BwE&cid=CAASuwHkaD_fX0sQiQPwwgPc6UOjNKJmfqHE89Swz4PQZjfFihB-wXGBYLsf8BLQShwOu_1YtyqXO7HfZ3uMcoFri58V09MJZGERYbR3nup0k8cQkwu9jcwosEszR6XhE2RKUUrbDnTM1Z-xfvc5GfapRvbr8k5eGDBAHanG3gAQSBIfQxMJzroyVxFSC6UH32g6z4nAgIjHw6WnHMuqKETGfIb438SdWivYp7ERt5PLBJxVjIg4u7R7i7LZOaOd&cce=2&category=acrcp_v1_32&sig=AOD64_1UJpWUjOg37-f_xHc1KLk3xlkIcA&adurl&q&ctype=99&nis=6, 0488 854 186,", 16 Billyard Ave, Wahroonga NSW 2076",Business Owner / Managing Director,92,High,pending,,,Plumbing & Trades,High,Personalized,,,,,,,,,,
contact@aussieoncallplumberwahroonga.com.au,,,Aussieoncallplumberwahroonga,/aclk?sa=L&ai=DChsSEwjFvev6sauWAxV3EoMDHWOmONsYACICCAEQARoCc2Y&co=1&ase=2&gclid=EAIaIQobChMIxb3r-rGrlgMVdxKDAx1jpjjbEBAYASAAEgItE_D_BwE&cid=CAASuwHkaD_fX0sQiQPwwgPc6UOjNKJmfqHE89Swz4PQZjfFihB-wXGBYLsf8BLQShwOu_1YtyqXO7HfZ3uMcoFri58V09MJZGERYbR3nup0k8cQkwu9jcwosEszR6XhE2RKUUrbDnTM1Z-xfvc5GfapRvbr8k5eGDBAHanG3gAQSBIfQxMJzroyVxFSC6UH32g6z4nAgIjHw6WnHMuqKETGfIb438SdWivYp7ERt5PLBJxVjIg4u7R7i7LZOaOd&cce=2&category=acrcp_v1_32&sig=AOD64_1UJpWUjOg37-f_xHc1KLk3xlkIcA&adurl&q&ctype=99&nis=6, (02) 9784 2479,", Amaroo Ave, Wahroonga NSW 2076",Business Owner / Managing Director,92,High,pending,,,Plumbing & Trades,High,Personalized,,,,,,,,,,
contact@wahroongaplumbingdrains.com.au,,,Wahroongaplumbingdrains,/aclk?sa=L&ai=DChsSEwjFvev6sauWAxV3EoMDHWOmONsYACICCAEQARoCc2Y&co=1&ase=2&gclid=EAIaIQobChMIxb3r-rGrlgMVdxKDAx1jpjjbEBAYASAAEgItE_D_BwE&cid=CAASuwHkaD_fX0sQiQPwwgPc6UOjNKJmfqHE89Swz4PQZjfFihB-wXGBYLsf8BLQShwOu_1YtyqXO7HfZ3uMcoFri58V09MJZGERYbR3nup0k8cQkwu9jcwosEszR6XhE2RKUUrbDnTM1Z-xfvc5GfapRvbr8k5eGDBAHanG3gAQSBIfQxMJzroyVxFSC6UH32g6z4nAgIjHw6WnHMuqKETGfIb438SdWivYp7ERt5PLBJxVjIg4u7R7i7LZOaOd&cce=2&category=acrcp_v1_32&sig=AOD64_1UJpWUjOg37-f_xHc1KLk3xlkIcA&adurl&q&ctype=99&nis=6, 1800 762 730,Wahroonga NSW Australia,Business Owner / Managing Director,92,High,pending,,,Plumbing & Trades,High,Personalized,,,,,,,,,,
contact@servicetodayplumberwahroonga.com.au,,,Servicetodayplumberwahroonga,/aclk?sa=L&ai=DChsSEwjFvev6sauWAxV3EoMDHWOmONsYACICCAEQARoCc2Y&co=1&ase=2&gclid=EAIaIQobChMIxb3r-rGrlgMVdxKDAx1jpjjbEBAYASAAEgItE_D_BwE&cid=CAASuwHkaD_fX0sQiQPwwgPc6UOjNKJmfqHE89Swz4PQZjfFihB-wXGBYLsf8BLQShwOu_1YtyqXO7HfZ3uMcoFri58V09MJZGERYbR3nup0k8cQkwu9jcwosEszR6XhE2RKUUrbDnTM1Z-xfvc5GfapRvbr8k5eGDBAHanG3gAQSBIfQxMJzroyVxFSC6UH32g6z4nAgIjHw6WnHMuqKETGfIb438SdWivYp7ERt5PLBJxVjIg4u7R7i7LZOaOd&cce=2&category=acrcp_v1_32&sig=AOD64_1UJpWUjOg37-f_xHc1KLk3xlkIcA&adurl&q&ctype=99&nis=6, 0489 954 093,Wahroonga NSW Australia,Business Owner / Managing Director,92,High,pending,,,Plumbing & Trades,High,Personalized,,,,,,,,,,
contact@in2plumbing.com.au,,,In2plumbing,/aclk?sa=L&ai=DChsSEwjFvev6sauWAxV3EoMDHWOmONsYACICCAEQARoCc2Y&co=1&ase=2&gclid=EAIaIQobChMIxb3r-rGrlgMVdxKDAx1jpjjbEBAYASAAEgItE_D_BwE&cid=CAASuwHkaD_fX0sQiQPwwgPc6UOjNKJmfqHE89Swz4PQZjfFihB-wXGBYLsf8BLQShwOu_1YtyqXO7HfZ3uMcoFri58V09MJZGERYbR3nup0k8cQkwu9jcwosEszR6XhE2RKUUrbDnTM1Z-xfvc5GfapRvbr8k5eGDBAHanG3gAQSBIfQxMJzroyVxFSC6UH32g6z4nAgIjHw6WnHMuqKETGfIb438SdWivYp7ERt5PLBJxVjIg4u7R7i7LZOaOd&cce=2&category=acrcp_v1_32&sig=AOD64_1UJpWUjOg37-f_xHc1KLk3xlkIcA&adurl&q&ctype=99&nis=6, 0403 306 802,", 87 Edgeworth David Ave, Wahroonga NSW 2076",Business Owner / Managing Director,92,High,pending,,,Plumbing & Trades,High,Personalized,,,,,,,,,,
contact@cdplumbingdrainage.com.au,,,Cdplumbingdrainage,/aclk?sa=L&ai=DChsSEwjFvev6sauWAxV3EoMDHWOmONsYACICCAEQARoCc2Y&co=1&ase=2&gclid=EAIaIQobChMIxb3r-rGrlgMVdxKDAx1jpjjbEBAYASAAEgItE_D_BwE&cid=CAASuwHkaD_fX0sQiQPwwgPc6UOjNKJmfqHE89Swz4PQZjfFihB-wXGBYLsf8BLQShwOu_1YtyqXO7HfZ3uMcoFri58V09MJZGERYbR3nup0k8cQkwu9jcwosEszR6XhE2RKUUrbDnTM1Z-xfvc5GfapRvbr8k5eGDBAHanG3gAQSBIfQxMJzroyVxFSC6UH32g6z4nAgIjHw6WnHMuqKETGfIb438SdWivYp7ERt5PLBJxVjIg4u7R7i7LZOaOd&cce=2&category=acrcp_v1_32&sig=AOD64_1UJpWUjOg37-f_xHc1KLk3xlkIcA&adurl&q&ctype=99&nis=6, 0447 357 090,Wahroonga NSW Australia,Business Owner / Managing Director,92,High,pending,,,Plumbing & Trades,High,Personalized,,,,,,,,,,
contact@aussieoncallplumberturramurra.com.au,,,Aussieoncallplumberturramurra,/aclk?sa=L&ai=DChsSEwjw_YeAsquWAxUNDkQIHWbcLQAYACICCAEQABoCZHo&co=1&ase=2&gclid=EAIaIQobChMI8P2HgLKrlgMVDQ5ECB1m3C0AEBAYASAAEgKuJvD_BwE&cid=CAASuwHkaDscdhYhltQN767qKJOD8_fwWU2k6uPUnyeYSwDllygAtDeaAUR5a8LlxRndMbySBBDwDNNfUWjRqRUzj1zlWvcGvrglbQCkV8oKdyq0HGVGxcxLxbrmPh-h89jgFMHUOkKkoW-7AjMK-TowKxktzT697gWP2TWOQooMIrAGTQQPirKXhOOcWG0E5dNMavFMgl02QHhRtxnox9nBTJfYSc-tck8TcOis-5dtH84I4vgzlE6ZGWtRF1MO&cce=2&category=acrcp_v1_32&sig=AOD64_2f7Wn5wZckE33H1N3I00OZSoZQVw&adurl&q&ctype=99&nis=6, (02) 9784 2422,", Boomerang St, Turramurra NSW 2074",Business Owner / Managing Director,92,High,pending,,,Plumbing & Trades,High,Personalized,,,,,,,,,,
contact@thecleanplumberturramurra.com.au,,,Thecleanplumberturramurra,/aclk?sa=L&ai=DChsSEwjw_YeAsquWAxUNDkQIHWbcLQAYACICCAEQABoCZHo&co=1&ase=2&gclid=EAIaIQobChMI8P2HgLKrlgMVDQ5ECB1m3C0AEBAYASAAEgKuJvD_BwE&cid=CAASuwHkaDscdhYhltQN767qKJOD8_fwWU2k6uPUnyeYSwDllygAtDeaAUR5a8LlxRndMbySBBDwDNNfUWjRqRUzj1zlWvcGvrglbQCkV8oKdyq0HGVGxcxLxbrmPh-h89jgFMHUOkKkoW-7AjMK-TowKxktzT697gWP2TWOQooMIrAGTQQPirKXhOOcWG0E5dNMavFMgl02QHhRtxnox9nBTJfYSc-tck8TcOis-5dtH84I4vgzlE6ZGWtRF1MO&cce=2&category=acrcp_v1_32&sig=AOD64_2f7Wn5wZckE33H1N3I00OZSoZQVw&adurl&q&ctype=99&nis=6, 0488 854 186,", 88 Warragal Rd, Turramurra NSW 2074",Business Owner / Managing Director,92,High,pending,,,Plumbing & Trades,High,Personalized,,,,,,,,,,
contact@turramurraplumbingdrains.com.au,,,Turramurraplumbingdrains,/aclk?sa=L&ai=DChsSEwjw_YeAsquWAxUNDkQIHWbcLQAYACICCAEQABoCZHo&co=1&ase=2&gclid=EAIaIQobChMI8P2HgLKrlgMVDQ5ECB1m3C0AEBAYASAAEgKuJvD_BwE&cid=CAASuwHkaDscdhYhltQN767qKJOD8_fwWU2k6uPUnyeYSwDllygAtDeaAUR5a8LlxRndMbySBBDwDNNfUWjRqRUzj1zlWvcGvrglbQCkV8oKdyq0HGVGxcxLxbrmPh-h89jgFMHUOkKkoW-7AjMK-TowKxktzT697gWP2TWOQooMIrAGTQQPirKXhOOcWG0E5dNMavFMgl02QHhRtxnox9nBTJfYSc-tck8TcOis-5dtH84I4vgzlE6ZGWtRF1MO&cce=2&category=acrcp_v1_32&sig=AOD64_2f7Wn5wZckE33H1N3I00OZSoZQVw&adurl&q&ctype=99&nis=6, 1800 870 610,Turramurra NSW Australia,Business Owner / Managing Director,92,High,pending,,,Plumbing & Trades,High,Personalized,,,,,,,,,,
contact@andrewvannyplumbing.com.au,,,Andrewvannyplumbing,/aclk?sa=L&ai=DChsSEwjw_YeAsquWAxUNDkQIHWbcLQAYACICCAEQABoCZHo&co=1&ase=2&gclid=EAIaIQobChMI8P2HgLKrlgMVDQ5ECB1m3C0AEBAYASAAEgKuJvD_BwE&cid=CAASuwHkaDscdhYhltQN767qKJOD8_fwWU2k6uPUnyeYSwDllygAtDeaAUR5a8LlxRndMbySBBDwDNNfUWjRqRUzj1zlWvcGvrglbQCkV8oKdyq0HGVGxcxLxbrmPh-h89jgFMHUOkKkoW-7AjMK-TowKxktzT697gWP2TWOQooMIrAGTQQPirKXhOOcWG0E5dNMavFMgl02QHhRtxnox9nBTJfYSc-tck8TcOis-5dtH84I4vgzlE6ZGWtRF1MO&cce=2&category=acrcp_v1_32&sig=AOD64_2f7Wn5wZckE33H1N3I00OZSoZQVw&adurl&q&ctype=99&nis=6, 0480 009 605,", 311/1454 Pacific Hwy, Turramurra NSW 2074",Business Owner / Managing Director,92,High,pending,,,Plumbing & Trades,High,Personalized,,,,,,,,,,
contact@servicetodayplumberturramurra.com.au,,,Servicetodayplumberturramurra,/aclk?sa=L&ai=DChsSEwjw_YeAsquWAxUNDkQIHWbcLQAYACICCAEQABoCZHo&co=1&ase=2&gclid=EAIaIQobChMI8P2HgLKrlgMVDQ5ECB1m3C0AEBAYASAAEgKuJvD_BwE&cid=CAASuwHkaDscdhYhltQN767qKJOD8_fwWU2k6uPUnyeYSwDllygAtDeaAUR5a8LlxRndMbySBBDwDNNfUWjRqRUzj1zlWvcGvrglbQCkV8oKdyq0HGVGxcxLxbrmPh-h89jgFMHUOkKkoW-7AjMK-TowKxktzT697gWP2TWOQooMIrAGTQQPirKXhOOcWG0E5dNMavFMgl02QHhRtxnox9nBTJfYSc-tck8TcOis-5dtH84I4vgzlE6ZGWtRF1MO&cce=2&category=acrcp_v1_32&sig=AOD64_2f7Wn5wZckE33H1N3I00OZSoZQVw&adurl&q&ctype=99&nis=6, 0488 822 982,Turramurra NSW Australia,Business Owner / Managing Director,92,High,pending,,,Plumbing & Trades,High,Personalized,,,,,,,,,,
contact@tomfransenplumbing.com.au,,,Tomfransenplumbing,/aclk?sa=L&ai=DChsSEwjw_YeAsquWAxUNDkQIHWbcLQAYACICCAEQABoCZHo&co=1&ase=2&gclid=EAIaIQobChMI8P2HgLKrlgMVDQ5ECB1m3C0AEBAYASAAEgKuJvD_BwE&cid=CAASuwHkaDscdhYhltQN767qKJOD8_fwWU2k6uPUnyeYSwDllygAtDeaAUR5a8LlxRndMbySBBDwDNNfUWjRqRUzj1zlWvcGvrglbQCkV8oKdyq0HGVGxcxLxbrmPh-h89jgFMHUOkKkoW-7AjMK-TowKxktzT697gWP2TWOQooMIrAGTQQPirKXhOOcWG0E5dNMavFMgl02QHhRtxnox9nBTJfYSc-tck8TcOis-5dtH84I4vgzlE6ZGWtRF1MO&cce=2&category=acrcp_v1_32&sig=AOD64_2f7Wn5wZckE33H1N3I00OZSoZQVw&adurl&q&ctype=99&nis=6, 0458 692 865,", 56 Warragal Rd, Turramurra NSW 2074",Business Owner / Managing Director,92,High,pending,,,Plumbing & Trades,High,Personalized,,,,,,,,,,
contact@pymbleplumbingdrains.com.au,,,Pymbleplumbingdrains,/aclk?sa=L&ai=DChsSEwj9mrCFsquWAxV1Ww8CHfiLK3MYACICCAEQABoCdGI&co=1&ase=2&gclid=EAIaIQobChMI_ZqwhbKrlgMVdVsPAh34iytzEBAYASAAEgIcX_D_BwE&cid=CAASuwHkaF-qJBweSL8jO0Fdy9rv9FlIT6hFIb0GEGWN3aCcL9u7SIFo4jzJbf0yF44ExxmrZb34uZwkonFFacSCe458USQW2dLc_UgNfW5myzOXKuoB5gi1vpe4fMMwDpVDK6GorqP6KxuKOaejJ578XBRGfKGeAahRu0aip_YYMsEdGWCI6QB1ZR64lXF0bfJnNigZ9Ebua15Xap2jSU9WJBBe5y6M9bG7XPSkDnbTEnlXphebmOnyAt3g1Tho&cce=2&category=acrcp_v1_32&sig=AOD64_0yFYbbBQZc9aF94oLgKKomdzxtZw&adurl&q&ctype=99&nis=6, 1300 758 105,Pymble NSW Australia,Business Owner / Managing Director,92,High,pending,,,Plumbing & Trades,High,Personalized,,,,,,,,,,
contact@servicetodayplumberpymble.com.au,,,Servicetodayplumberpymble,/aclk?sa=L&ai=DChsSEwj9mrCFsquWAxV1Ww8CHfiLK3MYACICCAEQABoCdGI&co=1&ase=2&gclid=EAIaIQobChMI_ZqwhbKrlgMVdVsPAh34iytzEBAYASAAEgIcX_D_BwE&cid=CAASuwHkaF-qJBweSL8jO0Fdy9rv9FlIT6hFIb0GEGWN3aCcL9u7SIFo4jzJbf0yF44ExxmrZb34uZwkonFFacSCe458USQW2dLc_UgNfW5myzOXKuoB5gi1vpe4fMMwDpVDK6GorqP6KxuKOaejJ578XBRGfKGeAahRu0aip_YYMsEdGWCI6QB1ZR64lXF0bfJnNigZ9Ebua15Xap2jSU9WJBBe5y6M9bG7XPSkDnbTEnlXphebmOnyAt3g1Tho&cce=2&category=acrcp_v1_32&sig=AOD64_0yFYbbBQZc9aF94oLgKKomdzxtZw&adurl&q&ctype=99&nis=6, 0480 099 048,Pymble NSW Australia,Business Owner / Managing Director,92,High,pending,,,Plumbing & Trades,High,Personalized,,,,,,,,,,
contact@westpymbleplumbing.com.au,,,Westpymbleplumbing,/aclk?sa=L&ai=DChsSEwj9mrCFsquWAxV1Ww8CHfiLK3MYACICCAEQABoCdGI&co=1&ase=2&gclid=EAIaIQobChMI_ZqwhbKrlgMVdVsPAh34iytzEBAYASAAEgIcX_D_BwE&cid=CAASuwHkaF-qJBweSL8jO0Fdy9rv9FlIT6hFIb0GEGWN3aCcL9u7SIFo4jzJbf0yF44ExxmrZb34uZwkonFFacSCe458USQW2dLc_UgNfW5myzOXKuoB5gi1vpe4fMMwDpVDK6GorqP6KxuKOaejJ578XBRGfKGeAahRu0aip_YYMsEdGWCI6QB1ZR64lXF0bfJnNigZ9Ebua15Xap2jSU9WJBBe5y6M9bG7XPSkDnbTEnlXphebmOnyAt3g1Tho&cce=2&category=acrcp_v1_32&sig=AOD64_0yFYbbBQZc9aF94oLgKKomdzxtZw&adurl&q&ctype=99&nis=6, 0412 246 330,", 47 Shop 12 Phillip Mall, Kendall St, West Pymble NSW 2073",Business Owner / Managing Director,92,High,pending,,,Plumbing & Trades,High,Personalized,,,,,,,,,,
contact@aussieoncallplumbingpymble.com.au,,,Aussieoncallplumbingpymble,/aclk?sa=L&ai=DChsSEwj9mrCFsquWAxV1Ww8CHfiLK3MYACICCAEQABoCdGI&co=1&ase=2&gclid=EAIaIQobChMI_ZqwhbKrlgMVdVsPAh34iytzEBAYASAAEgIcX_D_BwE&cid=CAASuwHkaF-qJBweSL8jO0Fdy9rv9FlIT6hFIb0GEGWN3aCcL9u7SIFo4jzJbf0yF44ExxmrZb34uZwkonFFacSCe458USQW2dLc_UgNfW5myzOXKuoB5gi1vpe4fMMwDpVDK6GorqP6KxuKOaejJ578XBRGfKGeAahRu0aip_YYMsEdGWCI6QB1ZR64lXF0bfJnNigZ9Ebua15Xap2jSU9WJBBe5y6M9bG7XPSkDnbTEnlXphebmOnyAt3g1Tho&cce=2&category=acrcp_v1_32&sig=AOD64_0yFYbbBQZc9aF94oLgKKomdzxtZw&adurl&q&ctype=99&nis=6, (02) 9158 3537,", 8 Pymble Ave, Pymble NSW 2073",Business Owner / Managing Director,92,High,pending,,,Plumbing & Trades,High,Personalized,,,,,,,,,,
contact@coverallplumbing.com.au,,,Coverallplumbing,/aclk?sa=L&ai=DChsSEwj9mrCFsquWAxV1Ww8CHfiLK3MYACICCAEQABoCdGI&co=1&ase=2&gclid=EAIaIQobChMI_ZqwhbKrlgMVdVsPAh34iytzEBAYASAAEgIcX_D_BwE&cid=CAASuwHkaF-qJBweSL8jO0Fdy9rv9FlIT6hFIb0GEGWN3aCcL9u7SIFo4jzJbf0yF44ExxmrZb34uZwkonFFacSCe458USQW2dLc_UgNfW5myzOXKuoB5gi1vpe4fMMwDpVDK6GorqP6KxuKOaejJ578XBRGfKGeAahRu0aip_YYMsEdGWCI6QB1ZR64lXF0bfJnNigZ9Ebua15Xap2jSU9WJBBe5y6M9bG7XPSkDnbTEnlXphebmOnyAt3g1Tho&cce=2&category=acrcp_v1_32&sig=AOD64_0yFYbbBQZc9aF94oLgKKomdzxtZw&adurl&q&ctype=99&nis=6, 0416 961 191,Pymble NSW Australia,Business Owner / Managing Director,92,High,pending,,,Plumbing & Trades,High,Personalized,,,,,,,,,,
contact@dulydirectplumbing.com.au,,,Dulydirectplumbing,/aclk?sa=L&ai=DChsSEwj9mrCFsquWAxV1Ww8CHfiLK3MYACICCAEQABoCdGI&co=1&ase=2&gclid=EAIaIQobChMI_ZqwhbKrlgMVdVsPAh34iytzEBAYASAAEgIcX_D_BwE&cid=CAASuwHkaF-qJBweSL8jO0Fdy9rv9FlIT6hFIb0GEGWN3aCcL9u7SIFo4jzJbf0yF44ExxmrZb34uZwkonFFacSCe458USQW2dLc_UgNfW5myzOXKuoB5gi1vpe4fMMwDpVDK6GorqP6KxuKOaejJ578XBRGfKGeAahRu0aip_YYMsEdGWCI6QB1ZR64lXF0bfJnNigZ9Ebua15Xap2jSU9WJBBe5y6M9bG7XPSkDnbTEnlXphebmOnyAt3g1Tho&cce=2&category=acrcp_v1_32&sig=AOD64_0yFYbbBQZc9aF94oLgKKomdzxtZw&adurl&q&ctype=99&nis=6, 0448 479 804,", 29-33 Dumaresq St, Gordon NSW 2072",Business Owner / Managing Director,92,High,pending,,,Plumbing & Trades,High,Personalized,,,,,,,,,,
contact@rgplumbinggasdrainage.com.au,,,Rgplumbinggasdrainage,/aclk?sa=L&ai=DChsSEwj9mrCFsquWAxV1Ww8CHfiLK3MYACICCAEQABoCdGI&co=1&ase=2&gclid=EAIaIQobChMI_ZqwhbKrlgMVdVsPAh34iytzEBAYASAAEgIcX_D_BwE&cid=CAASuwHkaF-qJBweSL8jO0Fdy9rv9FlIT6hFIb0GEGWN3aCcL9u7SIFo4jzJbf0yF44ExxmrZb34uZwkonFFacSCe458USQW2dLc_UgNfW5myzOXKuoB5gi1vpe4fMMwDpVDK6GorqP6KxuKOaejJ578XBRGfKGeAahRu0aip_YYMsEdGWCI6QB1ZR64lXF0bfJnNigZ9Ebua15Xap2jSU9WJBBe5y6M9bG7XPSkDnbTEnlXphebmOnyAt3g1Tho&cce=2&category=acrcp_v1_32&sig=AOD64_0yFYbbBQZc9aF94oLgKKomdzxtZw&adurl&q&ctype=99&nis=6, 0461 330 531,", Level 3, Suite 2/828 Pacific Hwy, Gordon NSW 2072",Business Owner / Managing Director,92,High,pending,,,Plumbing & Trades,High,Personalized,,,,,,,,,,
info@rgplumbing.com.au,,,Rgplumbing,https://rgplumbing.com.au/?utm_source=google&utm_medium=organic&utm_campaign=google_business_profile, 0447 302 071,", 63 Spencer Rd, Killara NSW 2071",Business Owner / Managing Director,92,High,pending,,,Plumbing & Trades,High,Personalized,,,,,,,,,,
info@crossroadsplumbing.com.au,,,Crossroadsplumbing,http://www.crossroadsplumbing.com.au/, 0423 233 322,Killara NSW Australia,Business Owner / Managing Director,92,High,pending,,,Plumbing & Trades,High,Personalized,,,,,,,,,,
info@oncallplumbingroseville.com.au,,,Oncallplumbingroseville,https://oncallplumbingroseville.com.au/, (02) 9538 7611,", Bancroft Ave, Roseville NSW 2069",Business Owner / Managing Director,92,High,pending,,,Plumbing & Trades,High,Personalized,,,,,,,,,,
contact@northshoreplumbinggroupptyltd.com.au,,,Northshoreplumbinggroupptyltd,/aclk?sa=L&ai=DChsSEwjHyNqYsquWAxXbm2YCHcW5E4UYACICCAEQABoCc20&co=1&ase=2&gclid=EAIaIQobChMIx8jamLKrlgMV25tmAh3FuROFEBAYASAAEgJ_4PD_BwE&cid=CAASuwHkaNXYShTByC3RfKZp_2kaZJynho2dy6_tzL5sDEygTlNPcE4DNJuGG2Rrkzdns_jyCjrcL46pKoXaqBnsYc_n66dj3zUI8U_QoTBrykmE68VM0-RMnwrK0kFjnO7w0fCJ3JyuuhWX4HYsR71iILhC0PasSeSmsVLYkxKgI92S3uFXBXHx5UFwRiNHnqo4LkdsJ2zpNx088_tUsJn8UpQgBUmmIHtInR2WcPxNaVCL35sYWtxIvFrJJFDc&cce=2&category=acrcp_v1_32&sig=AOD64_1DwYzhS64JZRoiJHe1jEKy1eisjg&adurl&q&ctype=99&nis=6, 1300 072 019,Lindfield NSW Australia,Business Owner / Managing Director,92,High,pending,,,Plumbing & Trades,High,Personalized,,,,,,,,,,
info@stivesplumbinganddrains.com.au,,,Stivesplumbinganddrains,https://stivesplumbinganddrains.com.au/, 0407 784 711,", 3 Richmond Ave, St Ives NSW 2075",Business Owner / Managing Director,92,High,pending,,,Plumbing & Trades,High,Personalized,,,,,,,,,,
info@platypusplumbingsydney.com,,,Platypusplumbingsydney Com,https://www.platypusplumbingsydney.com/, 0481 542 081,", 38 Lords Ave, Asquith NSW 2077",Business Owner / Managing Director,92,High,pending,,,Plumbing & Trades,High,Personalized,,,,,,,,,,
info@rectifyplumbing.com.au,,,Rectifyplumbing,https://www.rectifyplumbing.com.au/?utm_source=GMB, 0400 073 180,", 20 Woodcourt Rd, Berowra Heights NSW 2082",Business Owner / Managing Director,92,High,pending,,,Plumbing & Trades,High,Personalized,,,,,,,,,,
contact@pennanthillsplumbing.com.au,,,Pennanthillsplumbing,/aclk?sa=L&ai=DChsSEwjMybSqsquWAxV3EoMDHWOmONsYACICCAEQABoCc2Y&co=1&ase=2&gclid=EAIaIQobChMIzMm0qrKrlgMVdxKDAx1jpjjbEBAYASAAEgK6tvD_BwE&cid=CAASuwHkaIenykay9ayhaUwV4wGm_cUbTUOBFkmEMf76S3aXSnV7DKy6vYltg05mhDdpzwiVgPZ0ANygsqJmPXRYwWNi4b1jSPBv0vR693gXmzCy2M4rfJZPvLp7ZdGmVCcM63KLbtS_H8l8iixmEISqlL8YbQRSncKOa68a6xSKFI-eDakyXaCPERI2fBCmwG0JPI1dQopaV8Swnwb_asLV4ZA5VVYebPnFMWGRsWsmh5an8oh2-mdKJP-dEiGs&cce=2&category=acrcp_v1_32&sig=AOD64_3Z3xrHHeLDdhFdeVfRsH1UrykihQ&adurl&q&ctype=99&nis=6, 0468 175 123,", 100 Yarrara Rd, Pennant Hills NSW 2120",Business Owner / Managing Director,92,High,pending,,,Plumbing & Trades,High,Personalized,,,,,,,,,,
contact@aussieoncallplumberpennanthills.com.au,,,Aussieoncallplumberpennanthills,/aclk?sa=L&ai=DChsSEwjMybSqsquWAxV3EoMDHWOmONsYACICCAEQABoCc2Y&co=1&ase=2&gclid=EAIaIQobChMIzMm0qrKrlgMVdxKDAx1jpjjbEBAYASAAEgK6tvD_BwE&cid=CAASuwHkaIenykay9ayhaUwV4wGm_cUbTUOBFkmEMf76S3aXSnV7DKy6vYltg05mhDdpzwiVgPZ0ANygsqJmPXRYwWNi4b1jSPBv0vR693gXmzCy2M4rfJZPvLp7ZdGmVCcM63KLbtS_H8l8iixmEISqlL8YbQRSncKOa68a6xSKFI-eDakyXaCPERI2fBCmwG0JPI1dQopaV8Swnwb_asLV4ZA5VVYebPnFMWGRsWsmh5an8oh2-mdKJP-dEiGs&cce=2&category=acrcp_v1_32&sig=AOD64_3Z3xrHHeLDdhFdeVfRsH1UrykihQ&adurl&q&ctype=99&nis=6, (02) 9100 0453,", 2 Schofield Parade, Pennant Hills NSW 2120",Business Owner / Managing Director,92,High,pending,,,Plumbing & Trades,High,Personalized,,,,,,,,,,
contact@purifiedplumbingplumberpennanthillsthornleighhornsby.com.au,,,Purifiedplumbingplumberpennanthillsthornleighhornsby,/aclk?sa=L&ai=DChsSEwjMybSqsquWAxV3EoMDHWOmONsYACICCAEQABoCc2Y&co=1&ase=2&gclid=EAIaIQobChMIzMm0qrKrlgMVdxKDAx1jpjjbEBAYASAAEgK6tvD_BwE&cid=CAASuwHkaIenykay9ayhaUwV4wGm_cUbTUOBFkmEMf76S3aXSnV7DKy6vYltg05mhDdpzwiVgPZ0ANygsqJmPXRYwWNi4b1jSPBv0vR693gXmzCy2M4rfJZPvLp7ZdGmVCcM63KLbtS_H8l8iixmEISqlL8YbQRSncKOa68a6xSKFI-eDakyXaCPERI2fBCmwG0JPI1dQopaV8Swnwb_asLV4ZA5VVYebPnFMWGRsWsmh5an8oh2-mdKJP-dEiGs&cce=2&category=acrcp_v1_32&sig=AOD64_3Z3xrHHeLDdhFdeVfRsH1UrykihQ&adurl&q&ctype=99&nis=6, 1300 663 667,", 5 Janet Ave, Thornleigh NSW 2120",Business Owner / Managing Director,92,High,pending,,,Plumbing & Trades,High,Personalized,,,,,,,,,,
contact@atozplumbing.com.au,,,Atozplumbing,/aclk?sa=L&ai=DChsSEwjMybSqsquWAxV3EoMDHWOmONsYACICCAEQABoCc2Y&co=1&ase=2&gclid=EAIaIQobChMIzMm0qrKrlgMVdxKDAx1jpjjbEBAYASAAEgK6tvD_BwE&cid=CAASuwHkaIenykay9ayhaUwV4wGm_cUbTUOBFkmEMf76S3aXSnV7DKy6vYltg05mhDdpzwiVgPZ0ANygsqJmPXRYwWNi4b1jSPBv0vR693gXmzCy2M4rfJZPvLp7ZdGmVCcM63KLbtS_H8l8iixmEISqlL8YbQRSncKOa68a6xSKFI-eDakyXaCPERI2fBCmwG0JPI1dQopaV8Swnwb_asLV4ZA5VVYebPnFMWGRsWsmh5an8oh2-mdKJP-dEiGs&cce=2&category=acrcp_v1_32&sig=AOD64_3Z3xrHHeLDdhFdeVfRsH1UrykihQ&adurl&q&ctype=99&nis=6, 1800 600 545,", 6 Lee Rd, Pennant Hills NSW 2120",Business Owner / Managing Director,92,High,pending,,,Plumbing & Trades,High,Personalized,,,,,,,,,,
contact@urbanproplumbingsydney.com.au,,,Urbanproplumbingsydney,/aclk?sa=L&ai=DChsSEwjMybSqsquWAxV3EoMDHWOmONsYACICCAEQABoCc2Y&co=1&ase=2&gclid=EAIaIQobChMIzMm0qrKrlgMVdxKDAx1jpjjbEBAYASAAEgK6tvD_BwE&cid=CAASuwHkaIenykay9ayhaUwV4wGm_cUbTUOBFkmEMf76S3aXSnV7DKy6vYltg05mhDdpzwiVgPZ0ANygsqJmPXRYwWNi4b1jSPBv0vR693gXmzCy2M4rfJZPvLp7ZdGmVCcM63KLbtS_H8l8iixmEISqlL8YbQRSncKOa68a6xSKFI-eDakyXaCPERI2fBCmwG0JPI1dQopaV8Swnwb_asLV4ZA5VVYebPnFMWGRsWsmh5an8oh2-mdKJP-dEiGs&cce=2&category=acrcp_v1_32&sig=AOD64_3Z3xrHHeLDdhFdeVfRsH1UrykihQ&adurl&q&ctype=99&nis=6, 0412 242 997,Pennant Hills NSW Australia,Business Owner / Managing Director,92,High,pending,,,Plumbing & Trades,High,Personalized,,,,,,,,,,
contact@paulbevinsmasterplumbers.com.au,,,Paulbevinsmasterplumbers,/aclk?sa=L&ai=DChsSEwjMybSqsquWAxV3EoMDHWOmONsYACICCAEQABoCc2Y&co=1&ase=2&gclid=EAIaIQobChMIzMm0qrKrlgMVdxKDAx1jpjjbEBAYASAAEgK6tvD_BwE&cid=CAASuwHkaIenykay9ayhaUwV4wGm_cUbTUOBFkmEMf76S3aXSnV7DKy6vYltg05mhDdpzwiVgPZ0ANygsqJmPXRYwWNi4b1jSPBv0vR693gXmzCy2M4rfJZPvLp7ZdGmVCcM63KLbtS_H8l8iixmEISqlL8YbQRSncKOa68a6xSKFI-eDakyXaCPERI2fBCmwG0JPI1dQopaV8Swnwb_asLV4ZA5VVYebPnFMWGRsWsmh5an8oh2-mdKJP-dEiGs&cce=2&category=acrcp_v1_32&sig=AOD64_3Z3xrHHeLDdhFdeVfRsH1UrykihQ&adurl&q&ctype=99&nis=6, 0412 221 737,", 94A Cardinal Ave, West Pennant Hills NSW 2125",Business Owner / Managing Director,92,High,pending,,,Plumbing & Trades,High,Personalized,,,,,,,,,,
contact@raksqualityplumbing.com.au,,,Raksqualityplumbing,/aclk?sa=L&ai=DChsSEwjMybSqsquWAxV3EoMDHWOmONsYACICCAEQABoCc2Y&co=1&ase=2&gclid=EAIaIQobChMIzMm0qrKrlgMVdxKDAx1jpjjbEBAYASAAEgK6tvD_BwE&cid=CAASuwHkaIenykay9ayhaUwV4wGm_cUbTUOBFkmEMf76S3aXSnV7DKy6vYltg05mhDdpzwiVgPZ0ANygsqJmPXRYwWNi4b1jSPBv0vR693gXmzCy2M4rfJZPvLp7ZdGmVCcM63KLbtS_H8l8iixmEISqlL8YbQRSncKOa68a6xSKFI-eDakyXaCPERI2fBCmwG0JPI1dQopaV8Swnwb_asLV4ZA5VVYebPnFMWGRsWsmh5an8oh2-mdKJP-dEiGs&cce=2&category=acrcp_v1_32&sig=AOD64_3Z3xrHHeLDdhFdeVfRsH1UrykihQ&adurl&q&ctype=99&nis=6, 0431 181 967,", 12 Pioneer Ave, Thornleigh NSW 2120",Business Owner / Managing Director,92,High,pending,,,Plumbing & Trades,High,Personalized,,,,,,,,,,
info@stsplumbing.com.au,,,Stsplumbing,https://www.stsplumbing.com.au/, 0416 155 549,", 85 William Edward St, Longueville NSW 2066",Business Owner / Managing Director,92,High,pending,,,Plumbing & Trades,High,Personalized,,,,,,,,,,
info@flowplumbing.com.au,,,Flowplumbing,http://www.flowplumbing.com.au/,,St Leonards NSW Australia,Business Owner / Managing Director,92,High,pending,,,Plumbing & Trades,High,Personalized,,,,,,,,,,
info@taiirwin.com.au,,,Taiirwin,https://taiirwin.com.au/, (02) 9986 1880,", 88 Sydney St, Willoughby NSW 2067",Business Owner / Managing Director,92,High,pending,,,Plumbing & Trades,High,Personalized,,,,,,,,,,
contact@neutralbayplumbing.com.au,,,Neutralbayplumbing,/aclk?sa=L&ai=DChsSEwixjoHFsquWAxXrpGYCHb-MJT0YACICCAEQABoCc20&co=1&ase=2&gclid=EAIaIQobChMIsY6BxbKrlgMV66RmAh2_jCU9EBAYASAAEgK0o_D_BwE&cid=CAASuwHkaHA3Xyttw7jjzYsAwJjh5mVT3VWrE2LOjC-r36_-xC86k4yJ4Ptii6StaVWctXseRJEcgVOkagTfU6WgTH6slMiU00wNnkH5lFBf86CskgTLZcizhWN_pz-aZQ_RKq63KoHzEAoTlZ0nLv07TY9Whe_RxR7Qhi8Dm-9vA1V3znxXGZTKRY0BkvIEneLZN5TC8PvAb2ZBAhTcMP7bfCVYBSpYcM4xtx1eYbFjuO-hiBwWkT5N8fY4Ij14&cce=2&category=acrcp_v1_32&sig=AOD64_1Gxy9zrdtzG6nt1RtZrVZUkADwvg&adurl&q&ctype=99&nis=6, (02) 9969 5031,", 29 Rangers Rd, Cremorne NSW 2090",Business Owner / Managing Director,92,High,pending,,,Plumbing & Trades,High,Personalized,,,,,,,,,,
contact@northeastplumbing.com.au,,,Northeastplumbing,/aclk?sa=L&ai=DChsSEwixjoHFsquWAxXrpGYCHb-MJT0YACICCAEQABoCc20&co=1&ase=2&gclid=EAIaIQobChMIsY6BxbKrlgMV66RmAh2_jCU9EBAYASAAEgK0o_D_BwE&cid=CAASuwHkaHA3Xyttw7jjzYsAwJjh5mVT3VWrE2LOjC-r36_-xC86k4yJ4Ptii6StaVWctXseRJEcgVOkagTfU6WgTH6slMiU00wNnkH5lFBf86CskgTLZcizhWN_pz-aZQ_RKq63KoHzEAoTlZ0nLv07TY9Whe_RxR7Qhi8Dm-9vA1V3znxXGZTKRY0BkvIEneLZN5TC8PvAb2ZBAhTcMP7bfCVYBSpYcM4xtx1eYbFjuO-hiBwWkT5N8fY4Ij14&cce=2&category=acrcp_v1_32&sig=AOD64_1Gxy9zrdtzG6nt1RtZrVZUkADwvg&adurl&q&ctype=99&nis=6, (02) 8416 8640,", Unit 2/878 Military Rd, Mosman NSW 2088",Business Owner / Managing Director,92,High,pending,,,Plumbing & Trades,High,Personalized,,,,,,,,,,
contact@chrislobbplumbingservices.com.au,,,Chrislobbplumbingservices,/aclk?sa=L&ai=DChsSEwixjoHFsquWAxXrpGYCHb-MJT0YACICCAEQABoCc20&co=1&ase=2&gclid=EAIaIQobChMIsY6BxbKrlgMV66RmAh2_jCU9EBAYASAAEgK0o_D_BwE&cid=CAASuwHkaHA3Xyttw7jjzYsAwJjh5mVT3VWrE2LOjC-r36_-xC86k4yJ4Ptii6StaVWctXseRJEcgVOkagTfU6WgTH6slMiU00wNnkH5lFBf86CskgTLZcizhWN_pz-aZQ_RKq63KoHzEAoTlZ0nLv07TY9Whe_RxR7Qhi8Dm-9vA1V3znxXGZTKRY0BkvIEneLZN5TC8PvAb2ZBAhTcMP7bfCVYBSpYcM4xtx1eYbFjuO-hiBwWkT5N8fY4Ij14&cce=2&category=acrcp_v1_32&sig=AOD64_1Gxy9zrdtzG6nt1RtZrVZUkADwvg&adurl&q&ctype=99&nis=6, 0418 239 413,", 21-25 Rangers Rd, Cremorne NSW 2090",Business Owner / Managing Director,92,High,pending,,,Plumbing & Trades,High,Personalized,,,,,,,,,,
contact@mintplumbingmosman.com.au,,,Mintplumbingmosman,/aclk?sa=L&ai=DChsSEwix67rIsquWAxWUmWYCHXA1GX8YACICCAEQABoCc20&co=1&ase=2&gclid=EAIaIQobChMIseu6yLKrlgMVlJlmAh1wNRl_EBAYASAAEgKeKvD_BwE&cid=CAASuwHkaLK3TvpyZCDvFjmXssUtTszjn0umtTRV2QNdx1Kj8UpnoqjMO6JSkH_zWbdt_3jtWwsCGCI31IsrltWWK_VF3FE0XE9DrnRiP4kuuwYYSGaOYHUzwcpRxNFjHfURoQkMiW6oux5DHuzA8EMB_6cYsqKj9eH7yEZPKuKQLABlTN7Amk3F8yq1FKF7sOcVSi9kEPfSZqG0Yic4iBSaDGbppp-i_MR3tEMDHkkbv-x8miO2aICfmTDHbYas&cce=2&category=acrcp_v1_32&sig=AOD64_2y7pqP_76GhzUV-TOMLFmQAXFnCQ&adurl&q&ctype=99&nis=6, 0468 175 122,Mosman NSW Australia,Business Owner / Managing Director,92,High,pending,,,Plumbing & Trades,High,Personalized,,,,,,,,,,
contact@servicetodayplumbermosman.com.au,,,Servicetodayplumbermosman,/aclk?sa=L&ai=DChsSEwix67rIsquWAxWUmWYCHXA1GX8YACICCAEQABoCc20&co=1&ase=2&gclid=EAIaIQobChMIseu6yLKrlgMVlJlmAh1wNRl_EBAYASAAEgKeKvD_BwE&cid=CAASuwHkaLK3TvpyZCDvFjmXssUtTszjn0umtTRV2QNdx1Kj8UpnoqjMO6JSkH_zWbdt_3jtWwsCGCI31IsrltWWK_VF3FE0XE9DrnRiP4kuuwYYSGaOYHUzwcpRxNFjHfURoQkMiW6oux5DHuzA8EMB_6cYsqKj9eH7yEZPKuKQLABlTN7Amk3F8yq1FKF7sOcVSi9kEPfSZqG0Yic4iBSaDGbppp-i_MR3tEMDHkkbv-x8miO2aICfmTDHbYas&cce=2&category=acrcp_v1_32&sig=AOD64_2y7pqP_76GhzUV-TOMLFmQAXFnCQ&adurl&q&ctype=99&nis=6, 0489 905 204,Mosman NSW Australia,Business Owner / Managing Director,92,High,pending,,,Plumbing & Trades,High,Personalized,,,,,,,,,,
contact@mosmanplumbingdrains.com.au,,,Mosmanplumbingdrains,/aclk?sa=L&ai=DChsSEwix67rIsquWAxWUmWYCHXA1GX8YACICCAEQABoCc20&co=1&ase=2&gclid=EAIaIQobChMIseu6yLKrlgMVlJlmAh1wNRl_EBAYASAAEgKeKvD_BwE&cid=CAASuwHkaLK3TvpyZCDvFjmXssUtTszjn0umtTRV2QNdx1Kj8UpnoqjMO6JSkH_zWbdt_3jtWwsCGCI31IsrltWWK_VF3FE0XE9DrnRiP4kuuwYYSGaOYHUzwcpRxNFjHfURoQkMiW6oux5DHuzA8EMB_6cYsqKj9eH7yEZPKuKQLABlTN7Amk3F8yq1FKF7sOcVSi9kEPfSZqG0Yic4iBSaDGbppp-i_MR3tEMDHkkbv-x8miO2aICfmTDHbYas&cce=2&category=acrcp_v1_32&sig=AOD64_2y7pqP_76GhzUV-TOMLFmQAXFnCQ&adurl&q&ctype=99&nis=6, 0485 827 167,Mosman NSW Australia,Business Owner / Managing Director,92,High,pending,,,Plumbing & Trades,High,Personalized,,,,,,,,,,
contact@servicetodayplumbermanly.com.au,,,Servicetodayplumbermanly,/aclk?sa=L&ai=DChsSEwi1nPLLsquWAxWepWYCHT9GKEwYACICCAEQABoCc20&co=1&ase=2&gclid=EAIaIQobChMItZzyy7KrlgMVnqVmAh0_RihMEBAYASAAEgLM_PD_BwE&cid=CAASuwHkaJdapZiJoQT71QBVAqK0zWG78trMMgb7SoPJ-IvWgtTyz7WE8Y4uwS5AHvjlsjgrCVZI0ePlMOsfJUWWCx7Pbk2Svgwvl3r0Z8TwkLFdWsguWG1CUpYI0BMmJEFkxB56r5uF5VNbkUBQ6YclWYqZLjWr1FUj5vXPDkLnub0T12lMu82dwO6-XS4UxdTZ_ilO6cv4rYHdhoYnIWhYLC1g8viRudS7ndETQgU3TNNGsOmLulaSzB1zBIuN&cce=2&category=acrcp_v1_32&sig=AOD64_1zK0o-sXFvX5vNsbkjx19Y96zXig&adurl&q&ctype=99&nis=6, 0488 823 581,Manly NSW Australia,Business Owner / Managing Director,92,High,pending,,,Plumbing & Trades,High,Personalized,,,,,,,,,,
contact@steadyplumbers.com.au,,,Steadyplumbers,/aclk?sa=L&ai=DChsSEwi1nPLLsquWAxWepWYCHT9GKEwYACICCAEQABoCc20&co=1&ase=2&gclid=EAIaIQobChMItZzyy7KrlgMVnqVmAh0_RihMEBAYASAAEgLM_PD_BwE&cid=CAASuwHkaJdapZiJoQT71QBVAqK0zWG78trMMgb7SoPJ-IvWgtTyz7WE8Y4uwS5AHvjlsjgrCVZI0ePlMOsfJUWWCx7Pbk2Svgwvl3r0Z8TwkLFdWsguWG1CUpYI0BMmJEFkxB56r5uF5VNbkUBQ6YclWYqZLjWr1FUj5vXPDkLnub0T12lMu82dwO6-XS4UxdTZ_ilO6cv4rYHdhoYnIWhYLC1g8viRudS7ndETQgU3TNNGsOmLulaSzB1zBIuN&cce=2&category=acrcp_v1_32&sig=AOD64_1zK0o-sXFvX5vNsbkjx19Y96zXig&adurl&q&ctype=99&nis=6, 0411 716 434,Manly NSW Australia,Business Owner / Managing Director,92,High,pending,,,Plumbing & Trades,High,Personalized,,,,,,,,,,
contact@4elementsplumbingnorthernbeaches.com.au,,,4elementsplumbingnorthernbeaches,/aclk?sa=L&ai=DChsSEwi1nPLLsquWAxWepWYCHT9GKEwYACICCAEQABoCc20&co=1&ase=2&gclid=EAIaIQobChMItZzyy7KrlgMVnqVmAh0_RihMEBAYASAAEgLM_PD_BwE&cid=CAASuwHkaJdapZiJoQT71QBVAqK0zWG78trMMgb7SoPJ-IvWgtTyz7WE8Y4uwS5AHvjlsjgrCVZI0ePlMOsfJUWWCx7Pbk2Svgwvl3r0Z8TwkLFdWsguWG1CUpYI0BMmJEFkxB56r5uF5VNbkUBQ6YclWYqZLjWr1FUj5vXPDkLnub0T12lMu82dwO6-XS4UxdTZ_ilO6cv4rYHdhoYnIWhYLC1g8viRudS7ndETQgU3TNNGsOmLulaSzB1zBIuN&cce=2&category=acrcp_v1_32&sig=AOD64_1zK0o-sXFvX5vNsbkjx19Y96zXig&adurl&q&ctype=99&nis=6, 1300 790 930,Manly NSW Australia,Business Owner / Managing Director,92,High,pending,,,Plumbing & Trades,High,Personalized,,,,,,,,,,
contact@curlcurlplumbing.com.au,,,Curlcurlplumbing,/aclk?sa=L&ai=DChsSEwi1nPLLsquWAxWepWYCHT9GKEwYACICCAEQABoCc20&co=1&ase=2&gclid=EAIaIQobChMItZzyy7KrlgMVnqVmAh0_RihMEBAYASAAEgLM_PD_BwE&cid=CAASuwHkaJdapZiJoQT71QBVAqK0zWG78trMMgb7SoPJ-IvWgtTyz7WE8Y4uwS5AHvjlsjgrCVZI0ePlMOsfJUWWCx7Pbk2Svgwvl3r0Z8TwkLFdWsguWG1CUpYI0BMmJEFkxB56r5uF5VNbkUBQ6YclWYqZLjWr1FUj5vXPDkLnub0T12lMu82dwO6-XS4UxdTZ_ilO6cv4rYHdhoYnIWhYLC1g8viRudS7ndETQgU3TNNGsOmLulaSzB1zBIuN&cce=2&category=acrcp_v1_32&sig=AOD64_1zK0o-sXFvX5vNsbkjx19Y96zXig&adurl&q&ctype=99&nis=6, 1300 566 292,", C3/1 Campbell Parade, Manly Vale NSW 2093",Business Owner / Managing Director,92,High,pending,,,Plumbing & Trades,High,Personalized,,,,,,,,,,
contact@plumdinplumbingnorthernbeaches.com.au,,,Plumdinplumbingnorthernbeaches,/aclk?sa=L&ai=DChsSEwi1nPLLsquWAxWepWYCHT9GKEwYACICCAEQABoCc20&co=1&ase=2&gclid=EAIaIQobChMItZzyy7KrlgMVnqVmAh0_RihMEBAYASAAEgLM_PD_BwE&cid=CAASuwHkaJdapZiJoQT71QBVAqK0zWG78trMMgb7SoPJ-IvWgtTyz7WE8Y4uwS5AHvjlsjgrCVZI0ePlMOsfJUWWCx7Pbk2Svgwvl3r0Z8TwkLFdWsguWG1CUpYI0BMmJEFkxB56r5uF5VNbkUBQ6YclWYqZLjWr1FUj5vXPDkLnub0T12lMu82dwO6-XS4UxdTZ_ilO6cv4rYHdhoYnIWhYLC1g8viRudS7ndETQgU3TNNGsOmLulaSzB1zBIuN&cce=2&category=acrcp_v1_32&sig=AOD64_1zK0o-sXFvX5vNsbkjx19Y96zXig&adurl&q&ctype=99&nis=6, 0426 483 191,", 52 Abingdon St, North Balgowlah NSW 2093",Business Owner / Managing Director,92,High,pending,,,Plumbing & Trades,High,Personalized,,,,,,,,,,
contact@northernbeachesplumbingdrains.com.au,,,Northernbeachesplumbingdrains,/aclk?sa=L&ai=DChsSEwi1nPLLsquWAxWepWYCHT9GKEwYACICCAEQABoCc20&co=1&ase=2&gclid=EAIaIQobChMItZzyy7KrlgMVnqVmAh0_RihMEBAYASAAEgLM_PD_BwE&cid=CAASuwHkaJdapZiJoQT71QBVAqK0zWG78trMMgb7SoPJ-IvWgtTyz7WE8Y4uwS5AHvjlsjgrCVZI0ePlMOsfJUWWCx7Pbk2Svgwvl3r0Z8TwkLFdWsguWG1CUpYI0BMmJEFkxB56r5uF5VNbkUBQ6YclWYqZLjWr1FUj5vXPDkLnub0T12lMu82dwO6-XS4UxdTZ_ilO6cv4rYHdhoYnIWhYLC1g8viRudS7ndETQgU3TNNGsOmLulaSzB1zBIuN&cce=2&category=acrcp_v1_32&sig=AOD64_1zK0o-sXFvX5vNsbkjx19Y96zXig&adurl&q&ctype=99&nis=6, 1300 678 052,Manly NSW Australia,Business Owner / Managing Director,92,High,pending,,,Plumbing & Trades,High,Personalized,,,,,,,,,,
contact@collisbrosplumbing.com.au,,,Collisbrosplumbing,/aclk?sa=L&ai=DChsSEwi1nPLLsquWAxWepWYCHT9GKEwYACICCAEQABoCc20&co=1&ase=2&gclid=EAIaIQobChMItZzyy7KrlgMVnqVmAh0_RihMEBAYASAAEgLM_PD_BwE&cid=CAASuwHkaJdapZiJoQT71QBVAqK0zWG78trMMgb7SoPJ-IvWgtTyz7WE8Y4uwS5AHvjlsjgrCVZI0ePlMOsfJUWWCx7Pbk2Svgwvl3r0Z8TwkLFdWsguWG1CUpYI0BMmJEFkxB56r5uF5VNbkUBQ6YclWYqZLjWr1FUj5vXPDkLnub0T12lMu82dwO6-XS4UxdTZ_ilO6cv4rYHdhoYnIWhYLC1g8viRudS7ndETQgU3TNNGsOmLulaSzB1zBIuN&cce=2&category=acrcp_v1_32&sig=AOD64_1zK0o-sXFvX5vNsbkjx19Y96zXig&adurl&q&ctype=99&nis=6, (02) 9907 9807,", G2/1 Campbell Parade, Manly Vale NSW 2093",Business Owner / Managing Director,92,High,pending,,,Plumbing & Trades,High,Personalized,,,,,,,,,,
contact@mitchellplumbingco.com.au,,,Mitchellplumbingco,/aclk?sa=L&ai=DChsSEwiktfrXsquWAxUJJkQIHSEOGyAYACICCAEQABoCZHo&co=1&ase=2&gclid=EAIaIQobChMIpLX617KrlgMVCSZECB0hDhsgEBAYASAAEgKlWPD_BwE&cid=CAASuwHkaB00jlMx0JaeINAjNQDoYwQkUx_mP_XFCx2HkgIy034G4GQc2AnOr_mV3VEty0Tyz8odyBzEiCJEhLqRqJsskSycx24AsnRKU9gYreEICI4ij9YJSqUWVf7hs-BfVlLR7jdVNLX8E43fT7DXY8Nhbx01AFHCGzs2AWNVM92RycnhL4u2MwyBsHxCZA_ZHy866fxWwvURBbJfEM6LKOqm-v9-Oo4TRWqCCK20Y6vjU_yz7XdRACESSZ_0&cce=2&category=acrcp_v1_32&sig=AOD64_2Y04IDAY4D3QdfhMWgOvFB-VXSYQ&adurl&q&ctype=99&nis=6, 0483 939 979,", 57/42-46 Wattle Rd, Brookvale NSW 2100",Business Owner / Managing Director,92,High,pending,,,Plumbing & Trades,High,Personalized,,,,,,,,,,
contact@servicetodayplumberbrookvale.com.au,,,Servicetodayplumberbrookvale,/aclk?sa=L&ai=DChsSEwiktfrXsquWAxUJJkQIHSEOGyAYACICCAEQABoCZHo&co=1&ase=2&gclid=EAIaIQobChMIpLX617KrlgMVCSZECB0hDhsgEBAYASAAEgKlWPD_BwE&cid=CAASuwHkaB00jlMx0JaeINAjNQDoYwQkUx_mP_XFCx2HkgIy034G4GQc2AnOr_mV3VEty0Tyz8odyBzEiCJEhLqRqJsskSycx24AsnRKU9gYreEICI4ij9YJSqUWVf7hs-BfVlLR7jdVNLX8E43fT7DXY8Nhbx01AFHCGzs2AWNVM92RycnhL4u2MwyBsHxCZA_ZHy866fxWwvURBbJfEM6LKOqm-v9-Oo4TRWqCCK20Y6vjU_yz7XdRACESSZ_0&cce=2&category=acrcp_v1_32&sig=AOD64_2Y04IDAY4D3QdfhMWgOvFB-VXSYQ&adurl&q&ctype=99&nis=6, 0485 881 203,", 14 Federal Parade, Brookvale NSW 2100",Business Owner / Managing Director,92,High,pending,,,Plumbing & Trades,High,Personalized,,,,,,,,,,
contact@superplumbersptyltd.com.au,,,Superplumbersptyltd,/aclk?sa=L&ai=DChsSEwiktfrXsquWAxUJJkQIHSEOGyAYACICCAEQABoCZHo&co=1&ase=2&gclid=EAIaIQobChMIpLX617KrlgMVCSZECB0hDhsgEBAYASAAEgKlWPD_BwE&cid=CAASuwHkaB00jlMx0JaeINAjNQDoYwQkUx_mP_XFCx2HkgIy034G4GQc2AnOr_mV3VEty0Tyz8odyBzEiCJEhLqRqJsskSycx24AsnRKU9gYreEICI4ij9YJSqUWVf7hs-BfVlLR7jdVNLX8E43fT7DXY8Nhbx01AFHCGzs2AWNVM92RycnhL4u2MwyBsHxCZA_ZHy866fxWwvURBbJfEM6LKOqm-v9-Oo4TRWqCCK20Y6vjU_yz7XdRACESSZ_0&cce=2&category=acrcp_v1_32&sig=AOD64_2Y04IDAY4D3QdfhMWgOvFB-VXSYQ&adurl&q&ctype=99&nis=6, 0413 373 314,Brookvale NSW Australia,Business Owner / Managing Director,92,High,pending,,,Plumbing & Trades,High,Personalized,,,,,,,,,,
contact@hillierplumbing.com.au,,,Hillierplumbing,/aclk?sa=L&ai=DChsSEwiktfrXsquWAxUJJkQIHSEOGyAYACICCAEQABoCZHo&co=1&ase=2&gclid=EAIaIQobChMIpLX617KrlgMVCSZECB0hDhsgEBAYASAAEgKlWPD_BwE&cid=CAASuwHkaB00jlMx0JaeINAjNQDoYwQkUx_mP_XFCx2HkgIy034G4GQc2AnOr_mV3VEty0Tyz8odyBzEiCJEhLqRqJsskSycx24AsnRKU9gYreEICI4ij9YJSqUWVf7hs-BfVlLR7jdVNLX8E43fT7DXY8Nhbx01AFHCGzs2AWNVM92RycnhL4u2MwyBsHxCZA_ZHy866fxWwvURBbJfEM6LKOqm-v9-Oo4TRWqCCK20Y6vjU_yz7XdRACESSZ_0&cce=2&category=acrcp_v1_32&sig=AOD64_2Y04IDAY4D3QdfhMWgOvFB-VXSYQ&adurl&q&ctype=99&nis=6, (02) 8999 5584,", 11/202-204 Harbord Rd, Brookvale NSW 2100",Business Owner / Managing Director,92,High,pending,,,Plumbing & Trades,High,Personalized,,,,,,,,,,
contact@lkbplumbingnorthernbeaches.com.au,,,Lkbplumbingnorthernbeaches,/aclk?sa=L&ai=DChsSEwiktfrXsquWAxUJJkQIHSEOGyAYACICCAEQABoCZHo&co=1&ase=2&gclid=EAIaIQobChMIpLX617KrlgMVCSZECB0hDhsgEBAYASAAEgKlWPD_BwE&cid=CAASuwHkaB00jlMx0JaeINAjNQDoYwQkUx_mP_XFCx2HkgIy034G4GQc2AnOr_mV3VEty0Tyz8odyBzEiCJEhLqRqJsskSycx24AsnRKU9gYreEICI4ij9YJSqUWVf7hs-BfVlLR7jdVNLX8E43fT7DXY8Nhbx01AFHCGzs2AWNVM92RycnhL4u2MwyBsHxCZA_ZHy866fxWwvURBbJfEM6LKOqm-v9-Oo4TRWqCCK20Y6vjU_yz7XdRACESSZ_0&cce=2&category=acrcp_v1_32&sig=AOD64_2Y04IDAY4D3QdfhMWgOvFB-VXSYQ&adurl&q&ctype=99&nis=6, 1300 907 553,Brookvale NSW Australia,Business Owner / Managing Director,92,High,pending,,,Plumbing & Trades,High,Personalized,,,,,,,,,,
contact@ryanmanfieldplumbingptyltd.com.au,,,Ryanmanfieldplumbingptyltd,/aclk?sa=L&ai=DChsSEwiktfrXsquWAxUJJkQIHSEOGyAYACICCAEQABoCZHo&co=1&ase=2&gclid=EAIaIQobChMIpLX617KrlgMVCSZECB0hDhsgEBAYASAAEgKlWPD_BwE&cid=CAASuwHkaB00jlMx0JaeINAjNQDoYwQkUx_mP_XFCx2HkgIy034G4GQc2AnOr_mV3VEty0Tyz8odyBzEiCJEhLqRqJsskSycx24AsnRKU9gYreEICI4ij9YJSqUWVf7hs-BfVlLR7jdVNLX8E43fT7DXY8Nhbx01AFHCGzs2AWNVM92RycnhL4u2MwyBsHxCZA_ZHy866fxWwvURBbJfEM6LKOqm-v9-Oo4TRWqCCK20Y6vjU_yz7XdRACESSZ_0&cce=2&category=acrcp_v1_32&sig=AOD64_2Y04IDAY4D3QdfhMWgOvFB-VXSYQ&adurl&q&ctype=99&nis=6, 0401 554 811,", 25-29 Winbourne Rd, Brookvale NSW 2100",Business Owner / Managing Director,92,High,pending,,,Plumbing & Trades,High,Personalized,,,,,,,,,,
info@northnarrabeenplumbing.com.au,,,Northnarrabeenplumbing,https://www.northnarrabeenplumbing.com.au/, 0414 248 131,Narrabeen NSW Australia,Business Owner / Managing Director,92,High,pending,,,Plumbing & Trades,High,Personalized,,,,,,,,,,
info@platinumplumbers.net.au,,,Platinumplumbers,https://www.platinumplumbers.net.au/?utm_source=GMB, 0421 637 410,Collaroy NSW Australia,Business Owner / Managing Director,92,High,pending,,,Plumbing & Trades,High,Personalized,,,,,,,,,,
info@lcplumbing.com.au,,,Lcplumbing,https://lcplumbing.com.au/, 0488 730 888,Freshwater NSW Australia,Business Owner / Managing Director,92,High,pending,,,Plumbing & Trades,High,Personalized,,,,,,,,,,
contact@balgowlahplumbingdrains.com.au,,,Balgowlahplumbingdrains,/aclk?sa=L&ai=DChsSEwivnJ3ysquWAxV0PYMDHW9tBdIYACICCAEQABoCc2Y&co=1&ase=2&gclid=EAIaIQobChMIr5yd8rKrlgMVdD2DAx1vbQXSEBAYASAAEgLFj_D_BwE&cid=CAASuwHkaOGvLYZ-8CDIU2kiUrw6yB5-kSIqedlor_O_zwKp4uTeGe3xyoFjgoEfPDieU8TxMokrE6Bke5JpQ9IPvq8cMmmjQcsctH3VBQVw0Ph9Ku56iG3dcDaigeXL17Lu7kTPM84PYFcZGqeE5lawR_vdmNTPL0p4qCYvWVRGdZwDaZ0gaq6QRsqMY605PO2S9z5A1pbXZzbSBuaD9bPDxal_kVAsMB2RWO1vWYPUGMnFBYa3YG8jNfeGWWR3&cce=2&category=acrcp_v1_32&sig=AOD64_3Yg7yW3ANe8HGvtvIxeZnBkuZGOg&adurl&q&ctype=99&nis=6, 1300 767 917,Balgowlah NSW Australia,Business Owner / Managing Director,92,High,pending,,,Plumbing & Trades,High,Personalized,,,,,,,,,,
contact@northernbeachesblockeddrains.com.au,,,Northernbeachesblockeddrains,/aclk?sa=L&ai=DChsSEwivnJ3ysquWAxV0PYMDHW9tBdIYACICCAEQABoCc2Y&co=1&ase=2&gclid=EAIaIQobChMIr5yd8rKrlgMVdD2DAx1vbQXSEBAYASAAEgLFj_D_BwE&cid=CAASuwHkaOGvLYZ-8CDIU2kiUrw6yB5-kSIqedlor_O_zwKp4uTeGe3xyoFjgoEfPDieU8TxMokrE6Bke5JpQ9IPvq8cMmmjQcsctH3VBQVw0Ph9Ku56iG3dcDaigeXL17Lu7kTPM84PYFcZGqeE5lawR_vdmNTPL0p4qCYvWVRGdZwDaZ0gaq6QRsqMY605PO2S9z5A1pbXZzbSBuaD9bPDxal_kVAsMB2RWO1vWYPUGMnFBYa3YG8jNfeGWWR3&cce=2&category=acrcp_v1_32&sig=AOD64_3Yg7yW3ANe8HGvtvIxeZnBkuZGOg&adurl&q&ctype=99&nis=6, 0416 962 481,", Unit 1/52 Abingdon St, North Balgowlah NSW 2093",Business Owner / Managing Director,92,High,pending,,,Plumbing & Trades,High,Personalized,,,,,,,,,,
contact@rapidresponseplumbingsservices.com.au,,,Rapidresponseplumbingsservices,/aclk?sa=L&ai=DChsSEwivnJ3ysquWAxV0PYMDHW9tBdIYACICCAEQABoCc2Y&co=1&ase=2&gclid=EAIaIQobChMIr5yd8rKrlgMVdD2DAx1vbQXSEBAYASAAEgLFj_D_BwE&cid=CAASuwHkaOGvLYZ-8CDIU2kiUrw6yB5-kSIqedlor_O_zwKp4uTeGe3xyoFjgoEfPDieU8TxMokrE6Bke5JpQ9IPvq8cMmmjQcsctH3VBQVw0Ph9Ku56iG3dcDaigeXL17Lu7kTPM84PYFcZGqeE5lawR_vdmNTPL0p4qCYvWVRGdZwDaZ0gaq6QRsqMY605PO2S9z5A1pbXZzbSBuaD9bPDxal_kVAsMB2RWO1vWYPUGMnFBYa3YG8jNfeGWWR3&cce=2&category=acrcp_v1_32&sig=AOD64_3Yg7yW3ANe8HGvtvIxeZnBkuZGOg&adurl&q&ctype=99&nis=6, 0419 978 987,", 8 Burchmore Rd, Manly Vale NSW 2093",Business Owner / Managing Director,92,High,pending,,,Plumbing & Trades,High,Personalized,,,,,,,,,,
contact@plumbingforlife.com.au,,,Plumbingforlife,/aclk?sa=L&ai=DChsSEwivnJ3ysquWAxV0PYMDHW9tBdIYACICCAEQABoCc2Y&co=1&ase=2&gclid=EAIaIQobChMIr5yd8rKrlgMVdD2DAx1vbQXSEBAYASAAEgLFj_D_BwE&cid=CAASuwHkaOGvLYZ-8CDIU2kiUrw6yB5-kSIqedlor_O_zwKp4uTeGe3xyoFjgoEfPDieU8TxMokrE6Bke5JpQ9IPvq8cMmmjQcsctH3VBQVw0Ph9Ku56iG3dcDaigeXL17Lu7kTPM84PYFcZGqeE5lawR_vdmNTPL0p4qCYvWVRGdZwDaZ0gaq6QRsqMY605PO2S9z5A1pbXZzbSBuaD9bPDxal_kVAsMB2RWO1vWYPUGMnFBYa3YG8jNfeGWWR3&cce=2&category=acrcp_v1_32&sig=AOD64_3Yg7yW3ANe8HGvtvIxeZnBkuZGOg&adurl&q&ctype=99&nis=6, 0414 629 082,Balgowlah NSW Australia,Business Owner / Managing Director,92,High,pending,,,Plumbing & Trades,High,Personalized,,,,,,,,,,
contact@northernbeachesplumbing.com.au,,,Northernbeachesplumbing,/aclk?sa=L&ai=DChsSEwjckp32squWAxWbjmYCHXJ_LbgYACICCAEQABoCc20&co=1&ase=2&gclid=EAIaIQobChMI3JKd9rKrlgMVm45mAh1yfy24EBAYASAAEgIFh_D_BwE&cid=CAASuwHkaCMJK6CZQcWXh9hjEHiuFK3KpzpbD7SCXa3AIZw7zqV9e8IRpj1NdMPDJMX7lZcENb_dnrtae-ZcmlYXkx7rpDOCK-D3cACuEf-S2goSorMv3Eng4N5LceX93Wq34RQjVXrRJBtBKCH9UOr7uRdm38MurJkViWiHu594EHiXVP1W1j_pThEOANxeG8QTpdHtnbLZiB_0r4ryAIjuKcIWcbZD0PUpYclm4EA06D1HZNd5cjgodmblrblP&cce=2&category=acrcp_v1_32&sig=AOD64_0ZaLZwuSmmGXQXQlbNh1_nOBNgew&adurl&q&ctype=99&nis=6, 0470 573 954,", West Parade, Belrose NSW 2085",Business Owner / Managing Director,92,High,pending,,,Plumbing & Trades,High,Personalized,,,,,,,,,,
contact@plumberstou.com.au,,,Plumberstou,/aclk?sa=L&ai=DChsSEwjckp32squWAxWbjmYCHXJ_LbgYACICCAEQABoCc20&co=1&ase=2&gclid=EAIaIQobChMI3JKd9rKrlgMVm45mAh1yfy24EBAYASAAEgIFh_D_BwE&cid=CAASuwHkaCMJK6CZQcWXh9hjEHiuFK3KpzpbD7SCXa3AIZw7zqV9e8IRpj1NdMPDJMX7lZcENb_dnrtae-ZcmlYXkx7rpDOCK-D3cACuEf-S2goSorMv3Eng4N5LceX93Wq34RQjVXrRJBtBKCH9UOr7uRdm38MurJkViWiHu594EHiXVP1W1j_pThEOANxeG8QTpdHtnbLZiB_0r4ryAIjuKcIWcbZD0PUpYclm4EA06D1HZNd5cjgodmblrblP&cce=2&category=acrcp_v1_32&sig=AOD64_0ZaLZwuSmmGXQXQlbNh1_nOBNgew&adurl&q&ctype=99&nis=6, 0414 905 303,", Unit 47/8 Narabang Way, Belrose NSW 2085",Business Owner / Managing Director,92,High,pending,,,Plumbing & Trades,High,Personalized,,,,,,,,,,
contact@ezeflowplumbing.com.au,,,Ezeflowplumbing,/aclk?sa=L&ai=DChsSEwjckp32squWAxWbjmYCHXJ_LbgYACICCAEQABoCc20&co=1&ase=2&gclid=EAIaIQobChMI3JKd9rKrlgMVm45mAh1yfy24EBAYASAAEgIFh_D_BwE&cid=CAASuwHkaCMJK6CZQcWXh9hjEHiuFK3KpzpbD7SCXa3AIZw7zqV9e8IRpj1NdMPDJMX7lZcENb_dnrtae-ZcmlYXkx7rpDOCK-D3cACuEf-S2goSorMv3Eng4N5LceX93Wq34RQjVXrRJBtBKCH9UOr7uRdm38MurJkViWiHu594EHiXVP1W1j_pThEOANxeG8QTpdHtnbLZiB_0r4ryAIjuKcIWcbZD0PUpYclm4EA06D1HZNd5cjgodmblrblP&cce=2&category=acrcp_v1_32&sig=AOD64_0ZaLZwuSmmGXQXQlbNh1_nOBNgew&adurl&q&ctype=99&nis=6, 0439 025 458,Belrose NSW Australia,Business Owner / Managing Director,92,High,pending,,,Plumbing & Trades,High,Personalized,,,,,,,,,,
contact@mrdrains.com.au,,,Mrdrains,/aclk?sa=L&ai=DChsSEwjckp32squWAxWbjmYCHXJ_LbgYACICCAEQABoCc20&co=1&ase=2&gclid=EAIaIQobChMI3JKd9rKrlgMVm45mAh1yfy24EBAYASAAEgIFh_D_BwE&cid=CAASuwHkaCMJK6CZQcWXh9hjEHiuFK3KpzpbD7SCXa3AIZw7zqV9e8IRpj1NdMPDJMX7lZcENb_dnrtae-ZcmlYXkx7rpDOCK-D3cACuEf-S2goSorMv3Eng4N5LceX93Wq34RQjVXrRJBtBKCH9UOr7uRdm38MurJkViWiHu594EHiXVP1W1j_pThEOANxeG8QTpdHtnbLZiB_0r4ryAIjuKcIWcbZD0PUpYclm4EA06D1HZNd5cjgodmblrblP&cce=2&category=acrcp_v1_32&sig=AOD64_0ZaLZwuSmmGXQXQlbNh1_nOBNgew&adurl&q&ctype=99&nis=6, (02) 9986 1234,", U11/25 Narabang Way, Belrose NSW 2085",Business Owner / Managing Director,92,High,pending,,,Plumbing & Trades,High,Personalized,,,,,,,,,,
contact@neilcraigbakerplumbing.com.au,,,Neilcraigbakerplumbing,/aclk?sa=L&ai=DChsSEwjckp32squWAxWbjmYCHXJ_LbgYACICCAEQABoCc20&co=1&ase=2&gclid=EAIaIQobChMI3JKd9rKrlgMVm45mAh1yfy24EBAYASAAEgIFh_D_BwE&cid=CAASuwHkaCMJK6CZQcWXh9hjEHiuFK3KpzpbD7SCXa3AIZw7zqV9e8IRpj1NdMPDJMX7lZcENb_dnrtae-ZcmlYXkx7rpDOCK-D3cACuEf-S2goSorMv3Eng4N5LceX93Wq34RQjVXrRJBtBKCH9UOr7uRdm38MurJkViWiHu594EHiXVP1W1j_pThEOANxeG8QTpdHtnbLZiB_0r4ryAIjuKcIWcbZD0PUpYclm4EA06D1HZNd5cjgodmblrblP&cce=2&category=acrcp_v1_32&sig=AOD64_0ZaLZwuSmmGXQXQlbNh1_nOBNgew&adurl&q&ctype=99&nis=6, 0418 444 300,", 35 Calool Cres, Belrose NSW 2085",Business Owner / Managing Director,92,High,pending,,,Plumbing & Trades,High,Personalized,,,,,,,,,,
contact@smoothwaterplumbingptyltd.com.au,,,Smoothwaterplumbingptyltd,/aclk?sa=L&ai=DChsSEwjckp32squWAxWbjmYCHXJ_LbgYACICCAEQABoCc20&co=1&ase=2&gclid=EAIaIQobChMI3JKd9rKrlgMVm45mAh1yfy24EBAYASAAEgIFh_D_BwE&cid=CAASuwHkaCMJK6CZQcWXh9hjEHiuFK3KpzpbD7SCXa3AIZw7zqV9e8IRpj1NdMPDJMX7lZcENb_dnrtae-ZcmlYXkx7rpDOCK-D3cACuEf-S2goSorMv3Eng4N5LceX93Wq34RQjVXrRJBtBKCH9UOr7uRdm38MurJkViWiHu594EHiXVP1W1j_pThEOANxeG8QTpdHtnbLZiB_0r4ryAIjuKcIWcbZD0PUpYclm4EA06D1HZNd5cjgodmblrblP&cce=2&category=acrcp_v1_32&sig=AOD64_0ZaLZwuSmmGXQXQlbNh1_nOBNgew&adurl&q&ctype=99&nis=6, 0424 463 421,", Lot 2 Hilversum Cres, Belrose NSW 2085",Business Owner / Managing Director,92,High,pending,,,Plumbing & Trades,High,Personalized,,,,,,,,,,
contact@bmhplumbingsolutions.com.au,,,Bmhplumbingsolutions,/aclk?sa=L&ai=DChsSEwjckp32squWAxWbjmYCHXJ_LbgYACICCAEQABoCc20&co=1&ase=2&gclid=EAIaIQobChMI3JKd9rKrlgMVm45mAh1yfy24EBAYASAAEgIFh_D_BwE&cid=CAASuwHkaCMJK6CZQcWXh9hjEHiuFK3KpzpbD7SCXa3AIZw7zqV9e8IRpj1NdMPDJMX7lZcENb_dnrtae-ZcmlYXkx7rpDOCK-D3cACuEf-S2goSorMv3Eng4N5LceX93Wq34RQjVXrRJBtBKCH9UOr7uRdm38MurJkViWiHu594EHiXVP1W1j_pThEOANxeG8QTpdHtnbLZiB_0r4ryAIjuKcIWcbZD0PUpYclm4EA06D1HZNd5cjgodmblrblP&cce=2&category=acrcp_v1_32&sig=AOD64_0ZaLZwuSmmGXQXQlbNh1_nOBNgew&adurl&q&ctype=99&nis=6, 0423 788 683,Belrose NSW Australia,Business Owner / Managing Director,92,High,pending,,,Plumbing & Trades,High,Personalized,,,,,,,,,,
info@frenchsforestplumbing.com.au,,,Frenchsforestplumbing,https://frenchsforestplumbing.com.au/, 1300 734 064,Frenchs Forest NSW Australia,Business Owner / Managing Director,92,High,pending,,,Plumbing & Trades,High,Personalized,,,,,,,,,,
info@oncallplumbingforestville.com.au,,,Oncallplumbingforestville,https://oncallplumbingforestville.com.au/, (02) 9139 8119,Forestville NSW Australia,Business Owner / Managing Director,92,High,pending,,,Plumbing & Trades,High,Personalized,,,,,,,,,,
info@avalon.plumbing,,,Avalon Plumbing,http://avalon.plumbing/, 0404 404 306,", Avalon Parade, Avalon Beach NSW 2107",Business Owner / Managing Director,92,High,pending,,,Plumbing & Trades,High,Personalized,,,,,,,,,,
info@networkplumbing.com.au,,,Networkplumbing,https://www.networkplumbing.com.au/?utm_source=GBPlisting&utm_medium=organic, (02) 8072 3879,", 38 Myoora Rd, Terrey Hills NSW 2084",Business Owner / Managing Director,92,High,pending,,,Plumbing & Trades,High,Personalized,,,,,,,,,,
info@jswplumbing.com.au,,,Jswplumbing,https://jswplumbing.com.au/locations/plumber-castle-hill/, (02) 7908 8021,", 2 Crane Rd, Castle Hill NSW 2154",Business Owner / Managing Director,92,High,pending,,,Plumbing & Trades,High,Personalized,,,,,,,,,,
contact@rousehillplumbing.com.au,,,Rousehillplumbing,/aclk?sa=L&ai=DChsSEwjr5rmds6uWAxUfqmYCHYJ7K4kYACICCAEQABoCc20&co=1&ase=2&gclid=EAIaIQobChMI6-a5nbOrlgMVH6pmAh2CeyuJEBAYASAAEgKHQfD_BwE&cid=CAASuwHkaHd1z8IBykXNBI6ycY_chtTf1ENdLuRxYW1lQkkaPwWMtaNFuHh_VjgrE6X87FxoRfBTZJIkEqA6o-vThfcR4QrBTAlfEtujf1IePyGvSgMNxuyLzW9A0DVB_5W50jIkSV-6_yF58qq73zBpbgjqCE7RQgeMg-0dZurXWmqwlM6_IWUxNMXLFopdVG1Iufb8grndooEhH5xpiP-RreTXWKBaxoa_sgSBF2UUWqr1IPDAPDAayu3m4gkP&cce=2&category=acrcp_v1_32&sig=AOD64_0PO-vk5ChEY4DGmRre55qgZSDGBA&adurl&q&ctype=99&nis=6, 0468 175 132,", 9 Hare Pl, Rouse Hill NSW 2155",Business Owner / Managing Director,92,High,pending,,,Plumbing & Trades,High,Personalized,,,,,,,,,,
contact@servicetodayplumberrousehill.com.au,,,Servicetodayplumberrousehill,/aclk?sa=L&ai=DChsSEwjr5rmds6uWAxUfqmYCHYJ7K4kYACICCAEQABoCc20&co=1&ase=2&gclid=EAIaIQobChMI6-a5nbOrlgMVH6pmAh2CeyuJEBAYASAAEgKHQfD_BwE&cid=CAASuwHkaHd1z8IBykXNBI6ycY_chtTf1ENdLuRxYW1lQkkaPwWMtaNFuHh_VjgrE6X87FxoRfBTZJIkEqA6o-vThfcR4QrBTAlfEtujf1IePyGvSgMNxuyLzW9A0DVB_5W50jIkSV-6_yF58qq73zBpbgjqCE7RQgeMg-0dZurXWmqwlM6_IWUxNMXLFopdVG1Iufb8grndooEhH5xpiP-RreTXWKBaxoa_sgSBF2UUWqr1IPDAPDAayu3m4gkP&cce=2&category=acrcp_v1_32&sig=AOD64_0PO-vk5ChEY4DGmRre55qgZSDGBA&adurl&q&ctype=99&nis=6, 0485 879 527,Rouse Hill NSW Australia,Business Owner / Managing Director,92,High,pending,,,Plumbing & Trades,High,Personalized,,,,,,,,,,
contact@servicetodayplumbercamperdown.com.au,,,Servicetodayplumbercamperdown,/aclk?sa=L&ai=DChsSEwjr5rmds6uWAxUfqmYCHYJ7K4kYACICCAEQABoCc20&co=1&ase=2&gclid=EAIaIQobChMI6-a5nbOrlgMVH6pmAh2CeyuJEBAYASAAEgKHQfD_BwE&cid=CAASuwHkaHd1z8IBykXNBI6ycY_chtTf1ENdLuRxYW1lQkkaPwWMtaNFuHh_VjgrE6X87FxoRfBTZJIkEqA6o-vThfcR4QrBTAlfEtujf1IePyGvSgMNxuyLzW9A0DVB_5W50jIkSV-6_yF58qq73zBpbgjqCE7RQgeMg-0dZurXWmqwlM6_IWUxNMXLFopdVG1Iufb8grndooEhH5xpiP-RreTXWKBaxoa_sgSBF2UUWqr1IPDAPDAayu3m4gkP&cce=2&category=acrcp_v1_32&sig=AOD64_0PO-vk5ChEY4DGmRre55qgZSDGBA&adurl&q&ctype=99&nis=6, 0489 905 178,Rouse Hill NSW Australia,Business Owner / Managing Director,92,High,pending,,,Plumbing & Trades,High,Personalized,,,,,,,,,,
contact@antonsplumbinggasrousehill.com.au,,,Antonsplumbinggasrousehill,/aclk?sa=L&ai=DChsSEwjr5rmds6uWAxUfqmYCHYJ7K4kYACICCAEQABoCc20&co=1&ase=2&gclid=EAIaIQobChMI6-a5nbOrlgMVH6pmAh2CeyuJEBAYASAAEgKHQfD_BwE&cid=CAASuwHkaHd1z8IBykXNBI6ycY_chtTf1ENdLuRxYW1lQkkaPwWMtaNFuHh_VjgrE6X87FxoRfBTZJIkEqA6o-vThfcR4QrBTAlfEtujf1IePyGvSgMNxuyLzW9A0DVB_5W50jIkSV-6_yF58qq73zBpbgjqCE7RQgeMg-0dZurXWmqwlM6_IWUxNMXLFopdVG1Iufb8grndooEhH5xpiP-RreTXWKBaxoa_sgSBF2UUWqr1IPDAPDAayu3m4gkP&cce=2&category=acrcp_v1_32&sig=AOD64_0PO-vk5ChEY4DGmRre55qgZSDGBA&adurl&q&ctype=99&nis=6, 0493 824 176,Rouse Hill NSW Australia,Business Owner / Managing Director,92,High,pending,,,Plumbing & Trades,High,Personalized,,,,,,,,,,
contact@kellyvilleplumbing.com.au,,,Kellyvilleplumbing,/aclk?sa=L&ai=DChsSEwiwnLahs6uWAxWL9TwCHeUkHVsYACICCAEQABoCc2Y&co=1&ase=2&gclid=EAIaIQobChMIsJy2obOrlgMVi_U8Ah3lJB1bEBAYASAAEgJQy_D_BwE&cid=CAASuwHkaBU6m-0PyY9AJKLcU9x8SpmEGpldgYGbweForhX8QvZNWNaRRg5_yo-4wbhxAGZstffC60csjS14KWz6-yX6gLN80ooPYmA3vOCzThMm3zq_cdc_O4ySAlz9a3BudhRkrh5tPx-kdYCh1H49OGdErSJD5JCp1pBfScwsDC_X-djgoaxFTb1VQifMIm2TExRyvWkSanPkP2-DySdZt6ZS-1CshVmUiDZRSW6bcFazq1SJALYtc3C3WibS&cce=2&category=acrcp_v1_32&sig=AOD64_2o7UzoVRRFXd_E1FVdKnl5gRFXlg&adurl&q&ctype=99&nis=6, 0414 870 870,Kellyville NSW Australia,Business Owner / Managing Director,92,High,pending,,,Plumbing & Trades,High,Personalized,,,,,,,,,,
contact@servicetodayplumberkellyville.com.au,,,Servicetodayplumberkellyville,/aclk?sa=L&ai=DChsSEwiwnLahs6uWAxWL9TwCHeUkHVsYACICCAEQABoCc2Y&co=1&ase=2&gclid=EAIaIQobChMIsJy2obOrlgMVi_U8Ah3lJB1bEBAYASAAEgJQy_D_BwE&cid=CAASuwHkaBU6m-0PyY9AJKLcU9x8SpmEGpldgYGbweForhX8QvZNWNaRRg5_yo-4wbhxAGZstffC60csjS14KWz6-yX6gLN80ooPYmA3vOCzThMm3zq_cdc_O4ySAlz9a3BudhRkrh5tPx-kdYCh1H49OGdErSJD5JCp1pBfScwsDC_X-djgoaxFTb1VQifMIm2TExRyvWkSanPkP2-DySdZt6ZS-1CshVmUiDZRSW6bcFazq1SJALYtc3C3WibS&cce=2&category=acrcp_v1_32&sig=AOD64_2o7UzoVRRFXd_E1FVdKnl5gRFXlg&adurl&q&ctype=99&nis=6, 0488 804 716,", 4 Brunner Ct, Kellyville NSW 2155",Business Owner / Managing Director,92,High,pending,,,Plumbing & Trades,High,Personalized,,,,,,,,,,
contact@presidentplumbingsolutions.com.au,,,Presidentplumbingsolutions,/aclk?sa=L&ai=DChsSEwiwnLahs6uWAxWL9TwCHeUkHVsYACICCAEQABoCc2Y&co=1&ase=2&gclid=EAIaIQobChMIsJy2obOrlgMVi_U8Ah3lJB1bEBAYASAAEgJQy_D_BwE&cid=CAASuwHkaBU6m-0PyY9AJKLcU9x8SpmEGpldgYGbweForhX8QvZNWNaRRg5_yo-4wbhxAGZstffC60csjS14KWz6-yX6gLN80ooPYmA3vOCzThMm3zq_cdc_O4ySAlz9a3BudhRkrh5tPx-kdYCh1H49OGdErSJD5JCp1pBfScwsDC_X-djgoaxFTb1VQifMIm2TExRyvWkSanPkP2-DySdZt6ZS-1CshVmUiDZRSW6bcFazq1SJALYtc3C3WibS&cce=2&category=acrcp_v1_32&sig=AOD64_2o7UzoVRRFXd_E1FVdKnl5gRFXlg&adurl&q&ctype=99&nis=6, 0404 380 380,", 53 Wildrose St, Kellyville NSW 2155",Business Owner / Managing Director,92,High,pending,,,Plumbing & Trades,High,Personalized,,,,,,,,,,
contact@dylsalplumbing.com.au,,,Dylsalplumbing,/aclk?sa=L&ai=DChsSEwiwnLahs6uWAxWL9TwCHeUkHVsYACICCAEQABoCc2Y&co=1&ase=2&gclid=EAIaIQobChMIsJy2obOrlgMVi_U8Ah3lJB1bEBAYASAAEgJQy_D_BwE&cid=CAASuwHkaBU6m-0PyY9AJKLcU9x8SpmEGpldgYGbweForhX8QvZNWNaRRg5_yo-4wbhxAGZstffC60csjS14KWz6-yX6gLN80ooPYmA3vOCzThMm3zq_cdc_O4ySAlz9a3BudhRkrh5tPx-kdYCh1H49OGdErSJD5JCp1pBfScwsDC_X-djgoaxFTb1VQifMIm2TExRyvWkSanPkP2-DySdZt6ZS-1CshVmUiDZRSW6bcFazq1SJALYtc3C3WibS&cce=2&category=acrcp_v1_32&sig=AOD64_2o7UzoVRRFXd_E1FVdKnl5gRFXlg&adurl&q&ctype=99&nis=6, 1300 426 572,Kellyville NSW Australia,Business Owner / Managing Director,92,High,pending,,,Plumbing & Trades,High,Personalized,,,,,,,,,,
contact@sydneynorwestplumbing.com.au,,,Sydneynorwestplumbing,/aclk?sa=L&ai=DChsSEwiwnLahs6uWAxWL9TwCHeUkHVsYACICCAEQABoCc2Y&co=1&ase=2&gclid=EAIaIQobChMIsJy2obOrlgMVi_U8Ah3lJB1bEBAYASAAEgJQy_D_BwE&cid=CAASuwHkaBU6m-0PyY9AJKLcU9x8SpmEGpldgYGbweForhX8QvZNWNaRRg5_yo-4wbhxAGZstffC60csjS14KWz6-yX6gLN80ooPYmA3vOCzThMm3zq_cdc_O4ySAlz9a3BudhRkrh5tPx-kdYCh1H49OGdErSJD5JCp1pBfScwsDC_X-djgoaxFTb1VQifMIm2TExRyvWkSanPkP2-DySdZt6ZS-1CshVmUiDZRSW6bcFazq1SJALYtc3C3WibS&cce=2&category=acrcp_v1_32&sig=AOD64_2o7UzoVRRFXd_E1FVdKnl5gRFXlg&adurl&q&ctype=99&nis=6, 0422 459 861,Kellyville NSW Australia,Business Owner / Managing Director,92,High,pending,,,Plumbing & Trades,High,Personalized,,,,,,,,,,
contact@hjaplumbingservices.com.au,,,Hjaplumbingservices,/aclk?sa=L&ai=DChsSEwiIifuls6uWAxXvxDwCHbB1IwkYACICCAEQABoCc2Y&co=1&ase=2&gclid=EAIaIQobChMIiIn7pbOrlgMV78Q8Ah2wdSMJEBAYASAAEgIxm_D_BwE&cid=CAASuwHkaNHTft8suNM9Wx_dQ0lYJ1usmOQHDZiUKuwDtW3AbJidtPBZb_5k0R8o3ZRl0nuB2SfPYREbgruMEwUielhhst-F-T4xRnZEPRBd8fBMixgBsWBs-91zoxQeIJIIrzBU1h42656D5Mbtd6WM7pEhISQLtvFtQ3aeikrXCMj17BYrvgAAhb0kE0UKNWVanQFFKeJLFGiI-ioTOdDFsheilQ6kkNk760a4WgXiA1ElzWxE2jsHTl849wiw&cce=2&category=acrcp_v1_32&sig=AOD64_05bl4Sv6f63C2Uj0VV9mI0gRxADQ&adurl&q&ctype=99&nis=6, 0406 031 462,Norwest NSW Australia,Business Owner / Managing Director,92,High,pending,,,Plumbing & Trades,High,Personalized,,,,,,,,,,
contact@dcadvancegroup.com.au,,,Dcadvancegroup,/aclk?sa=L&ai=DChsSEwiIifuls6uWAxXvxDwCHbB1IwkYACICCAEQABoCc2Y&co=1&ase=2&gclid=EAIaIQobChMIiIn7pbOrlgMV78Q8Ah2wdSMJEBAYASAAEgIxm_D_BwE&cid=CAASuwHkaNHTft8suNM9Wx_dQ0lYJ1usmOQHDZiUKuwDtW3AbJidtPBZb_5k0R8o3ZRl0nuB2SfPYREbgruMEwUielhhst-F-T4xRnZEPRBd8fBMixgBsWBs-91zoxQeIJIIrzBU1h42656D5Mbtd6WM7pEhISQLtvFtQ3aeikrXCMj17BYrvgAAhb0kE0UKNWVanQFFKeJLFGiI-ioTOdDFsheilQ6kkNk760a4WgXiA1ElzWxE2jsHTl849wiw&cce=2&category=acrcp_v1_32&sig=AOD64_05bl4Sv6f63C2Uj0VV9mI0gRxADQ&adurl&q&ctype=99&nis=6, 0477 640 308,", 610/12 Century Cct, Norwest NSW 2153",Business Owner / Managing Director,92,High,pending,,,Plumbing & Trades,High,Personalized,,,,,,,,,,
contact@swagplumbingdrainagelocalhillsplumber.com.au,,,Swagplumbingdrainagelocalhillsplumber,/aclk?sa=L&ai=DChsSEwiIifuls6uWAxXvxDwCHbB1IwkYACICCAEQABoCc2Y&co=1&ase=2&gclid=EAIaIQobChMIiIn7pbOrlgMV78Q8Ah2wdSMJEBAYASAAEgIxm_D_BwE&cid=CAASuwHkaNHTft8suNM9Wx_dQ0lYJ1usmOQHDZiUKuwDtW3AbJidtPBZb_5k0R8o3ZRl0nuB2SfPYREbgruMEwUielhhst-F-T4xRnZEPRBd8fBMixgBsWBs-91zoxQeIJIIrzBU1h42656D5Mbtd6WM7pEhISQLtvFtQ3aeikrXCMj17BYrvgAAhb0kE0UKNWVanQFFKeJLFGiI-ioTOdDFsheilQ6kkNk760a4WgXiA1ElzWxE2jsHTl849wiw&cce=2&category=acrcp_v1_32&sig=AOD64_05bl4Sv6f63C2Uj0VV9mI0gRxADQ&adurl&q&ctype=99&nis=6, (02) 8806 3721,", Unit 13/11 Brookhollow Ave, Baulkham Hills NSW 2153",Business Owner / Managing Director,92,High,pending,,,Plumbing & Trades,High,Personalized,,,,,,,,,,
contact@tapdinplumbing.com.au,,,Tapdinplumbing,/aclk?sa=L&ai=DChsSEwiIifuls6uWAxXvxDwCHbB1IwkYACICCAEQABoCc2Y&co=1&ase=2&gclid=EAIaIQobChMIiIn7pbOrlgMV78Q8Ah2wdSMJEBAYASAAEgIxm_D_BwE&cid=CAASuwHkaNHTft8suNM9Wx_dQ0lYJ1usmOQHDZiUKuwDtW3AbJidtPBZb_5k0R8o3ZRl0nuB2SfPYREbgruMEwUielhhst-F-T4xRnZEPRBd8fBMixgBsWBs-91zoxQeIJIIrzBU1h42656D5Mbtd6WM7pEhISQLtvFtQ3aeikrXCMj17BYrvgAAhb0kE0UKNWVanQFFKeJLFGiI-ioTOdDFsheilQ6kkNk760a4WgXiA1ElzWxE2jsHTl849wiw&cce=2&category=acrcp_v1_32&sig=AOD64_05bl4Sv6f63C2Uj0VV9mI0gRxADQ&adurl&q&ctype=99&nis=6, 0458 976 262,Norwest NSW Australia,Business Owner / Managing Director,92,High,pending,,,Plumbing & Trades,High,Personalized,,,,,,,,,,
info@servicefirstplumbing.com.au,,,Servicefirstplumbing,https://servicefirstplumbing.com.au/?utm_source=google&utm_medium=local&utm_campaign=gmb, 1300 173 784,Bella Vista NSW Australia,Business Owner / Managing Director,92,High,pending,,,Plumbing & Trades,High,Personalized,,,,,,,,,,
contact@cherrybrookplumbing.com.au,,,Cherrybrookplumbing,/aclk?sa=L&ai=DChsSEwjd_bqus6uWAxX3jEsFHQFkKUYYACICCAEQABoCc2Y&co=1&ase=2&gclid=EAIaIQobChMI3f26rrOrlgMV94xLBR0BZClGEBAYASAAEgKizPD_BwE&cid=CAASuwHkaGjwUQl1eYstzM9kufJxrnyAkr0b87yTaXm-9PTaGvG0AVth1wxaGoEpbmcY0vMjWbs2HgjvMMo7KifztmSmNXtPMnDSFeifQtMi5h6ByMZL_6-VwKwtfVgtnpRMi2yBxStgdWkOfn79TxZxZRJC5J4UoBMrk9AqcQt3ID6tMs-RB3QZNIKxBuhaBzvmd0ec4ugQDgCFHi2HcANR_PoluUrawNM-Qz9JqDKaoa7h_LECu7KsxQQf1jR9&cce=2&category=acrcp_v1_32&sig=AOD64_1HDj2X1tygpZDxmuGDdZhWLJBsng&adurl&q&ctype=99&nis=6, 0473 190 539,Cherrybrook NSW Australia,Business Owner / Managing Director,92,High,pending,,,Plumbing & Trades,High,Personalized,,,,,,,,,,
contact@servicetodayplumbercherrybrook.com.au,,,Servicetodayplumbercherrybrook,/aclk?sa=L&ai=DChsSEwjd_bqus6uWAxX3jEsFHQFkKUYYACICCAEQABoCc2Y&co=1&ase=2&gclid=EAIaIQobChMI3f26rrOrlgMV94xLBR0BZClGEBAYASAAEgKizPD_BwE&cid=CAASuwHkaGjwUQl1eYstzM9kufJxrnyAkr0b87yTaXm-9PTaGvG0AVth1wxaGoEpbmcY0vMjWbs2HgjvMMo7KifztmSmNXtPMnDSFeifQtMi5h6ByMZL_6-VwKwtfVgtnpRMi2yBxStgdWkOfn79TxZxZRJC5J4UoBMrk9AqcQt3ID6tMs-RB3QZNIKxBuhaBzvmd0ec4ugQDgCFHi2HcANR_PoluUrawNM-Qz9JqDKaoa7h_LECu7KsxQQf1jR9&cce=2&category=acrcp_v1_32&sig=AOD64_1HDj2X1tygpZDxmuGDdZhWLJBsng&adurl&q&ctype=99&nis=6, 0488 812 135,Cherrybrook NSW Australia,Business Owner / Managing Director,92,High,pending,,,Plumbing & Trades,High,Personalized,,,,,,,,,,
contact@aussieoncallplumbercherrybrook.com.au,,,Aussieoncallplumbercherrybrook,/aclk?sa=L&ai=DChsSEwjd_bqus6uWAxX3jEsFHQFkKUYYACICCAEQABoCc2Y&co=1&ase=2&gclid=EAIaIQobChMI3f26rrOrlgMV94xLBR0BZClGEBAYASAAEgKizPD_BwE&cid=CAASuwHkaGjwUQl1eYstzM9kufJxrnyAkr0b87yTaXm-9PTaGvG0AVth1wxaGoEpbmcY0vMjWbs2HgjvMMo7KifztmSmNXtPMnDSFeifQtMi5h6ByMZL_6-VwKwtfVgtnpRMi2yBxStgdWkOfn79TxZxZRJC5J4UoBMrk9AqcQt3ID6tMs-RB3QZNIKxBuhaBzvmd0ec4ugQDgCFHi2HcANR_PoluUrawNM-Qz9JqDKaoa7h_LECu7KsxQQf1jR9&cce=2&category=acrcp_v1_32&sig=AOD64_1HDj2X1tygpZDxmuGDdZhWLJBsng&adurl&q&ctype=99&nis=6, (02) 9538 7247,", Shepherds Dr, Cherrybrook NSW 2126",Business Owner / Managing Director,92,High,pending,,,Plumbing & Trades,High,Personalized,,,,,,,,,,
contact@roccplumbing.com.au,,,Roccplumbing,/aclk?sa=L&ai=DChsSEwjd_bqus6uWAxX3jEsFHQFkKUYYACICCAEQABoCc2Y&co=1&ase=2&gclid=EAIaIQobChMI3f26rrOrlgMV94xLBR0BZClGEBAYASAAEgKizPD_BwE&cid=CAASuwHkaGjwUQl1eYstzM9kufJxrnyAkr0b87yTaXm-9PTaGvG0AVth1wxaGoEpbmcY0vMjWbs2HgjvMMo7KifztmSmNXtPMnDSFeifQtMi5h6ByMZL_6-VwKwtfVgtnpRMi2yBxStgdWkOfn79TxZxZRJC5J4UoBMrk9AqcQt3ID6tMs-RB3QZNIKxBuhaBzvmd0ec4ugQDgCFHi2HcANR_PoluUrawNM-Qz9JqDKaoa7h_LECu7KsxQQf1jR9&cce=2&category=acrcp_v1_32&sig=AOD64_1HDj2X1tygpZDxmuGDdZhWLJBsng&adurl&q&ctype=99&nis=6, 0477 777 290,", 47 Gumnut Rd, Cherrybrook NSW 2126",Business Owner / Managing Director,92,High,pending,,,Plumbing & Trades,High,Personalized,,,,,,,,,,
contact@nbplumbingsolutions.com.au,,,Nbplumbingsolutions,/aclk?sa=L&ai=DChsSEwjd_bqus6uWAxX3jEsFHQFkKUYYACICCAEQABoCc2Y&co=1&ase=2&gclid=EAIaIQobChMI3f26rrOrlgMV94xLBR0BZClGEBAYASAAEgKizPD_BwE&cid=CAASuwHkaGjwUQl1eYstzM9kufJxrnyAkr0b87yTaXm-9PTaGvG0AVth1wxaGoEpbmcY0vMjWbs2HgjvMMo7KifztmSmNXtPMnDSFeifQtMi5h6ByMZL_6-VwKwtfVgtnpRMi2yBxStgdWkOfn79TxZxZRJC5J4UoBMrk9AqcQt3ID6tMs-RB3QZNIKxBuhaBzvmd0ec4ugQDgCFHi2HcANR_PoluUrawNM-Qz9JqDKaoa7h_LECu7KsxQQf1jR9&cce=2&category=acrcp_v1_32&sig=AOD64_1HDj2X1tygpZDxmuGDdZhWLJBsng&adurl&q&ctype=99&nis=6, 0434 450 407,Cherrybrook NSW Australia,Business Owner / Managing Director,92,High,pending,,,Plumbing & Trades,High,Personalized,,,,,,,,,,
contact@hillsemergencyplumbercherrybrook.com.au,,,Hillsemergencyplumbercherrybrook,/aclk?sa=L&ai=DChsSEwjd_bqus6uWAxX3jEsFHQFkKUYYACICCAEQABoCc2Y&co=1&ase=2&gclid=EAIaIQobChMI3f26rrOrlgMV94xLBR0BZClGEBAYASAAEgKizPD_BwE&cid=CAASuwHkaGjwUQl1eYstzM9kufJxrnyAkr0b87yTaXm-9PTaGvG0AVth1wxaGoEpbmcY0vMjWbs2HgjvMMo7KifztmSmNXtPMnDSFeifQtMi5h6ByMZL_6-VwKwtfVgtnpRMi2yBxStgdWkOfn79TxZxZRJC5J4UoBMrk9AqcQt3ID6tMs-RB3QZNIKxBuhaBzvmd0ec4ugQDgCFHi2HcANR_PoluUrawNM-Qz9JqDKaoa7h_LECu7KsxQQf1jR9&cce=2&category=acrcp_v1_32&sig=AOD64_1HDj2X1tygpZDxmuGDdZhWLJBsng&adurl&q&ctype=99&nis=6, (02) 8294 4619,Cherrybrook NSW Australia,Business Owner / Managing Director,92,High,pending,,,Plumbing & Trades,High,Personalized,,,,,,,,,,
contact@alexingleplumbingptyltd.com.au,,,Alexingleplumbingptyltd,/aclk?sa=L&ai=DChsSEwjd_bqus6uWAxX3jEsFHQFkKUYYACICCAEQABoCc2Y&co=1&ase=2&gclid=EAIaIQobChMI3f26rrOrlgMV94xLBR0BZClGEBAYASAAEgKizPD_BwE&cid=CAASuwHkaGjwUQl1eYstzM9kufJxrnyAkr0b87yTaXm-9PTaGvG0AVth1wxaGoEpbmcY0vMjWbs2HgjvMMo7KifztmSmNXtPMnDSFeifQtMi5h6ByMZL_6-VwKwtfVgtnpRMi2yBxStgdWkOfn79TxZxZRJC5J4UoBMrk9AqcQt3ID6tMs-RB3QZNIKxBuhaBzvmd0ec4ugQDgCFHi2HcANR_PoluUrawNM-Qz9JqDKaoa7h_LECu7KsxQQf1jR9&cce=2&category=acrcp_v1_32&sig=AOD64_1HDj2X1tygpZDxmuGDdZhWLJBsng&adurl&q&ctype=99&nis=6, 0434 213 452,Cherrybrook NSW Australia,Business Owner / Managing Director,92,High,pending,,,Plumbing & Trades,High,Personalized,,,,,,,,,,
contact@hillsshireemergencyplumbers.com.au,,,Hillsshireemergencyplumbers,/aclk?sa=L&ai=DChsSEwiioIC0s6uWAxXayTwCHfiJMwwYACICCAEQABoCc2Y&co=1&ase=2&gclid=EAIaIQobChMIoqCAtLOrlgMV2sk8Ah34iTMMEBAYASAAEgLs6fD_BwE&cid=CAASuwHkaCqtRgN-joRkYfEG1YbfRVWFKIAVsuFTRoahbXWakUKImiIhoQTzzsph9shMbuP5cvKXNmt8Wst3ZfTx7BMebOdVZ-WLw9k1Bt_Ws1OFY3EqHtGHas1XY6K6gN0EypN30b_xaIxltGRpNKVjuhZzzVrObn1mK3PTpSyGguumGGF3dk7afZIY8vUqY_O8aXAUZJFpRY7b8DQKgCxajhU_H9ybMpxDyf-hRf_wOKr0NgDaUgeDPlT-B_Au&cce=2&category=acrcp_v1_32&sig=AOD64_0_0nnwBssyksZtPTkjk5F1onWZvQ&adurl&q&ctype=99&nis=6, 0485 995 009,Glenhaven NSW Australia,Business Owner / Managing Director,92,High,pending,,,Plumbing & Trades,High,Personalized,,,,,,,,,,
contact@hillsemergencyplumberglenhaven.com.au,,,Hillsemergencyplumberglenhaven,/aclk?sa=L&ai=DChsSEwiioIC0s6uWAxXayTwCHfiJMwwYACICCAEQABoCc2Y&co=1&ase=2&gclid=EAIaIQobChMIoqCAtLOrlgMV2sk8Ah34iTMMEBAYASAAEgLs6fD_BwE&cid=CAASuwHkaCqtRgN-joRkYfEG1YbfRVWFKIAVsuFTRoahbXWakUKImiIhoQTzzsph9shMbuP5cvKXNmt8Wst3ZfTx7BMebOdVZ-WLw9k1Bt_Ws1OFY3EqHtGHas1XY6K6gN0EypN30b_xaIxltGRpNKVjuhZzzVrObn1mK3PTpSyGguumGGF3dk7afZIY8vUqY_O8aXAUZJFpRY7b8DQKgCxajhU_H9ybMpxDyf-hRf_wOKr0NgDaUgeDPlT-B_Au&cce=2&category=acrcp_v1_32&sig=AOD64_0_0nnwBssyksZtPTkjk5F1onWZvQ&adurl&q&ctype=99&nis=6, (02) 8776 3463,Glenhaven NSW Australia,Business Owner / Managing Director,92,High,pending,,,Plumbing & Trades,High,Personalized,,,,,,,,,,
contact@michaeldowningplumbingptyltd.com.au,,,Michaeldowningplumbingptyltd,/aclk?sa=L&ai=DChsSEwiioIC0s6uWAxXayTwCHfiJMwwYACICCAEQABoCc2Y&co=1&ase=2&gclid=EAIaIQobChMIoqCAtLOrlgMV2sk8Ah34iTMMEBAYASAAEgLs6fD_BwE&cid=CAASuwHkaCqtRgN-joRkYfEG1YbfRVWFKIAVsuFTRoahbXWakUKImiIhoQTzzsph9shMbuP5cvKXNmt8Wst3ZfTx7BMebOdVZ-WLw9k1Bt_Ws1OFY3EqHtGHas1XY6K6gN0EypN30b_xaIxltGRpNKVjuhZzzVrObn1mK3PTpSyGguumGGF3dk7afZIY8vUqY_O8aXAUZJFpRY7b8DQKgCxajhU_H9ybMpxDyf-hRf_wOKr0NgDaUgeDPlT-B_Au&cce=2&category=acrcp_v1_32&sig=AOD64_0_0nnwBssyksZtPTkjk5F1onWZvQ&adurl&q&ctype=99&nis=6, 0412 888 528,Glenhaven NSW Australia,Business Owner / Managing Director,92,High,pending,,,Plumbing & Trades,High,Personalized,,,,,,,,,,
contact@cleverplumbingsolutionsptylimited.com.au,,,Cleverplumbingsolutionsptylimited,/aclk?sa=L&ai=DChsSEwiioIC0s6uWAxXayTwCHfiJMwwYACICCAEQABoCc2Y&co=1&ase=2&gclid=EAIaIQobChMIoqCAtLOrlgMV2sk8Ah34iTMMEBAYASAAEgLs6fD_BwE&cid=CAASuwHkaCqtRgN-joRkYfEG1YbfRVWFKIAVsuFTRoahbXWakUKImiIhoQTzzsph9shMbuP5cvKXNmt8Wst3ZfTx7BMebOdVZ-WLw9k1Bt_Ws1OFY3EqHtGHas1XY6K6gN0EypN30b_xaIxltGRpNKVjuhZzzVrObn1mK3PTpSyGguumGGF3dk7afZIY8vUqY_O8aXAUZJFpRY7b8DQKgCxajhU_H9ybMpxDyf-hRf_wOKr0NgDaUgeDPlT-B_Au&cce=2&category=acrcp_v1_32&sig=AOD64_0_0nnwBssyksZtPTkjk5F1onWZvQ&adurl&q&ctype=99&nis=6, 0403 203 968,", 50 Wyoming Rd, Dural NSW 2158",Business Owner / Managing Director,92,High,pending,,,Plumbing & Trades,High,Personalized,,,,,,,,,,
contact@timhowesplumbingdrainagegasfittingptyltd.com.au,,,Timhowesplumbingdrainagegasfittingptyltd,/aclk?sa=L&ai=DChsSEwiioIC0s6uWAxXayTwCHfiJMwwYACICCAEQABoCc2Y&co=1&ase=2&gclid=EAIaIQobChMIoqCAtLOrlgMV2sk8Ah34iTMMEBAYASAAEgLs6fD_BwE&cid=CAASuwHkaCqtRgN-joRkYfEG1YbfRVWFKIAVsuFTRoahbXWakUKImiIhoQTzzsph9shMbuP5cvKXNmt8Wst3ZfTx7BMebOdVZ-WLw9k1Bt_Ws1OFY3EqHtGHas1XY6K6gN0EypN30b_xaIxltGRpNKVjuhZzzVrObn1mK3PTpSyGguumGGF3dk7afZIY8vUqY_O8aXAUZJFpRY7b8DQKgCxajhU_H9ybMpxDyf-hRf_wOKr0NgDaUgeDPlT-B_Au&cce=2&category=acrcp_v1_32&sig=AOD64_0_0nnwBssyksZtPTkjk5F1onWZvQ&adurl&q&ctype=99&nis=6, 1300 131 822,Glenhaven NSW Australia,Business Owner / Managing Director,92,High,pending,,,Plumbing & Trades,High,Personalized,,,,,,,,,,
info@cleverplumbing.com.au,,,Cleverplumbing,https://cleverplumbing.com.au/, 0489 905 157,Dural NSW Australia,Business Owner / Managing Director,92,High,pending,,,Plumbing & Trades,High,Personalized,,,,,,,,,,
info@24hourservice.com.au,,,24hourservice,https://24hourservice.com.au/plumber-in-dural/, 0488 050 373,", 302 Galston Rd, Galston NSW 2159",Business Owner / Managing Director,92,High,pending,,,Plumbing & Trades,High,Personalized,,,,,,,,,,
info@todstaplumbing.com.au,,,Todstaplumbing,http://todstaplumbing.com.au/, (02) 9067 9521,", Porters Rd, Kenthurst NSW 2156",Business Owner / Managing Director,92,High,pending,,,Plumbing & Trades,High,Personalized,,,,,,,,,,
contact@newcastleplumbingkings.com.au,,,Newcastleplumbingkings,/aclk?sa=L&ai=DChsSEwiByILFs6uWAxU1uksFHfy3K3sYACICCAEQARoCc2Y&co=1&ase=2&gclid=EAIaIQobChMIgciCxbOrlgMVNbpLBR38tyt7EBAYASAAEgLf5fD_BwE&cid=CAASuwHkaB51bkkaAvHbBdz3Kad9532fE_cZ1Dx3xTVkrNOLOT43OC-ibpZFm0IOeF5JyQLJdLYo5jZ_NovGohqo4mYYWXzND2-0q7Z0di49ARvAxBZwg_m6VwS1eufv8f6zkbi-BeL3XND9i3qPFmeKMh6jayUrfnF0rKXZrW_uksQK5hInJjdiPbNicjFkxPEX2-APA_5gxp-ZMIx7TNWPDU1UuAAf8VLZq-uF4X5AERxfcfKFKri4yni3KHWD&cce=2&category=acrcp_v1_33&sig=AOD64_0fkUh2I5CKR7Hh4Q6xGSrLGH0uYQ&adurl&q&ctype=99&nis=6, 0480 095 107,", Unit 15/15 Pacific Hwy, Gateshead NSW 2290",Business Owner / Managing Director,92,High,pending,,,Plumbing & Trades,High,Personalized,,,,,,,,,,
contact@plumblecelectricianplumberbelmont.com.au,,,Plumblecelectricianplumberbelmont,/aclk?sa=L&ai=DChsSEwiByILFs6uWAxU1uksFHfy3K3sYACICCAEQARoCc2Y&co=1&ase=2&gclid=EAIaIQobChMIgciCxbOrlgMVNbpLBR38tyt7EBAYASAAEgLf5fD_BwE&cid=CAASuwHkaB51bkkaAvHbBdz3Kad9532fE_cZ1Dx3xTVkrNOLOT43OC-ibpZFm0IOeF5JyQLJdLYo5jZ_NovGohqo4mYYWXzND2-0q7Z0di49ARvAxBZwg_m6VwS1eufv8f6zkbi-BeL3XND9i3qPFmeKMh6jayUrfnF0rKXZrW_uksQK5hInJjdiPbNicjFkxPEX2-APA_5gxp-ZMIx7TNWPDU1UuAAf8VLZq-uF4X5AERxfcfKFKri4yni3KHWD&cce=2&category=acrcp_v1_33&sig=AOD64_0fkUh2I5CKR7Hh4Q6xGSrLGH0uYQ&adurl&q&ctype=99&nis=6, 0435 779 001,", Unit 8/48 Kalaroo Rd, Belmont NSW 2280",Business Owner / Managing Director,92,High,pending,,,Plumbing & Trades,High,Personalized,,,,,,,,,,
contact@laserplumbingandroofingnewcastle.com.au,,,Laserplumbingandroofingnewcastle,/aclk?sa=L&ai=DChsSEwiByILFs6uWAxU1uksFHfy3K3sYACICCAEQARoCc2Y&co=1&ase=2&gclid=EAIaIQobChMIgciCxbOrlgMVNbpLBR38tyt7EBAYASAAEgLf5fD_BwE&cid=CAASuwHkaB51bkkaAvHbBdz3Kad9532fE_cZ1Dx3xTVkrNOLOT43OC-ibpZFm0IOeF5JyQLJdLYo5jZ_NovGohqo4mYYWXzND2-0q7Z0di49ARvAxBZwg_m6VwS1eufv8f6zkbi-BeL3XND9i3qPFmeKMh6jayUrfnF0rKXZrW_uksQK5hInJjdiPbNicjFkxPEX2-APA_5gxp-ZMIx7TNWPDU1UuAAf8VLZq-uF4X5AERxfcfKFKri4yni3KHWD&cce=2&category=acrcp_v1_33&sig=AOD64_0fkUh2I5CKR7Hh4Q6xGSrLGH0uYQ&adurl&q&ctype=99&nis=6, (02) 4968 3822,", 62 Orlando Rd, Lambton NSW 2299",Business Owner / Managing Director,92,High,pending,,,Plumbing & Trades,High,Personalized,,,,,,,,,,
contact@theplumbinglifesavernewcastle.com.au,,,Theplumbinglifesavernewcastle,/aclk?sa=L&ai=DChsSEwiByILFs6uWAxU1uksFHfy3K3sYACICCAEQARoCc2Y&co=1&ase=2&gclid=EAIaIQobChMIgciCxbOrlgMVNbpLBR38tyt7EBAYASAAEgLf5fD_BwE&cid=CAASuwHkaB51bkkaAvHbBdz3Kad9532fE_cZ1Dx3xTVkrNOLOT43OC-ibpZFm0IOeF5JyQLJdLYo5jZ_NovGohqo4mYYWXzND2-0q7Z0di49ARvAxBZwg_m6VwS1eufv8f6zkbi-BeL3XND9i3qPFmeKMh6jayUrfnF0rKXZrW_uksQK5hInJjdiPbNicjFkxPEX2-APA_5gxp-ZMIx7TNWPDU1UuAAf8VLZq-uF4X5AERxfcfKFKri4yni3KHWD&cce=2&category=acrcp_v1_33&sig=AOD64_0fkUh2I5CKR7Hh4Q6xGSrLGH0uYQ&adurl&q&ctype=99&nis=6, 0448 669 938,", 21 South St, Adamstown NSW 2289",Business Owner / Managing Director,92,High,pending,,,Plumbing & Trades,High,Personalized,,,,,,,,,,
contact@reactiveplumbingdrainselectricalnewcastle.com.au,,,Reactiveplumbingdrainselectricalnewcastle,/aclk?sa=L&ai=DChsSEwiByILFs6uWAxU1uksFHfy3K3sYACICCAEQARoCc2Y&co=1&ase=2&gclid=EAIaIQobChMIgciCxbOrlgMVNbpLBR38tyt7EBAYASAAEgLf5fD_BwE&cid=CAASuwHkaB51bkkaAvHbBdz3Kad9532fE_cZ1Dx3xTVkrNOLOT43OC-ibpZFm0IOeF5JyQLJdLYo5jZ_NovGohqo4mYYWXzND2-0q7Z0di49ARvAxBZwg_m6VwS1eufv8f6zkbi-BeL3XND9i3qPFmeKMh6jayUrfnF0rKXZrW_uksQK5hInJjdiPbNicjFkxPEX2-APA_5gxp-ZMIx7TNWPDU1UuAAf8VLZq-uF4X5AERxfcfKFKri4yni3KHWD&cce=2&category=acrcp_v1_33&sig=AOD64_0fkUh2I5CKR7Hh4Q6xGSrLGH0uYQ&adurl&q&ctype=99&nis=6, (02) 9073 7927,", 13 Channel Rd, Mayfield West NSW 2304",Business Owner / Managing Director,92,High,pending,,,Plumbing & Trades,High,Personalized,,,,,,,,,,
contact@newcastleplumbingblockeddrainspecialist.com.au,,,Newcastleplumbingblockeddrainspecialist,/aclk?sa=L&ai=DChsSEwiByILFs6uWAxU1uksFHfy3K3sYACICCAEQARoCc2Y&co=1&ase=2&gclid=EAIaIQobChMIgciCxbOrlgMVNbpLBR38tyt7EBAYASAAEgLf5fD_BwE&cid=CAASuwHkaB51bkkaAvHbBdz3Kad9532fE_cZ1Dx3xTVkrNOLOT43OC-ibpZFm0IOeF5JyQLJdLYo5jZ_NovGohqo4mYYWXzND2-0q7Z0di49ARvAxBZwg_m6VwS1eufv8f6zkbi-BeL3XND9i3qPFmeKMh6jayUrfnF0rKXZrW_uksQK5hInJjdiPbNicjFkxPEX2-APA_5gxp-ZMIx7TNWPDU1UuAAf8VLZq-uF4X5AERxfcfKFKri4yni3KHWD&cce=2&category=acrcp_v1_33&sig=AOD64_0fkUh2I5CKR7Hh4Q6xGSrLGH0uYQ&adurl&q&ctype=99&nis=6, (02) 4942 3300,", Unit 6/17 Riverside Dr, Mayfield West NSW 2300",Business Owner / Managing Director,92,High,pending,,,Plumbing & Trades,High,Personalized,,,,,,,,,,
contact@muscardinplumbing.com.au,,,Muscardinplumbing,/aclk?sa=L&ai=DChsSEwiByILFs6uWAxU1uksFHfy3K3sYACICCAEQARoCc2Y&co=1&ase=2&gclid=EAIaIQobChMIgciCxbOrlgMVNbpLBR38tyt7EBAYASAAEgLf5fD_BwE&cid=CAASuwHkaB51bkkaAvHbBdz3Kad9532fE_cZ1Dx3xTVkrNOLOT43OC-ibpZFm0IOeF5JyQLJdLYo5jZ_NovGohqo4mYYWXzND2-0q7Z0di49ARvAxBZwg_m6VwS1eufv8f6zkbi-BeL3XND9i3qPFmeKMh6jayUrfnF0rKXZrW_uksQK5hInJjdiPbNicjFkxPEX2-APA_5gxp-ZMIx7TNWPDU1UuAAf8VLZq-uF4X5AERxfcfKFKri4yni3KHWD&cce=2&category=acrcp_v1_33&sig=AOD64_0fkUh2I5CKR7Hh4Q6xGSrLGH0uYQ&adurl&q&ctype=99&nis=6, 0412 960 810,Newcastle NSW Australia,Business Owner / Managing Director,92,High,pending,,,Plumbing & Trades,High,Personalized,,,,,,,,,,
contact@go2plumbingpumpsnewcastle.com.au,,,Go2plumbingpumpsnewcastle,/aclk?sa=L&ai=DChsSEwjCsd_Ks6uWAxWvCYMDHRUZJscYACICCAEQABoCc2Y&co=1&ase=2&gclid=EAIaIQobChMIwrHfyrOrlgMVrwmDAx0VGSbHEBAYASAAEgLedvD_BwE&cid=CAASuwHkaPQPjoKBzAE_k_CozmDrKTasp_D78R-gbWuMdGNsNk78G5RTEIDJ7MP-NK0XTNx7W699h0YBbwtNMUJE01CcwTMh-Y43E8S0HvAoiVeNcFBR1Sa7W-2tRlCpy-Rvi9aVVJJ2VOmvz1Z-nuWtW4zWQWBGddy2iO1IpLJAtS3jKSadsXtVYMqcN7ocJg0YGebs2SPiLjXJtNp13BZocBGlM2UGwkA8DD27P-entOZwesjwe7BHumzRJUcJ&cce=2&category=acrcp_v1_32&sig=AOD64_2MVRBd8OWVy7eSaNgl3iH9ZGt69w&adurl&q&ctype=99&nis=6, (02) 4012 0520,", 4 Bourke St, Adamstown NSW 2289",Business Owner / Managing Director,92,High,pending,,,Plumbing & Trades,High,Personalized,,,,,,,,,,
contact@hamiltonplumbing.com.au,,,Hamiltonplumbing,/aclk?sa=L&ai=DChsSEwjCsd_Ks6uWAxWvCYMDHRUZJscYACICCAEQABoCc2Y&co=1&ase=2&gclid=EAIaIQobChMIwrHfyrOrlgMVrwmDAx0VGSbHEBAYASAAEgLedvD_BwE&cid=CAASuwHkaPQPjoKBzAE_k_CozmDrKTasp_D78R-gbWuMdGNsNk78G5RTEIDJ7MP-NK0XTNx7W699h0YBbwtNMUJE01CcwTMh-Y43E8S0HvAoiVeNcFBR1Sa7W-2tRlCpy-Rvi9aVVJJ2VOmvz1Z-nuWtW4zWQWBGddy2iO1IpLJAtS3jKSadsXtVYMqcN7ocJg0YGebs2SPiLjXJtNp13BZocBGlM2UGwkA8DD27P-entOZwesjwe7BHumzRJUcJ&cce=2&category=acrcp_v1_32&sig=AOD64_2MVRBd8OWVy7eSaNgl3iH9ZGt69w&adurl&q&ctype=99&nis=6, 0400 836 673,Hamilton NSW Australia,Business Owner / Managing Director,92,High,pending,,,Plumbing & Trades,High,Personalized,,,,,,,,,,
contact@levelplumbingandgasnewcastlecentral.com.au,,,Levelplumbingandgasnewcastlecentral,/aclk?sa=L&ai=DChsSEwjCsd_Ks6uWAxWvCYMDHRUZJscYACICCAEQABoCc2Y&co=1&ase=2&gclid=EAIaIQobChMIwrHfyrOrlgMVrwmDAx0VGSbHEBAYASAAEgLedvD_BwE&cid=CAASuwHkaPQPjoKBzAE_k_CozmDrKTasp_D78R-gbWuMdGNsNk78G5RTEIDJ7MP-NK0XTNx7W699h0YBbwtNMUJE01CcwTMh-Y43E8S0HvAoiVeNcFBR1Sa7W-2tRlCpy-Rvi9aVVJJ2VOmvz1Z-nuWtW4zWQWBGddy2iO1IpLJAtS3jKSadsXtVYMqcN7ocJg0YGebs2SPiLjXJtNp13BZocBGlM2UGwkA8DD27P-entOZwesjwe7BHumzRJUcJ&cce=2&category=acrcp_v1_32&sig=AOD64_2MVRBd8OWVy7eSaNgl3iH9ZGt69w&adurl&q&ctype=99&nis=6, 1300 463 227,Hamilton NSW Australia,Business Owner / Managing Director,92,High,pending,,,Plumbing & Trades,High,Personalized,,,,,,,,,,
contact@newcastleplumbingpriority.com.au,,,Newcastleplumbingpriority,/aclk?sa=L&ai=DChsSEwjNp5vOs6uWAxWKpWYCHQRtOn8YACICCAEQABoCc20&co=1&ase=2&gclid=EAIaIQobChMIzaebzrOrlgMViqVmAh0EbTp_EBAYASAAEgJPPvD_BwE&cid=CAASuwHkaHIOq4vLl9XqGlSAR9K-xZtxLxmytUf3vW5r7a44qZPVSmSEdZFSkskcF59Djm3tfOLWKs6cNKvzhcpTj3oHrrdNjcwQEZRhajKsSuIXe4VnFaJDImnfRNDcahMfpRQnLMGt6VgwLDL61_47D4LtEJV_nTyu57LmGYcW6TjwwFEv5mlaw1gpVfH8Gc5r_f_3l4CHDVy8aX1GernaHqE0CEAiwHmtTELcupUc1ptrl-VWi3l5_snTTMC4&cce=2&category=acrcp_v1_33&sig=AOD64_3wjdw7c34NJU1tRwdZIivYsa5kkQ&adurl&q&ctype=99&nis=6, 0427 758 627,", 2c/50 Northcott Dr, Kotara NSW 2289",Business Owner / Managing Director,92,High,pending,,,Plumbing & Trades,High,Personalized,,,,,,,,,,
contact@bluetongueplumbing.com.au,,,Bluetongueplumbing,/aclk?sa=L&ai=DChsSEwjNp5vOs6uWAxWKpWYCHQRtOn8YACICCAEQABoCc20&co=1&ase=2&gclid=EAIaIQobChMIzaebzrOrlgMViqVmAh0EbTp_EBAYASAAEgJPPvD_BwE&cid=CAASuwHkaHIOq4vLl9XqGlSAR9K-xZtxLxmytUf3vW5r7a44qZPVSmSEdZFSkskcF59Djm3tfOLWKs6cNKvzhcpTj3oHrrdNjcwQEZRhajKsSuIXe4VnFaJDImnfRNDcahMfpRQnLMGt6VgwLDL61_47D4LtEJV_nTyu57LmGYcW6TjwwFEv5mlaw1gpVfH8Gc5r_f_3l4CHDVy8aX1GernaHqE0CEAiwHmtTELcupUc1ptrl-VWi3l5_snTTMC4&cce=2&category=acrcp_v1_33&sig=AOD64_3wjdw7c34NJU1tRwdZIivYsa5kkQ&adurl&q&ctype=99&nis=6, 0412 686 918,", 35 Joanne St, Kotara NSW 2289",Business Owner / Managing Director,92,High,pending,,,Plumbing & Trades,High,Personalized,,,,,,,,,,
contact@reeceplumbingkotara.com.au,,,Reeceplumbingkotara,/aclk?sa=L&ai=DChsSEwjNp5vOs6uWAxWKpWYCHQRtOn8YACICCAEQABoCc20&co=1&ase=2&gclid=EAIaIQobChMIzaebzrOrlgMViqVmAh0EbTp_EBAYASAAEgJPPvD_BwE&cid=CAASuwHkaHIOq4vLl9XqGlSAR9K-xZtxLxmytUf3vW5r7a44qZPVSmSEdZFSkskcF59Djm3tfOLWKs6cNKvzhcpTj3oHrrdNjcwQEZRhajKsSuIXe4VnFaJDImnfRNDcahMfpRQnLMGt6VgwLDL61_47D4LtEJV_nTyu57LmGYcW6TjwwFEv5mlaw1gpVfH8Gc5r_f_3l4CHDVy8aX1GernaHqE0CEAiwHmtTELcupUc1ptrl-VWi3l5_snTTMC4&cce=2&category=acrcp_v1_33&sig=AOD64_3wjdw7c34NJU1tRwdZIivYsa5kkQ&adurl&q&ctype=99&nis=6, (02) 4064 4810,", Unit 1/154 Park Ave, Kotara NSW 2289",Business Owner / Managing Director,92,High,pending,,,Plumbing & Trades,High,Personalized,,,,,,,,,,
info@deightonplumbing.com.au,,,Deightonplumbing,https://deightonplumbing.com.au/, 0401 349 360,Charlestown NSW Australia,Business Owner / Managing Director,92,High,pending,,,Plumbing & Trades,High,Personalized,,,,,,,,,,
info@rjhplumbing.com.au,,,Rjhplumbing,https://www.rjhplumbing.com.au/, 0431 159 708,", 11 James St, Warners Bay NSW 2290",Business Owner / Managing Director,92,High,pending,,,Plumbing & Trades,High,Personalized,,,,,,,,,,
contact@hunteremergencylicensedplumbinghelp.com.au,,,Hunteremergencylicensedplumbinghelp,/aclk?sa=L&ai=DChsSEwj66O_ds6uWAxXbkmYCHb4kCbkYACICCAEQABoCc20&co=1&ase=2&gclid=EAIaIQobChMI-ujv3bOrlgMV25JmAh2-JAm5EBAYASAAEgKIl_D_BwE&cid=CAASuwHkaHq994VdypI0w5Dvu5ykJIrywji1KY5Q15X7gtuDVOil5iDpjwNVSxb3-4DiXT9LwN3iW8WAn8k6j96svo5XRZbirMKJGx_NOrajSwyjX5F5enjCSwjDkkZnHc95U8nF77C1GzcIgHBi7Pd84FyKTLDxpmDjQTErUTgdruOkdUyKLnnYItgV_A69IV6kuY3rlbcl41k6vVs3h35d7a_WwuslGhIrhiRIVTcJksGfdsfwo-z8Eo0afzg9&cce=2&category=acrcp_v1_33&sig=AOD64_3etM8EOL1luTlKro2divgYiryHfg&adurl&q&ctype=99&nis=6, (02) 4944 1166,", 5 Church St, Maitland NSW 2321",Business Owner / Managing Director,92,High,pending,,,Plumbing & Trades,High,Personalized,,,,,,,,,,
contact@fitzgeraldplumbing.com.au,,,Fitzgeraldplumbing,/aclk?sa=L&ai=DChsSEwj66O_ds6uWAxXbkmYCHb4kCbkYACICCAEQABoCc20&co=1&ase=2&gclid=EAIaIQobChMI-ujv3bOrlgMV25JmAh2-JAm5EBAYASAAEgKIl_D_BwE&cid=CAASuwHkaHq994VdypI0w5Dvu5ykJIrywji1KY5Q15X7gtuDVOil5iDpjwNVSxb3-4DiXT9LwN3iW8WAn8k6j96svo5XRZbirMKJGx_NOrajSwyjX5F5enjCSwjDkkZnHc95U8nF77C1GzcIgHBi7Pd84FyKTLDxpmDjQTErUTgdruOkdUyKLnnYItgV_A69IV6kuY3rlbcl41k6vVs3h35d7a_WwuslGhIrhiRIVTcJksGfdsfwo-z8Eo0afzg9&cce=2&category=acrcp_v1_33&sig=AOD64_3etM8EOL1luTlKro2divgYiryHfg&adurl&q&ctype=99&nis=6, (02) 4932 0237,", Unit 2/18 Johnson St, Maitland NSW 2320",Business Owner / Managing Director,92,High,pending,,,Plumbing & Trades,High,Personalized,,,,,,,,,,
contact@plumbereastmaitlandgtqplumbing.com.au,,,Plumbereastmaitlandgtqplumbing,/aclk?sa=L&ai=DChsSEwj66O_ds6uWAxXbkmYCHb4kCbkYACICCAEQABoCc20&co=1&ase=2&gclid=EAIaIQobChMI-ujv3bOrlgMV25JmAh2-JAm5EBAYASAAEgKIl_D_BwE&cid=CAASuwHkaHq994VdypI0w5Dvu5ykJIrywji1KY5Q15X7gtuDVOil5iDpjwNVSxb3-4DiXT9LwN3iW8WAn8k6j96svo5XRZbirMKJGx_NOrajSwyjX5F5enjCSwjDkkZnHc95U8nF77C1GzcIgHBi7Pd84FyKTLDxpmDjQTErUTgdruOkdUyKLnnYItgV_A69IV6kuY3rlbcl41k6vVs3h35d7a_WwuslGhIrhiRIVTcJksGfdsfwo-z8Eo0afzg9&cce=2&category=acrcp_v1_33&sig=AOD64_3etM8EOL1luTlKro2divgYiryHfg&adurl&q&ctype=99&nis=6, 0414 248 225,", 15 Hinder St, East Maitland NSW 2323",Business Owner / Managing Director,92,High,pending,,,Plumbing & Trades,High,Personalized,,,,,,,,,,
contact@enjoyplumbingmaitlandnewcastle.com.au,,,Enjoyplumbingmaitlandnewcastle,/aclk?sa=L&ai=DChsSEwj66O_ds6uWAxXbkmYCHb4kCbkYACICCAEQABoCc20&co=1&ase=2&gclid=EAIaIQobChMI-ujv3bOrlgMV25JmAh2-JAm5EBAYASAAEgKIl_D_BwE&cid=CAASuwHkaHq994VdypI0w5Dvu5ykJIrywji1KY5Q15X7gtuDVOil5iDpjwNVSxb3-4DiXT9LwN3iW8WAn8k6j96svo5XRZbirMKJGx_NOrajSwyjX5F5enjCSwjDkkZnHc95U8nF77C1GzcIgHBi7Pd84FyKTLDxpmDjQTErUTgdruOkdUyKLnnYItgV_A69IV6kuY3rlbcl41k6vVs3h35d7a_WwuslGhIrhiRIVTcJksGfdsfwo-z8Eo0afzg9&cce=2&category=acrcp_v1_33&sig=AOD64_3etM8EOL1luTlKro2divgYiryHfg&adurl&q&ctype=99&nis=6, 0485 825 582,", 19A Rawmarsh St, Farley NSW 2320",Business Owner / Managing Director,92,High,pending,,,Plumbing & Trades,High,Personalized,,,,,,,,,,
contact@bdpplumbing.com.au,,,Bdpplumbing,/aclk?sa=L&ai=DChsSEwj66O_ds6uWAxXbkmYCHb4kCbkYACICCAEQABoCc20&co=1&ase=2&gclid=EAIaIQobChMI-ujv3bOrlgMV25JmAh2-JAm5EBAYASAAEgKIl_D_BwE&cid=CAASuwHkaHq994VdypI0w5Dvu5ykJIrywji1KY5Q15X7gtuDVOil5iDpjwNVSxb3-4DiXT9LwN3iW8WAn8k6j96svo5XRZbirMKJGx_NOrajSwyjX5F5enjCSwjDkkZnHc95U8nF77C1GzcIgHBi7Pd84FyKTLDxpmDjQTErUTgdruOkdUyKLnnYItgV_A69IV6kuY3rlbcl41k6vVs3h35d7a_WwuslGhIrhiRIVTcJksGfdsfwo-z8Eo0afzg9&cce=2&category=acrcp_v1_33&sig=AOD64_3etM8EOL1luTlKro2divgYiryHfg&adurl&q&ctype=99&nis=6, 0404 141 031,", Unit 4/22 Johnson St, Maitland NSW 2320",Business Owner / Managing Director,92,High,pending,,,Plumbing & Trades,High,Personalized,,,,,,,,,,
contact@summitplumbingservices.com.au,,,Summitplumbingservices,/aclk?sa=L&ai=DChsSEwj66O_ds6uWAxXbkmYCHb4kCbkYACICCAEQABoCc20&co=1&ase=2&gclid=EAIaIQobChMI-ujv3bOrlgMV25JmAh2-JAm5EBAYASAAEgKIl_D_BwE&cid=CAASuwHkaHq994VdypI0w5Dvu5ykJIrywji1KY5Q15X7gtuDVOil5iDpjwNVSxb3-4DiXT9LwN3iW8WAn8k6j96svo5XRZbirMKJGx_NOrajSwyjX5F5enjCSwjDkkZnHc95U8nF77C1GzcIgHBi7Pd84FyKTLDxpmDjQTErUTgdruOkdUyKLnnYItgV_A69IV6kuY3rlbcl41k6vVs3h35d7a_WwuslGhIrhiRIVTcJksGfdsfwo-z8Eo0afzg9&cce=2&category=acrcp_v1_33&sig=AOD64_3etM8EOL1luTlKro2divgYiryHfg&adurl&q&ctype=99&nis=6, 0423 870 214,", 52 Houston Ave, Tenambit NSW 2323",Business Owner / Managing Director,92,High,pending,,,Plumbing & Trades,High,Personalized,,,,,,,,,,
contact@huntervalleyplumbing.com.au,,,Huntervalleyplumbing,/aclk?sa=L&ai=DChsSEwj66O_ds6uWAxXbkmYCHb4kCbkYACICCAEQABoCc20&co=1&ase=2&gclid=EAIaIQobChMI-ujv3bOrlgMV25JmAh2-JAm5EBAYASAAEgKIl_D_BwE&cid=CAASuwHkaHq994VdypI0w5Dvu5ykJIrywji1KY5Q15X7gtuDVOil5iDpjwNVSxb3-4DiXT9LwN3iW8WAn8k6j96svo5XRZbirMKJGx_NOrajSwyjX5F5enjCSwjDkkZnHc95U8nF77C1GzcIgHBi7Pd84FyKTLDxpmDjQTErUTgdruOkdUyKLnnYItgV_A69IV6kuY3rlbcl41k6vVs3h35d7a_WwuslGhIrhiRIVTcJksGfdsfwo-z8Eo0afzg9&cce=2&category=acrcp_v1_33&sig=AOD64_3etM8EOL1luTlKro2divgYiryHfg&adurl&q&ctype=99&nis=6, 0401 140 555,", 6 Lawes St, East Maitland NSW 2323",Business Owner / Managing Director,92,High,pending,,,Plumbing & Trades,High,Personalized,,,,,,,,,,
info@ricksplumbing.com.au,,,Ricksplumbing,https://ricksplumbing.com.au/, 0418 861 112,", 25 Ferguson St, Cessnock NSW 2325",Business Owner / Managing Director,92,High,pending,,,Plumbing & Trades,High,Personalized,,,,,,,,,,
info@singletonplumbing.com.au,,,Singletonplumbing,https://singletonplumbing.com.au/, 0455 027 110,", 27 Bowden St, Singleton NSW 2330",Business Owner / Managing Director,92,High,pending,,,Plumbing & Trades,High,Personalized,,,,,,,,,,
info@048plumber.com.au,,,048plumber,http://www.048plumber.com.au/, (03) 0004 8048,", Unit 5/4 Dell Rd, West Gosford NSW 2250",Business Owner / Managing Director,92,High,pending,,,Plumbing & Trades,High,Personalized,,,,,,,,,,
info@obrienplumbingandroofing.com.au,,,Obrienplumbingandroofing,https://obrienplumbingandroofing.com.au/, (02) 4351 3665,", B4/4 Dulmison Ave, Wyong NSW 2259",Business Owner / Managing Director,92,High,pending,,,Plumbing & Trades,High,Personalized,,,,,,,,,,
info@fluidplumbingservices.com.au,,,Fluidplumbingservices,https://www.fluidplumbingservices.com.au/central-coast-plumber/?utm_source=Google&utm_medium=Organic&utm_campaign=GBP, (02) 4353 4611,", 2 Reliance Dr, Tuggerah NSW 2259",Business Owner / Managing Director,92,High,pending,,,Plumbing & Trades,High,Personalized,,,,,,,,,,
info@gpsplumber.com.au,,,Gpsplumber,https://gpsplumber.com.au/, 0493 617 581,Erina NSW Australia,Business Owner / Managing Director,92,High,pending,,,Plumbing & Trades,High,Personalized,,,,,,,,,,
info@hayplumbing.com.au,,,Hayplumbing,https://www.hayplumbing.com.au/, 0426 882 561,", 983 The Entrance Rd, Forresters Beach NSW 2260",Business Owner / Managing Director,92,High,pending,,,Plumbing & Trades,High,Personalized,,,,,,,,,,
info@clearcoastplumbing.com.au,,,Clearcoastplumbing,http://www.clearcoastplumbing.com.au/?utm_source=google&utm_medium=organic&utm_campaign=gmb-website, 0423 747 754,Woy Woy NSW Australia,Business Owner / Managing Director,92,High,pending,,,Plumbing & Trades,High,Personalized,,,,,,,,,,
info@sitelift.site,,,Sitelift Site,https://sitelift.site/bateaubayplumbing/, 0419 214 883,Bateau Bay NSW Australia,Business Owner / Managing Director,92,High,pending,,,Plumbing & Trades,High,Personalized,,,,,,,,,,
info@revampplumbing.com.au,,,Revampplumbing,https://www.revampplumbing.com.au/, 0457 113 067,", Warrigal St, The Entrance NSW 2261",Business Owner / Managing Director,92,High,pending,,,Plumbing & Trades,High,Personalized,,,,,,,,,,
info@orionplumbing.com.au,,,Orionplumbing,https://www.orionplumbing.com.au/, 0411 185 836,", 101 Malvina Parade, Lake Haven NSW 2263",Business Owner / Managing Director,92,High,pending,,,Plumbing & Trades,High,Personalized,,,,,,,,,,
info@crystalclearplumbing.au,,,Crystalclearplumbing Au,https://www.crystalclearplumbing.au/?utm_source=google&utm_medium=organic&utm_campaign=gmb, 0447 474 381,Wollongong NSW Australia,Business Owner / Managing Director,92,High,pending,,,Plumbing & Trades,High,Personalized,,,,,,,,,,
contact@bradysplumbing.com.au,,,Bradysplumbing,/aclk?sa=L&ai=DChsSEwiT6MqltKuWAxXrrWYCHfM4HZgYACICCAEQABoCc20&co=1&ase=2&gclid=EAIaIQobChMIk-jKpbSrlgMV661mAh3zOB2YEBAYASAAEgJ-dPD_BwE&cid=CAASuwHkaGSXLShB0bGPNlb31qYKJ6x2R4XkFutuo66koAacp3czxMNlwIUs_3fiS48U9F78I2WMwBNLZmTZQ9vC-QeAV62NtZN8Z1wgN2rnf8jlcR9cqVbi3DrlDSWdyHLaQczTGa-VkhU8Ec5CQRbScxpwiD8wUzStBjY-af_ZrAWDv5mOJiESHf2uDrGAafXuxpwleqC6V_sA8n6bxEoAZyoqku5vzsg6gRAZ1su3Aq3vPBtvXlccmrWxnX5e&cce=2&category=acrcp_v1_32&sig=AOD64_03wI6uu_tZJVlsLXQ-SPFmJWvw9w&adurl&q&ctype=99&nis=6, 0493 466 178,", 25 Stephen Dr, Woonona NSW 2517",Business Owner / Managing Director,92,High,pending,,,Plumbing & Trades,High,Personalized,,,,,,,,,,
contact@superiorplumbingillawarra.com.au,,,Superiorplumbingillawarra,/aclk?sa=L&ai=DChsSEwiT6MqltKuWAxXrrWYCHfM4HZgYACICCAEQABoCc20&co=1&ase=2&gclid=EAIaIQobChMIk-jKpbSrlgMV661mAh3zOB2YEBAYASAAEgJ-dPD_BwE&cid=CAASuwHkaGSXLShB0bGPNlb31qYKJ6x2R4XkFutuo66koAacp3czxMNlwIUs_3fiS48U9F78I2WMwBNLZmTZQ9vC-QeAV62NtZN8Z1wgN2rnf8jlcR9cqVbi3DrlDSWdyHLaQczTGa-VkhU8Ec5CQRbScxpwiD8wUzStBjY-af_ZrAWDv5mOJiESHf2uDrGAafXuxpwleqC6V_sA8n6bxEoAZyoqku5vzsg6gRAZ1su3Aq3vPBtvXlccmrWxnX5e&cce=2&category=acrcp_v1_32&sig=AOD64_03wI6uu_tZJVlsLXQ-SPFmJWvw9w&adurl&q&ctype=99&nis=6, 0424 256 234,", 2/487 Princes Hwy, Fairy Meadow NSW 2519",Business Owner / Managing Director,92,High,pending,,,Plumbing & Trades,High,Personalized,,,,,,,,,,
contact@northwollongongplumbing.com.au,,,Northwollongongplumbing,/aclk?sa=L&ai=DChsSEwiT6MqltKuWAxXrrWYCHfM4HZgYACICCAEQABoCc20&co=1&ase=2&gclid=EAIaIQobChMIk-jKpbSrlgMV661mAh3zOB2YEBAYASAAEgJ-dPD_BwE&cid=CAASuwHkaGSXLShB0bGPNlb31qYKJ6x2R4XkFutuo66koAacp3czxMNlwIUs_3fiS48U9F78I2WMwBNLZmTZQ9vC-QeAV62NtZN8Z1wgN2rnf8jlcR9cqVbi3DrlDSWdyHLaQczTGa-VkhU8Ec5CQRbScxpwiD8wUzStBjY-af_ZrAWDv5mOJiESHf2uDrGAafXuxpwleqC6V_sA8n6bxEoAZyoqku5vzsg6gRAZ1su3Aq3vPBtvXlccmrWxnX5e&cce=2&category=acrcp_v1_32&sig=AOD64_03wI6uu_tZJVlsLXQ-SPFmJWvw9w&adurl&q&ctype=99&nis=6, 0412 570 067,", 1 Chapman St, Fairy Meadow NSW 2519",Business Owner / Managing Director,92,High,pending,,,Plumbing & Trades,High,Personalized,,,,,,,,,,
contact@obrienplumbingnorthwollongong.com.au,,,Obrienplumbingnorthwollongong,/aclk?sa=L&ai=DChsSEwiT6MqltKuWAxXrrWYCHfM4HZgYACICCAEQABoCc20&co=1&ase=2&gclid=EAIaIQobChMIk-jKpbSrlgMV661mAh3zOB2YEBAYASAAEgJ-dPD_BwE&cid=CAASuwHkaGSXLShB0bGPNlb31qYKJ6x2R4XkFutuo66koAacp3czxMNlwIUs_3fiS48U9F78I2WMwBNLZmTZQ9vC-QeAV62NtZN8Z1wgN2rnf8jlcR9cqVbi3DrlDSWdyHLaQczTGa-VkhU8Ec5CQRbScxpwiD8wUzStBjY-af_ZrAWDv5mOJiESHf2uDrGAafXuxpwleqC6V_sA8n6bxEoAZyoqku5vzsg6gRAZ1su3Aq3vPBtvXlccmrWxnX5e&cce=2&category=acrcp_v1_32&sig=AOD64_03wI6uu_tZJVlsLXQ-SPFmJWvw9w&adurl&q&ctype=99&nis=6, (02) 4216 8880,", 37 Jardine St, Fairy Meadow NSW 2519",Business Owner / Managing Director,92,High,pending,,,Plumbing & Trades,High,Personalized,,,,,,,,,,
contact@eliteplumbinggroup.com.au,,,Eliteplumbinggroup,/aclk?sa=L&ai=DChsSEwiT6MqltKuWAxXrrWYCHfM4HZgYACICCAEQABoCc20&co=1&ase=2&gclid=EAIaIQobChMIk-jKpbSrlgMV661mAh3zOB2YEBAYASAAEgJ-dPD_BwE&cid=CAASuwHkaGSXLShB0bGPNlb31qYKJ6x2R4XkFutuo66koAacp3czxMNlwIUs_3fiS48U9F78I2WMwBNLZmTZQ9vC-QeAV62NtZN8Z1wgN2rnf8jlcR9cqVbi3DrlDSWdyHLaQczTGa-VkhU8Ec5CQRbScxpwiD8wUzStBjY-af_ZrAWDv5mOJiESHf2uDrGAafXuxpwleqC6V_sA8n6bxEoAZyoqku5vzsg6gRAZ1su3Aq3vPBtvXlccmrWxnX5e&cce=2&category=acrcp_v1_32&sig=AOD64_03wI6uu_tZJVlsLXQ-SPFmJWvw9w&adurl&q&ctype=99&nis=6, 0466 252 484,Fairy Meadow NSW Australia,Business Owner / Managing Director,92,High,pending,,,Plumbing & Trades,High,Personalized,,,,,,,,,,
contact@corrimalplumbingservices.com.au,,,Corrimalplumbingservices,/aclk?sa=L&ai=DChsSEwiT6MqltKuWAxXrrWYCHfM4HZgYACICCAEQABoCc20&co=1&ase=2&gclid=EAIaIQobChMIk-jKpbSrlgMV661mAh3zOB2YEBAYASAAEgJ-dPD_BwE&cid=CAASuwHkaGSXLShB0bGPNlb31qYKJ6x2R4XkFutuo66koAacp3czxMNlwIUs_3fiS48U9F78I2WMwBNLZmTZQ9vC-QeAV62NtZN8Z1wgN2rnf8jlcR9cqVbi3DrlDSWdyHLaQczTGa-VkhU8Ec5CQRbScxpwiD8wUzStBjY-af_ZrAWDv5mOJiESHf2uDrGAafXuxpwleqC6V_sA8n6bxEoAZyoqku5vzsg6gRAZ1su3Aq3vPBtvXlccmrWxnX5e&cce=2&category=acrcp_v1_32&sig=AOD64_03wI6uu_tZJVlsLXQ-SPFmJWvw9w&adurl&q&ctype=99&nis=6, 0420 580 730,", 56 Park Rd, East Corrimal NSW 2518",Business Owner / Managing Director,92,High,pending,,,Plumbing & Trades,High,Personalized,,,,,,,,,,
info@joyceplumbing.com.au,,,Joyceplumbing,http://joyceplumbing.com.au/, 0402 912 324,", 190 Princes Hwy, Bulli NSW 2516",Business Owner / Managing Director,92,High,pending,,,Plumbing & Trades,High,Personalized,,,,,,,,,,
info@m2rplumbing.com.au,,,M2rplumbing,http://www.m2rplumbing.com.au/, 0422 533 046,", Helensburgh NSW 2508",Business Owner / Managing Director,92,High,pending,,,Plumbing & Trades,High,Personalized,,,,,,,,,,
info@shellharbourplumbingservices.com.au,,,Shellharbourplumbingservices,http://www.shellharbourplumbingservices.com.au/, 0466 442 293,", Lakewood Blvd, Flinders NSW 2529",Business Owner / Managing Director,92,High,pending,,,Plumbing & Trades,High,Personalized,,,,,,,,,,
info@daptoplumbinganddraining.com.au,,,Daptoplumbinganddraining,https://www.daptoplumbinganddraining.com.au/, (02) 4262 1211,", 23 Marshall St, Dapto NSW 2530",Business Owner / Managing Director,92,High,pending,,,Plumbing & Trades,High,Personalized,,,,,,,,,,
info@illawarraplumbingdrainer.com.au,,,Illawarraplumbingdrainer,https://illawarraplumbingdrainer.com.au/, 0411 189 210,", 2 Uphill Rd, Albion Park NSW 2527",Business Owner / Managing Director,92,High,pending,,,Plumbing & Trades,High,Personalized,,,,,,,,,,
info@stormplumbingandgas.com.au,,,Stormplumbingandgas,https://stormplumbingandgas.com.au/?utm_source=google&utm_medium=business_profile&utm_campaign=tradius&utm_content=website_button, 0423 427 252,Kiama NSW Australia,Business Owner / Managing Director,92,High,pending,,,Plumbing & Trades,High,Personalized,,,,,,,,,,
info@dynamictradies.com.au,,,Dynamictradies,https://dynamictradies.com.au/nowra/?utm_source=google&utm_medium=organic&utm_campaign=gmb, 1300 846 197,", 5/59 East St, Nowra NSW 2541",Business Owner / Managing Director,92,High,pending,,,Plumbing & Trades,High,Personalized,,,,,,,,,,
info@aeroplumbing.com.au,,,Aeroplumbing,https://aeroplumbing.com.au/, 1300 057 827,Berrors NSW Australia,Business Owner / Managing Director,92,High,pending,,,Plumbing & Trades,High,Personalized,,,,,,,,,,
info@createplumbing.com.au,,,Createplumbing,http://www.createplumbing.com.au/, 0402 377 231,Batemans Bay NSW Australia,Business Owner / Managing Director,92,High,pending,,,Plumbing & Trades,High,Personalized,,,,,,,,,,
info@naturecoastplumbing.com.au,,,Naturecoastplumbing,http://www.naturecoastplumbing.com.au/, 0407 924 889,", 168 N Head Dr, Moruya NSW 2537",Business Owner / Managing Director,92,High,pending,,,Plumbing & Trades,High,Personalized,,,,,,,,,,
info@naroomaplumbing.com.au,,,Naroomaplumbing,http://naroomaplumbing.com.au/, (02) 4476 3075,", 5 Murphy Pl, Narooma NSW 2546",Business Owner / Managing Director,92,High,pending,,,Plumbing & Trades,High,Personalized,,,,,,,,,,
info@thplumbing.com.au,,,Thplumbing,http://www.thplumbing.com.au/, 0406 251 820,Bega NSW Australia,Business Owner / Managing Director,92,High,pending,,,Plumbing & Trades,High,Personalized,,,,,,,,,,
info@keoghplumbing.com.au,,,Keoghplumbing,https://keoghplumbing.com.au/, (02) 6430 7104,", 22 Wyeebo St, Merimbula NSW 2548",Business Owner / Managing Director,92,High,pending,,,Plumbing & Trades,High,Personalized,,,,,,,,,,
info@levelau.com.au,,,Levelau,https://levelau.com.au/plumber-dubbo/, 1300 102 012,", Unit 7/57 Douglas Mawson Dr, Dubbo NSW 2830",Business Owner / Managing Director,92,High,pending,,,Plumbing & Trades,High,Personalized,,,,,,,,,,
info@webflowplumbing.com,,,Webflowplumbing Com,http://webflowplumbing.com/, 0475 862 669,", Unit 9/17 Elsham Ave, Orange NSW 2800",Business Owner / Managing Director,92,High,pending,,,Plumbing & Trades,High,Personalized,,,,,,,,,,
info@twoodsplumbing.com.au,,,Twoodsplumbing,https://www.twoodsplumbing.com.au/?utm_source=google&utm_medium=organic&utm_campaign=gmb, 0400 574 015,", 223 Rankin St, Bathurst NSW 2795",Business Owner / Managing Director,92,High,pending,,,Plumbing & Trades,High,Personalized,,,,,,,,,,
info@smoothflowplumbing.com.au,,,Smoothflowplumbing,http://smoothflowplumbing.com.au/, 0416 860 810,", 49 George St, Mudgee NSW 2850",Business Owner / Managing Director,92,High,pending,,,Plumbing & Trades,High,Personalized,,,,,,,,,,
info@croweysplumbing.com.au,,,Croweysplumbing,http://www.croweysplumbing.com.au/, 0439 393 423,", 70 Station St, Parkes NSW 2870",Business Owner / Managing Director,92,High,pending,,,Plumbing & Trades,High,Personalized,,,,,,,,,,
info@ldplumbing.com.au,,,Ldplumbing,https://www.ldplumbing.com.au/, (02) 6851 1339,", 3 Union St, Forbes NSW 2871",Business Owner / Managing Director,92,High,pending,,,Plumbing & Trades,High,Personalized,,,,,,,,,,
info@irrigear.com.au,,,Irrigear,https://irrigear.com.au/storelocator/marks-pumps, 0427 100 072,", 45B Kite St, Cowra NSW 2794",Business Owner / Managing Director,92,High,pending,,,Plumbing & Trades,High,Personalized,,,,,,,,,,
info@lithgow.levelplumbing.com.au,,,Lithgow Levelplumbing,https://lithgow.levelplumbing.com.au/, (02) 6324 1905,", Shop 1/147 Mort St, Lithgow NSW 2790",Business Owner / Managing Director,92,High,pending,,,Plumbing & Trades,High,Personalized,,,,,,,,,,
info@000trades.com.au,,,000trades,http://www.000trades.com.au/, 1300 874 750,", 41-43 Copland St, Wagga Wagga NSW 2650",Business Owner / Managing Director,92,High,pending,,,Plumbing & Trades,High,Personalized,,,,,,,,,,
info@tonkingroup.com.au,,,Tonkingroup,https://www.tonkingroup.com.au/?utm_source=google&utm_medium=organic&utm_campaign=GBP, (02) 6061 4832,", 486 Atkins St, Albury NSW 2640",Business Owner / Managing Director,92,High,pending,,,Plumbing & Trades,High,Personalized,,,,,,,,,,
info@jonesplumbingplus.com.au,,,Jonesplumbingplus,https://jonesplumbingplus.com.au/, (02) 6040 8708,", 384 Wagga Rd, Lavington NSW 2641",Business Owner / Managing Director,92,High,pending,,,Plumbing & Trades,High,Personalized,,,,,,,,,,
info@bellatoplumbers.com.au,,,Bellatoplumbers,http://www.bellatoplumbers.com.au/, 0428 627 523,", Altin St, Griffith NSW 2680",Business Owner / Managing Director,92,High,pending,,,Plumbing & Trades,High,Personalized,,,,,,,,,,
info@barnettsdeniliquin.com,,,Barnettsdeniliquin Com,https://barnettsdeniliquin.com/, (03) 5881 1699,", 380 Charlotte St, Deniliquin NSW 2710",Business Owner / Managing Director,92,High,pending,,,Plumbing & Trades,High,Personalized,,,,,,,,,,
info@amurray.com.au,,,Amurray,https://amurray.com.au/, 1300 268 772,", 9 Dalhunty St, Tumut NSW 2720",Business Owner / Managing Director,92,High,pending,,,Plumbing & Trades,High,Personalized,,,,,,,,,,
info@realflowplumbing.com.au,,,Realflowplumbing,https://realflowplumbing.com.au/, 0439 292 024,", Boorowa St, Young NSW 2594",Business Owner / Managing Director,92,High,pending,,,Plumbing & Trades,High,Personalized,,,,,,,,,,
info@tamworthplumbing.com.au,,,Tamworthplumbing,https://www.tamworthplumbing.com.au/, 0414 671 067,", 420 Peel St, Tamworth NSW 2340",Business Owner / Managing Director,92,High,pending,,,Plumbing & Trades,High,Personalized,,,,,,,,,,
info@levelplumbing.com.au,,,Levelplumbing,http://levelplumbing.com.au/inverell, (02) 6721 3884,", Unit 2/6-8 Swanbrook Rd, Inverell NSW 2360",Business Owner / Managing Director,92,High,pending,,,Plumbing & Trades,High,Personalized,,,,,,,,,,
info@pickatradie.com.au,,,Pickatradie,https://pickatradie.com.au/@moreeplumbingsupplies, (02) 6752 3958,", 24/26 Bingara Rd, Moree NSW 2400",Business Owner / Managing Director,92,High,pending,,,Plumbing & Trades,High,Personalized,,,,,,,,,,
info@philbrownplumbing.com.au,,,Philbrownplumbing,https://www.philbrownplumbing.com.au/, 0428 923 093,", 27 Dale St, Narrabri NSW 2390",Business Owner / Managing Director,92,High,pending,,,Plumbing & Trades,High,Personalized,,,,,,,,,,
info@andrewmuddleplumbing.com.au,,,Andrewmuddleplumbing,https://www.andrewmuddleplumbing.com.au/, 0428 481 578,Gunnedah NSW Australia,Business Owner / Managing Director,92,High,pending,,,Plumbing & Trades,High,Personalized,,,,,,,,,,
info@portmacquarieplumbing.com.au,,,Portmacquarieplumbing,https://www.portmacquarieplumbing.com.au/?utm_source=google&utm_medium=organic&utm_campaign=gmb, (02) 6584 8878,", 3 Jindalee Rd, Port Macquarie NSW 2444",Business Owner / Managing Director,92,High,pending,,,Plumbing & Trades,High,Personalized,,,,,,,,,,
info@emeraldbeachplumbing.com.au,,,Emeraldbeachplumbing,https://www.emeraldbeachplumbing.com.au/, (02) 6650 0544,", 13/25-27 Hurley Dr, Coffs Harbour NSW 2450",Business Owner / Managing Director,92,High,pending,,,Plumbing & Trades,High,Personalized,,,,,,,,,,
info@jdaltonplumbingandgas.com.au,,,Jdaltonplumbingandgas,https://jdaltonplumbingandgas.com.au/, 0423 859 686,Sawtell NSW Australia,Business Owner / Managing Director,92,High,pending,,,Plumbing & Trades,High,Personalized,,,,,,,,,,
info@jettyplumbing.com.au,,,Jettyplumbing,https://www.jettyplumbing.com.au/, 0438 369 324,Toormina NSW Australia,Business Owner / Managing Director,92,High,pending,,,Plumbing & Trades,High,Personalized,,,,,,,,,,
info@jediplumbing.com.au,,,Jediplumbing,https://www.jediplumbing.com.au/?utm_source=google&utm_medium=organic&utm_campaign=gmb, 0411 774 381,", 13 Craiglea Cl, Taree NSW 2430",Business Owner / Managing Director,92,High,pending,,,Plumbing & Trades,High,Personalized,,,,,,,,,,
info@kempseyplumbing.com.au,,,Kempseyplumbing,https://www.kempseyplumbing.com.au/?utm_source=google&utm_medium=organic&utm_campaign=gmb, 0436 529 990,Kempsey NSW Australia,Business Owner / Managing Director,92,High,pending,,,Plumbing & Trades,High,Personalized,,,,,,,,,,
info@forsterhotwater.com.au,,,Forsterhotwater,https://www.forsterhotwater.com.au/?utm_source=google&utm_medium=organic&utm_campaign=gmb, 0418 668 658,Foster NSW Australia,Business Owner / Managing Director,92,High,pending,,,Plumbing & Trades,High,Personalized,,,,,,,,,,
contact@truflowplumbingservice.com.au,,,Truflowplumbingservice,/aclk?sa=L&ai=DChsSEwidwe-YtquWAxWVhmYCHWQJOnYYACICCAEQABoCc20&co=1&ase=2&gclid=EAIaIQobChMIncHvmLarlgMVlYZmAh1kCTp2EBAYASAAEgK0__D_BwE&cid=CAASuwHkaCZCCyXgCjQcmBjFpnjBP44S5p4L8eOVFuPBCAGnyApyBajH7pwM_rV1hlRGPYwIzYlYpjnEhQUaSKMCCPUp8Wu47tJTtaxwuVZhW1BOxwoQgdcZQ1hKicpVyRRFiWUYVNW9A-SHLzf20DLBdJlXelLx2tI8dmULKFmmKP7p7bh1Rpm3ih4b4AP1bHGGvCmtk88lz7BjoKstc7q_EQNEGEfoIiJA5trOqOcfziUM06HVhjHpIZtTMZYl&cce=2&category=acrcp_v1_32&sig=AOD64_2FxGZVhdf7oXpG1s6ZkAlrPpW1BA&adurl&q&ctype=99&nis=6, 0402 763 247,", Overall Dr, Pottsville NSW 2489",Business Owner / Managing Director,92,High,pending,,,Plumbing & Trades,High,Personalized,,,,,,,,,,
contact@capebyronplumbing.com.au,,,Capebyronplumbing,/aclk?sa=L&ai=DChsSEwidwe-YtquWAxWVhmYCHWQJOnYYACICCAEQABoCc20&co=1&ase=2&gclid=EAIaIQobChMIncHvmLarlgMVlYZmAh1kCTp2EBAYASAAEgK0__D_BwE&cid=CAASuwHkaCZCCyXgCjQcmBjFpnjBP44S5p4L8eOVFuPBCAGnyApyBajH7pwM_rV1hlRGPYwIzYlYpjnEhQUaSKMCCPUp8Wu47tJTtaxwuVZhW1BOxwoQgdcZQ1hKicpVyRRFiWUYVNW9A-SHLzf20DLBdJlXelLx2tI8dmULKFmmKP7p7bh1Rpm3ih4b4AP1bHGGvCmtk88lz7BjoKstc7q_EQNEGEfoIiJA5trOqOcfziUM06HVhjHpIZtTMZYl&cce=2&category=acrcp_v1_32&sig=AOD64_2FxGZVhdf7oXpG1s6ZkAlrPpW1BA&adurl&q&ctype=99&nis=6, (02) 6680 9997,", Unit 3/7 Wollongbar St, Byron Bay NSW 2481",Business Owner / Managing Director,92,High,pending,,,Plumbing & Trades,High,Personalized,,,,,,,,,,
contact@fantasticplumbing.com.au,,,Fantasticplumbing,/aclk?sa=L&ai=DChsSEwidwe-YtquWAxWVhmYCHWQJOnYYACICCAEQABoCc20&co=1&ase=2&gclid=EAIaIQobChMIncHvmLarlgMVlYZmAh1kCTp2EBAYASAAEgK0__D_BwE&cid=CAASuwHkaCZCCyXgCjQcmBjFpnjBP44S5p4L8eOVFuPBCAGnyApyBajH7pwM_rV1hlRGPYwIzYlYpjnEhQUaSKMCCPUp8Wu47tJTtaxwuVZhW1BOxwoQgdcZQ1hKicpVyRRFiWUYVNW9A-SHLzf20DLBdJlXelLx2tI8dmULKFmmKP7p7bh1Rpm3ih4b4AP1bHGGvCmtk88lz7BjoKstc7q_EQNEGEfoIiJA5trOqOcfziUM06HVhjHpIZtTMZYl&cce=2&category=acrcp_v1_32&sig=AOD64_2FxGZVhdf7oXpG1s6ZkAlrPpW1BA&adurl&q&ctype=99&nis=6, 0480 021 120,", 3/83 Centennial Cct, Byron Bay NSW 2481",Business Owner / Managing Director,92,High,pending,,,Plumbing & Trades,High,Personalized,,,,,,,,,,
contact@thebyronplumbingco.com.au,,,Thebyronplumbingco,/aclk?sa=L&ai=DChsSEwidwe-YtquWAxWVhmYCHWQJOnYYACICCAEQABoCc20&co=1&ase=2&gclid=EAIaIQobChMIncHvmLarlgMVlYZmAh1kCTp2EBAYASAAEgK0__D_BwE&cid=CAASuwHkaCZCCyXgCjQcmBjFpnjBP44S5p4L8eOVFuPBCAGnyApyBajH7pwM_rV1hlRGPYwIzYlYpjnEhQUaSKMCCPUp8Wu47tJTtaxwuVZhW1BOxwoQgdcZQ1hKicpVyRRFiWUYVNW9A-SHLzf20DLBdJlXelLx2tI8dmULKFmmKP7p7bh1Rpm3ih4b4AP1bHGGvCmtk88lz7BjoKstc7q_EQNEGEfoIiJA5trOqOcfziUM06HVhjHpIZtTMZYl&cce=2&category=acrcp_v1_32&sig=AOD64_2FxGZVhdf7oXpG1s6ZkAlrPpW1BA&adurl&q&ctype=99&nis=6, 0431 207 445,Byron Bay NSW Australia,Business Owner / Managing Director,92,High,pending,,,Plumbing & Trades,High,Personalized,,,,,,,,,,
contact@nicheplumbing.com.au,,,Nicheplumbing,/aclk?sa=L&ai=DChsSEwidwe-YtquWAxWVhmYCHWQJOnYYACICCAEQABoCc20&co=1&ase=2&gclid=EAIaIQobChMIncHvmLarlgMVlYZmAh1kCTp2EBAYASAAEgK0__D_BwE&cid=CAASuwHkaCZCCyXgCjQcmBjFpnjBP44S5p4L8eOVFuPBCAGnyApyBajH7pwM_rV1hlRGPYwIzYlYpjnEhQUaSKMCCPUp8Wu47tJTtaxwuVZhW1BOxwoQgdcZQ1hKicpVyRRFiWUYVNW9A-SHLzf20DLBdJlXelLx2tI8dmULKFmmKP7p7bh1Rpm3ih4b4AP1bHGGvCmtk88lz7BjoKstc7q_EQNEGEfoIiJA5trOqOcfziUM06HVhjHpIZtTMZYl&cce=2&category=acrcp_v1_32&sig=AOD64_2FxGZVhdf7oXpG1s6ZkAlrPpW1BA&adurl&q&ctype=99&nis=6, 0438 357 869,", 2/114 Bangalow Rd, Byron Bay NSW 2481",Business Owner / Managing Director,92,High,pending,,,Plumbing & Trades,High,Personalized,,,,,,,,,,
contact@nutandoliveplumbingptyltd.com.au,,,Nutandoliveplumbingptyltd,/aclk?sa=L&ai=DChsSEwidwe-YtquWAxWVhmYCHWQJOnYYACICCAEQABoCc20&co=1&ase=2&gclid=EAIaIQobChMIncHvmLarlgMVlYZmAh1kCTp2EBAYASAAEgK0__D_BwE&cid=CAASuwHkaCZCCyXgCjQcmBjFpnjBP44S5p4L8eOVFuPBCAGnyApyBajH7pwM_rV1hlRGPYwIzYlYpjnEhQUaSKMCCPUp8Wu47tJTtaxwuVZhW1BOxwoQgdcZQ1hKicpVyRRFiWUYVNW9A-SHLzf20DLBdJlXelLx2tI8dmULKFmmKP7p7bh1Rpm3ih4b4AP1bHGGvCmtk88lz7BjoKstc7q_EQNEGEfoIiJA5trOqOcfziUM06HVhjHpIZtTMZYl&cce=2&category=acrcp_v1_32&sig=AOD64_2FxGZVhdf7oXpG1s6ZkAlrPpW1BA&adurl&q&ctype=99&nis=6, 0434 572 910,", 1/9 Massinger St, Byron Bay NSW 2481",Business Owner / Managing Director,92,High,pending,,,Plumbing & Trades,High,Personalized,,,,,,,,,,
contact@dbnplumbing.com.au,,,Dbnplumbing,/aclk?sa=L&ai=DChsSEwidwe-YtquWAxWVhmYCHWQJOnYYACICCAEQABoCc20&co=1&ase=2&gclid=EAIaIQobChMIncHvmLarlgMVlYZmAh1kCTp2EBAYASAAEgK0__D_BwE&cid=CAASuwHkaCZCCyXgCjQcmBjFpnjBP44S5p4L8eOVFuPBCAGnyApyBajH7pwM_rV1hlRGPYwIzYlYpjnEhQUaSKMCCPUp8Wu47tJTtaxwuVZhW1BOxwoQgdcZQ1hKicpVyRRFiWUYVNW9A-SHLzf20DLBdJlXelLx2tI8dmULKFmmKP7p7bh1Rpm3ih4b4AP1bHGGvCmtk88lz7BjoKstc7q_EQNEGEfoIiJA5trOqOcfziUM06HVhjHpIZtTMZYl&cce=2&category=acrcp_v1_32&sig=AOD64_2FxGZVhdf7oXpG1s6ZkAlrPpW1BA&adurl&q&ctype=99&nis=6, 0402 462 326,", 16 Bayshore Dr, Byron Bay NSW 2481",Business Owner / Managing Director,92,High,pending,,,Plumbing & Trades,High,Personalized,,,,,,,,,,
contact@jordsplumbing.com.au,,,Jordsplumbing,/aclk?sa=L&ai=DChsSEwidwe-YtquWAxWVhmYCHWQJOnYYACICCAEQABoCc20&co=1&ase=2&gclid=EAIaIQobChMIncHvmLarlgMVlYZmAh1kCTp2EBAYASAAEgK0__D_BwE&cid=CAASuwHkaCZCCyXgCjQcmBjFpnjBP44S5p4L8eOVFuPBCAGnyApyBajH7pwM_rV1hlRGPYwIzYlYpjnEhQUaSKMCCPUp8Wu47tJTtaxwuVZhW1BOxwoQgdcZQ1hKicpVyRRFiWUYVNW9A-SHLzf20DLBdJlXelLx2tI8dmULKFmmKP7p7bh1Rpm3ih4b4AP1bHGGvCmtk88lz7BjoKstc7q_EQNEGEfoIiJA5trOqOcfziUM06HVhjHpIZtTMZYl&cce=2&category=acrcp_v1_32&sig=AOD64_2FxGZVhdf7oXpG1s6ZkAlrPpW1BA&adurl&q&ctype=99&nis=6, 0413 648 081,", Unit 2/68 Shelley Dr, Byron Bay NSW 2481",Business Owner / Managing Director,92,High,pending,,,Plumbing & Trades,High,Personalized,,,,,,,,,,
contact@levelplumbingtweedheads.com.au,,,Levelplumbingtweedheads,/aclk?sa=L&ai=DChsSEwjhrI2ftquWAxX5gEsFHSc2JFYYACICCAEQABoCc2Y&co=1&ase=2&gclid=EAIaIQobChMI4ayNn7arlgMV-YBLBR0nNiRWEBAYASAAEgLwIvD_BwE&cid=CAASuwHkaAstRPcYKgdOPzrBzXJl1qwY4ic3d9-SpDik96hCtBrSfGU9XgESI9NVW0U-UscGJa8Ch4ftiTiznaZX-WPJF8O2VxnyM8G87T9ibugkoEgSEJ7xReViUe6awfoMXtRzl-xEHV8c-R1rMPx3gWUlF7_Uk5jmNRtKenrLIS355Um6Ns7yDM0teMC2kV2Na7x1DexYalUDoOZYPlIjo0JggU-qxpCkZlp-23ioPuYtoRPV5zRrEjYeb6lr&cce=2&category=acrcp_v1_32&sig=AOD64_1BV-toWoGyFXN1h08F9kZLZyT-fg&adurl&q&ctype=99&nis=6, (07) 5524 8155,", 14/23 Enterprise Ave, Tweed Heads South NSW 2486",Business Owner / Managing Director,92,High,pending,,,Plumbing & Trades,High,Personalized,,,,,,,,,,
contact@hipwellplumbingfamilyplumbertweedheadsandcoolangatta.com.au,,,Hipwellplumbingfamilyplumbertweedheadsandcoolangatta,/aclk?sa=L&ai=DChsSEwjhrI2ftquWAxX5gEsFHSc2JFYYACICCAEQABoCc2Y&co=1&ase=2&gclid=EAIaIQobChMI4ayNn7arlgMV-YBLBR0nNiRWEBAYASAAEgLwIvD_BwE&cid=CAASuwHkaAstRPcYKgdOPzrBzXJl1qwY4ic3d9-SpDik96hCtBrSfGU9XgESI9NVW0U-UscGJa8Ch4ftiTiznaZX-WPJF8O2VxnyM8G87T9ibugkoEgSEJ7xReViUe6awfoMXtRzl-xEHV8c-R1rMPx3gWUlF7_Uk5jmNRtKenrLIS355Um6Ns7yDM0teMC2kV2Na7x1DexYalUDoOZYPlIjo0JggU-qxpCkZlp-23ioPuYtoRPV5zRrEjYeb6lr&cce=2&category=acrcp_v1_32&sig=AOD64_1BV-toWoGyFXN1h08F9kZLZyT-fg&adurl&q&ctype=99&nis=6, 0413 010 331,", Terranora NSW 2486",Business Owner / Managing Director,92,High,pending,,,Plumbing & Trades,High,Personalized,,,,,,,,,,
contact@hendosgasandplumbingptyltd.com.au,,,Hendosgasandplumbingptyltd,/aclk?sa=L&ai=DChsSEwjhrI2ftquWAxX5gEsFHSc2JFYYACICCAEQABoCc2Y&co=1&ase=2&gclid=EAIaIQobChMI4ayNn7arlgMV-YBLBR0nNiRWEBAYASAAEgLwIvD_BwE&cid=CAASuwHkaAstRPcYKgdOPzrBzXJl1qwY4ic3d9-SpDik96hCtBrSfGU9XgESI9NVW0U-UscGJa8Ch4ftiTiznaZX-WPJF8O2VxnyM8G87T9ibugkoEgSEJ7xReViUe6awfoMXtRzl-xEHV8c-R1rMPx3gWUlF7_Uk5jmNRtKenrLIS355Um6Ns7yDM0teMC2kV2Na7x1DexYalUDoOZYPlIjo0JggU-qxpCkZlp-23ioPuYtoRPV5zRrEjYeb6lr&cce=2&category=acrcp_v1_32&sig=AOD64_1BV-toWoGyFXN1h08F9kZLZyT-fg&adurl&q&ctype=99&nis=6, 0433 639 578,", 27 Megan St, Tweed Heads South NSW 2486",Business Owner / Managing Director,92,High,pending,,,Plumbing & Trades,High,Personalized,,,,,,,,,,
contact@forefrontplumbing.com.au,,,Forefrontplumbing,/aclk?sa=L&ai=DChsSEwjhrI2ftquWAxX5gEsFHSc2JFYYACICCAEQABoCc2Y&co=1&ase=2&gclid=EAIaIQobChMI4ayNn7arlgMV-YBLBR0nNiRWEBAYASAAEgLwIvD_BwE&cid=CAASuwHkaAstRPcYKgdOPzrBzXJl1qwY4ic3d9-SpDik96hCtBrSfGU9XgESI9NVW0U-UscGJa8Ch4ftiTiznaZX-WPJF8O2VxnyM8G87T9ibugkoEgSEJ7xReViUe6awfoMXtRzl-xEHV8c-R1rMPx3gWUlF7_Uk5jmNRtKenrLIS355Um6Ns7yDM0teMC2kV2Na7x1DexYalUDoOZYPlIjo0JggU-qxpCkZlp-23ioPuYtoRPV5zRrEjYeb6lr&cce=2&category=acrcp_v1_32&sig=AOD64_1BV-toWoGyFXN1h08F9kZLZyT-fg&adurl&q&ctype=99&nis=6, 0432 065 448,", Unit 9/38 Machinery Dr, Tweed Heads South NSW 2486",Business Owner / Managing Director,92,High,pending,,,Plumbing & Trades,High,Personalized,,,,,,,,,,
contact@greencoastplumbing.com.au,,,Greencoastplumbing,/aclk?sa=L&ai=DChsSEwjhrI2ftquWAxX5gEsFHSc2JFYYACICCAEQABoCc2Y&co=1&ase=2&gclid=EAIaIQobChMI4ayNn7arlgMV-YBLBR0nNiRWEBAYASAAEgLwIvD_BwE&cid=CAASuwHkaAstRPcYKgdOPzrBzXJl1qwY4ic3d9-SpDik96hCtBrSfGU9XgESI9NVW0U-UscGJa8Ch4ftiTiznaZX-WPJF8O2VxnyM8G87T9ibugkoEgSEJ7xReViUe6awfoMXtRzl-xEHV8c-R1rMPx3gWUlF7_Uk5jmNRtKenrLIS355Um6Ns7yDM0teMC2kV2Na7x1DexYalUDoOZYPlIjo0JggU-qxpCkZlp-23ioPuYtoRPV5zRrEjYeb6lr&cce=2&category=acrcp_v1_32&sig=AOD64_1BV-toWoGyFXN1h08F9kZLZyT-fg&adurl&q&ctype=99&nis=6, 0402 480 844,Tweed Heads NSW Australia,Business Owner / Managing Director,92,High,pending,,,Plumbing & Trades,High,Personalized,,,,,,,,,,
contact@watermenplumbinggoldcoasttweedheadsblockeddrains.com.au,,,Watermenplumbinggoldcoasttweedheadsblockeddrains,/aclk?sa=L&ai=DChsSEwjhrI2ftquWAxX5gEsFHSc2JFYYACICCAEQABoCc2Y&co=1&ase=2&gclid=EAIaIQobChMI4ayNn7arlgMV-YBLBR0nNiRWEBAYASAAEgLwIvD_BwE&cid=CAASuwHkaAstRPcYKgdOPzrBzXJl1qwY4ic3d9-SpDik96hCtBrSfGU9XgESI9NVW0U-UscGJa8Ch4ftiTiznaZX-WPJF8O2VxnyM8G87T9ibugkoEgSEJ7xReViUe6awfoMXtRzl-xEHV8c-R1rMPx3gWUlF7_Uk5jmNRtKenrLIS355Um6Ns7yDM0teMC2kV2Na7x1DexYalUDoOZYPlIjo0JggU-qxpCkZlp-23ioPuYtoRPV5zRrEjYeb6lr&cce=2&category=acrcp_v1_32&sig=AOD64_1BV-toWoGyFXN1h08F9kZLZyT-fg&adurl&q&ctype=99&nis=6, 0488 850 292,", 79 Bimbadeen Ave, Banora Point NSW 2486",Business Owner / Managing Director,92,High,pending,,,Plumbing & Trades,High,Personalized,,,,,,,,,,
contact@truewaterplumbing.com.au,,,Truewaterplumbing,/aclk?sa=L&ai=DChsSEwjhrI2ftquWAxX5gEsFHSc2JFYYACICCAEQABoCc2Y&co=1&ase=2&gclid=EAIaIQobChMI4ayNn7arlgMV-YBLBR0nNiRWEBAYASAAEgLwIvD_BwE&cid=CAASuwHkaAstRPcYKgdOPzrBzXJl1qwY4ic3d9-SpDik96hCtBrSfGU9XgESI9NVW0U-UscGJa8Ch4ftiTiznaZX-WPJF8O2VxnyM8G87T9ibugkoEgSEJ7xReViUe6awfoMXtRzl-xEHV8c-R1rMPx3gWUlF7_Uk5jmNRtKenrLIS355Um6Ns7yDM0teMC2kV2Na7x1DexYalUDoOZYPlIjo0JggU-qxpCkZlp-23ioPuYtoRPV5zRrEjYeb6lr&cce=2&category=acrcp_v1_32&sig=AOD64_1BV-toWoGyFXN1h08F9kZLZyT-fg&adurl&q&ctype=99&nis=6, 0434 641 035,Tweed Heads NSW Australia,Business Owner / Managing Director,92,High,pending,,,Plumbing & Trades,High,Personalized,,,,,,,,,,
info@lismorecityplumbing.com.au,,,Lismorecityplumbing,http://www.lismorecityplumbing.com.au/, (02) 6621 4222,", 3A Cottee St, East Lismore NSW 2480",Business Owner / Managing Director,92,High,pending,,,Plumbing & Trades,High,Personalized,,,,,,,,,,
info@jaypeeplumbing.com.au,,,Jaypeeplumbing,https://jaypeeplumbing.com.au/?utm_source=google&utm_medium=organic&utm_campaign=gmb-listing, 0408 602 289,Ballina NSW Australia,Business Owner / Managing Director,92,High,pending,,,Plumbing & Trades,High,Personalized,,,,,,,,,,
info@gillespieplumbing.com.au,,,Gillespieplumbing,https://www.gillespieplumbing.com.au/, 0437 130 560,Grafton NSW Australia,Business Owner / Managing Director,92,High,pending,,,Plumbing & Trades,High,Personalized,,,,,,,,,,
info@danielgrayplumbing.com,,,Danielgrayplumbing Com,https://www.danielgrayplumbing.com/?utm_source=google&utm_medium=organic&utm_campaign=gmb, 0418 751 765,", 1/9 Kay St, South Murwillumbah NSW 2484",Business Owner / Managing Director,92,High,pending,,,Plumbing & Trades,High,Personalized,,,,,,,,,,
info@kingscliffplumbingservice.com.au,,,Kingscliffplumbingservice,http://www.kingscliffplumbingservice.com.au/, 0408 660 535,", 102 Marine Parade, Kingscliff NSW 2487",Business Owner / Managing Director,92,High,pending,,,Plumbing & Trades,High,Personalized,,,,,,,,,,
info@pipedreamplumbingyamba.com.au,,,Pipedreamplumbingyamba,https://www.pipedreamplumbingyamba.com.au/, 0474 895 306,Yamba NSW Australia,Business Owner / Managing Director,92,High,pending,,,Plumbing & Trades,High,Personalized,,,,,,,,,,
info@aquafix.com.au,,,Aquafix,https://www.aquafix.com.au/?utm_source=google&utm_medium=organic&utm_campaign=gmb, 0428 836 479,", 10B Loftus St, Bowral NSW 2576",Business Owner / Managing Director,92,High,pending,,,Plumbing & Trades,High,Personalized,,,,,,,,,,
info@gpsplumbing.com.au,,,Gpsplumbing,https://gpsplumbing.com.au/, 0411 662 567,Mittagong NSW Australia,Business Owner / Managing Director,92,High,pending,,,Plumbing & Trades,High,Personalized,,,,,,,,,,
info@abouttimeplumbing.com.au,,,Abouttimeplumbing,http://www.abouttimeplumbing.com.au/?utm_source=google&utm_medium=organic&utm_campaign=gmb, 0402 281 605,Moss Vale NSW Australia,Business Owner / Managing Director,92,High,pending,,,Plumbing & Trades,High,Personalized,,,,,,,,,,
info@outtaplumb.com.au,,,Outtaplumb,https://www.outtaplumb.com.au/, 0481 374 622,Queanbeyan NSW Australia,Business Owner / Managing Director,92,High,pending,,,Plumbing & Trades,High,Personalized,,,,,,,,,,
info@primeplumbingservice.com.au,,,Primeplumbingservice,http://primeplumbingservice.com.au/, 0448 689 378,", 53 Lead St, Yass NSW 2582",Business Owner / Managing Director,92,High,pending,,,Plumbing & Trades,High,Personalized,,,,,,,,,,
info@dietrichplumbing.com.au,,,Dietrichplumbing,https://www.dietrichplumbing.com.au/, 0413 139 321,", 28 Creek St, Cooma NSW 2630",Business Owner / Managing Director,92,High,pending,,,Plumbing & Trades,High,Personalized,,,,,,,,,,
info@rmplumbingjindabyne.com.au,,,Rmplumbingjindabyne,https://rmplumbingjindabyne.com.au/?utm_source=Google&utm_medium=Google+business+profile&utm_campaign=GBP, 0459 772 254,", 91 Hickory Dale Rd, Berridale NSW 2628",Business Owner / Managing Director,92,High,pending,,,Plumbing & Trades,High,Personalized,,,,,,,,,,
